text,text_clean,label
Actually I decided I was too hungry so I haven't left yet :V,actually i decided i was too hungry so i haven t left yet v,0
"This is one of the days you have a billion classes, right?",this is one of the days you have a billion classes right,0
Ok lor then we go tog lor...,ok lor then we go tog lor,0
"I can probably come by, everybody's done around  &lt;#&gt;  right?",i can probably come by everybody s done around lt gt right,0
18 days to Euro2004 kickoff! U will be kept informed of all the latest news and results daily. Unsubscribe send GET EURO STOP to 83222.,[num] days to euro [num] kickoff u will be kept informed of all the latest news and results daily unsubscribe send get euro stop to [num],1
Sorry to be a pain. Is it ok if we meet another night? I spent late afternoon in casualty and that means i haven't done any of y stuff42moro and that includes all my time sheets and that. Sorry. ,sorry to be a pain is it ok if we meet another night i spent late afternoon in casualty and that means i haven t done any of y stuff [num] moro and that includes all my time sheets and that sorry,0
What I'm saying is if you haven't explicitly told nora I know someone I'm probably just not gonna bother,what i m saying is if you haven t explicitly told nora i know someone i m probably just not gonna bother,0
Sent me de webadres for geting salary slip,sent me de webadres for geting salary slip,0
I'll probably be by tomorrow (or even later tonight if something's going on),i ll probably be by tomorrow or even later tonight if something s going on,0
Jay says that you're a double-faggot,jay says that you re a double faggot,0
YES! The only place in town to meet exciting adult singles is now in the UK. Txt CHAT to 86688 now! 150p/Msg.,yes the only place in town to meet exciting adult singles is now in the uk txt chat to [num] now [num] p msg,1
No need to buy lunch for me.. I eat maggi mee..,no need to buy lunch for me i eat maggi mee,0
Send this to ur friends and receive something about ur voice..... How is my speaking expression? 1.childish 2.naughty 3.Sentiment 4.rowdy 5.ful of attitude 6.romantic 7.shy 8.Attractive 9.funny  &lt;#&gt; .irritating  &lt;#&gt; .lovable. reply me..,send this to ur friends and receive something about ur voice how is my speaking expression [num] childish [num] naughty [num] sentiment [num] rowdy [num] ful of attitude [num] romantic [num] shy [num] attractive [num] funny lt gt irritating lt gt lovable reply me,0
Dont put your phone on silent mode ok,dont put your phone on silent mode ok,0
Do u konw waht is rael FRIENDSHIP Im gving yuo an exmpel: Jsut ese tihs msg.. Evrey splleing of tihs msg is wrnog.. Bt sitll yuo can raed it wihtuot ayn mitsake.. GOODNIGHT &amp; HAVE A NICE SLEEP..SWEET DREAMS..,do u konw waht is rael friendship im gving yuo an exmpel jsut ese tihs msg evrey splleing of tihs msg is wrnog bt sitll yuo can raed it wihtuot ayn mitsake goodnight amp have a nice sleep sweet dreams,0
Long beach lor. Expected... U having dinner now?,long beach lor expected u having dinner now,0
SplashMobile: Choose from 1000s of gr8 tones each wk! This is a subscrition service with weekly tones costing 300p. U have one credit - kick back and ENJOY,splashmobile choose from [num] s of gr [num] tones each wk this is a subscrition service with weekly tones costing [num] p u have one credit kick back and enjoy,1
Is fujitsu s series lifebook good?,is fujitsu s series lifebook good,0
"Haha good to hear, I'm officially paid and on the market for an 8th",haha good to hear i m officially paid and on the market for an [num] th,0
Wat u doing there?,wat u doing there,0
You getting back any time soon?,you getting back any time soon,0
"3 FREE TAROT TEXTS! Find out about your love life now! TRY 3 FOR FREE! Text CHANCE to 85555 16 only! After 3 Free, Msgs £1.50 each",[num] free tarot texts find out about your love life now try [num] for free text chance to [num] [num] only after [num] free msgs [num] [num] each,1
I am going to sao mu today. Will be done only at 12 ,i am going to sao mu today will be done only at [num],0
"Finally it has happened..! Aftr decades..! BEER is now cheaper than PETROL! The goverment expects us to ""DRINK"". . . But don't ""DRIVE """,finally it has happened aftr decades beer is now cheaper than petrol the goverment expects us to drink but don t drive,0
"No shit, but I wasn't that surprised, so I went and spent the evening with that french guy I met in town here and we fooled around a bit but I didn't let him fuck me",no shit but i wasn t that surprised so i went and spent the evening with that french guy i met in town here and we fooled around a bit but i didn t let him fuck me,0
Wat uniform? In where get?,wat uniform in where get,0
Well I wasn't available as I washob nobbing with last night so they had to ask Nickey Platt instead of me!;,well i wasn t available as i washob nobbing with last night so they had to ask nickey platt instead of me,0
I knew it... U slept v late yest? Wake up so late...,i knew it u slept v late yest wake up so late,0
Sat right? Okay thanks... ,sat right okay thanks,0
"I dont knw pa, i just drink milk..",i dont knw pa i just drink milk,0
Am going to take bath ill place the key in window:-),am going to take bath ill place the key in window,0
Sexy Singles are waiting for you! Text your AGE followed by your GENDER as wither M or F E.G.23F. For gay men text your AGE followed by a G. e.g.23G.,sexy singles are waiting for you text your age followed by your gender as wither m or f e g [num] f for gay men text your age followed by a g e g [num] g,1
We are supposed to meet to discuss abt our trip... Thought xuhui told you? In the afternoon. Thought we can go for lesson after that,we are supposed to meet to discuss abt our trip thought xuhui told you in the afternoon thought we can go for lesson after that,0
"K, jason says he's gonna be around so I'll be up there around  &lt;#&gt;",k jason says he s gonna be around so i ll be up there around lt gt,0
So u workin overtime nigpun?,so u workin overtime nigpun,0
Yes when is the appt again?,yes when is the appt again,0
"Awesome, be there in a minute",awesome be there in a minute,0
Why i come in between you people,why i come in between you people,0
"Wow ... I love you sooo much, you know ? I can barely stand it ! I wonder how your day goes and if you are well, my love ... I think of you and miss you",wow i love you sooo much you know i can barely stand it i wonder how your day goes and if you are well my love i think of you and miss you,0
I know a few people I can hit up and fuck to the yes,i know a few people i can hit up and fuck to the yes,0
What time you coming down later? ,what time you coming down later,0
Oh is it? Send me the address,oh is it send me the address,0
"Oh... Icic... K lor, den meet other day...",oh icic k lor den meet other day,0
… and don‘t worry we‘ll have finished by march … ish!,and don t worry we ll have finished by march ish,0
"Hello, As per request from  &lt;#&gt;  Rs.5 has been transfered to you",hello as per request from lt gt rs [num] has been transfered to you,0
"Alright if you're sure, let me know when you're leaving",alright if you re sure let me know when you re leaving,0
S.i think he is waste for rr..,s i think he is waste for rr,0
Yavnt tried yet and never played original either,yavnt tried yet and never played original either,0
"Same, I'm at my great aunts anniversary party in tarpon springs",same i m at my great aunts anniversary party in tarpon springs,0
"ou are guaranteed the latest Nokia Phone, a 40GB iPod MP3 player or a £500 prize! Txt word: COLLECT to No: 83355! IBHltd LdnW15H 150p/Mtmsgrcvd18",ou are guaranteed the latest nokia phone a [num] gb ipod mp [num] player or a [num] prize txt word collect to no [num] ibhltd ldnw [num] h [num] p mtmsgrcvd [num],1
Come to my home for one last time i wont do anything. Trust me.,come to my home for one last time i wont do anything trust me,0
So there's a ring that comes with the guys costumes. It's there so they can gift their future yowifes. Hint hint,so there s a ring that comes with the guys costumes it s there so they can gift their future yowifes hint hint,0
Life style garments account no please.,life style garments account no please,0
No. I dont want to hear anything,no i dont want to hear anything,0
K go and sleep well. Take rest:-).,k go and sleep well take rest,0
PRIVATE! Your 2004 Account Statement for 078498****7 shows 786 unredeemed Bonus Points. To claim call 08719180219 Identifier Code: 45239 Expires 06.05.05,private your [num] account statement for [num] [num] shows [num] unredeemed bonus points to claim call [num] identifier code [num] expires [num] [num] [num],1
PRIVATE! Your 2003 Account Statement for shows 800 un-redeemed S.I.M. points. Call 08715203685 Identifier Code:4xx26 Expires 13/10/04,private your [num] account statement for shows [num] un redeemed s i m points call [num] identifier code [num] xx [num] expires [num] [num] [num],1
"Indians r poor but India is not a poor country. Says one of the swiss bank directors. He says that "" &lt;#&gt;  lac crore"" of Indian money is deposited in swiss banks which can be used for 'taxless' budget for  &lt;#&gt;  yrs. Can give  &lt;#&gt;  crore jobs to all Indians. From any village to Delhi 4 lane roads. Forever free power suply to more than  &lt;#&gt;  social projects. Every citizen can get monthly  &lt;#&gt; /- for  &lt;#&gt;  yrs. No need of World Bank &amp; IMF loan. Think how our money is blocked by rich politicians. We have full rights against corrupt politicians. Itna forward karo ki pura INDIA padhe.g.m.""",indians r poor but india is not a poor country says one of the swiss bank directors he says that lt gt lac crore of indian money is deposited in swiss banks which can be used for taxless budget for lt gt yrs can give lt gt crore jobs to all indians from any village to delhi [num] lane roads forever free power suply to more than lt gt social projects every citizen can get monthly lt gt for lt gt yrs no need of world bank amp imf loan think how our money is blocked by rich politicians we have full rights against corrupt politicians itna forward karo ki pura india padhe g m,0
Check audrey's status right now,check audrey s status right now,0
Thanx 4 sending me home...,thanx [num] sending me home,0
"Goal! Arsenal 4 (Henry, 7 v Liverpool 2 Henry scores with a simple shot from 6 yards from a pass by Bergkamp to give Arsenal a 2 goal margin after 78 mins.",goal arsenal [num] henry [num] v liverpool [num] henry scores with a simple shot from [num] yards from a pass by bergkamp to give arsenal a [num] goal margin after [num] mins,1
Do ü all wan 2 meet up n combine all the parts? How's da rest of da project going?,do all wan [num] meet up n combine all the parts how s da rest of da project going,0
I wont do anything de.,i wont do anything de,0
Thinkin about someone is all good. No drugs for that,thinkin about someone is all good no drugs for that,0
URGENT! We are trying to contact U. Todays draw shows that you have won a £2000 prize GUARANTEED. Call 09058094507 from land line. Claim 3030. Valid 12hrs only,urgent we are trying to contact u todays draw shows that you have won a [num] prize guaranteed call [num] from land line claim [num] valid [num] hrs only,1
"URGENT! Your Mobile No 07808726822 was awarded a £2,000 Bonus Caller Prize on 02/09/03! This is our 2nd attempt to contact YOU! Call 0871-872-9758 BOX95QU",urgent your mobile no [num] was awarded a [num] [num] bonus caller prize on [num] [num] [num] this is our [num] nd attempt to contact you call [num] [num] [num] box [num] qu,1
Hello madam how are you ?,hello madam how are you,0
"I jus hope its true that  missin me cos i'm really missin him! You haven't done anything to feel guilty about, yet.",i jus hope its true that missin me cos i m really missin him you haven t done anything to feel guilty about yet,0
"Gud gud..k, chikku tke care.. sleep well gud nyt",gud gud k chikku tke care sleep well gud nyt,0
Are you at work right now ?,are you at work right now,0
Ah you see. You have to be in the lingo. I will let you know wot on earth it is when has finished making it!,ah you see you have to be in the lingo i will let you know wot on earth it is when has finished making it,0
Macha dont feel upset.i can assume your mindset.believe me one evening with me and i have some wonderful plans for both of us.LET LIFE BEGIN AGAIN.call me anytime,macha dont feel upset i can assume your mindset believe me one evening with me and i have some wonderful plans for both of us let life begin again call me anytime,0
FREE camera phones with linerental from 4.49/month with 750 cross ntwk mins. 1/2 price txt bundle deals also avble. Call 08001950382 or call2optout/J MF,free camera phones with linerental from [num] [num] month with [num] cross ntwk mins [num] [num] price txt bundle deals also avble call [num] or call [num] optout j mf,1
At home also.,at home also,0
Oh just getting even with u.... u?,oh just getting even with u u,0
S da..al r above  &lt;#&gt;,s da al r above lt gt,0
"God picked up a flower and dippeditinaDEW, lovingly touched itwhichturnedinto u, and the he gifted tomeandsaid,THIS FRIEND IS 4U",god picked up a flower and dippeditinadew lovingly touched itwhichturnedinto u and the he gifted tomeandsaid this friend is [num] u,0
2marrow only. Wed at  &lt;#&gt;  to 2 aha.,[num] marrow only wed at lt gt to [num] aha,0
"To the wonderful Okors, have a great month. We cherish you guys and wish you well each day. MojiBiola",to the wonderful okors have a great month we cherish you guys and wish you well each day mojibiola,0
Yes..he is really great..bhaji told kallis best cricketer after sachin in world:).very tough to get out.,yes he is really great bhaji told kallis best cricketer after sachin in world very tough to get out,0
Oooh bed ridden ey? What are YOU thinking of?,oooh bed ridden ey what are you thinking of,0
"Yeah there's quite a bit left, I'll swing by tomorrow when I get up",yeah there s quite a bit left i ll swing by tomorrow when i get up,0
"Sorry da thangam, very very sorry i am held up with prasad.",sorry da thangam very very sorry i am held up with prasad,0
Nope but i'm going home now then go pump petrol lor... Like going 2 rain soon...,nope but i m going home now then go pump petrol lor like going [num] rain soon,0
I can ask around but there's not a lot in terms of mids up here,i can ask around but there s not a lot in terms of mids up here,0
"Sorry, I guess whenever I can get a hold of my connections, maybe an hour or two? I'll text you",sorry i guess whenever i can get a hold of my connections maybe an hour or two i ll text you,0
Can... I'm free...,can i m free,0
Im done. Just studyn in library,im done just studyn in library,0
Ok cool. See ya then.,ok cool see ya then,0
"Hiya, sorry didn't hav signal. I haven't seen or heard from and neither has, which is unusual in itself! I'll put on the case and get him to sort it out! Hugs and snogs.",hiya sorry didn t hav signal i haven t seen or heard from and neither has which is unusual in itself i ll put on the case and get him to sort it out hugs and snogs,0
Po de :-):):-):-):-). No need job aha.,po de no need job aha,0
Hmm...my uncle just informed me that he's paying the school directly. So pls buy food.,hmm my uncle just informed me that he s paying the school directly so pls buy food,0
Hey. You got any mail?,hey you got any mail,0
"Oh really? perform, write a paper, go to a movie AND be home by midnight, huh?",oh really perform write a paper go to a movie and be home by midnight huh,0
I only work from mon to thurs but Sat i cant leh... Booked liao... Which other day u free?,i only work from mon to thurs but sat i cant leh booked liao which other day u free,0
"Life is nothing wen v get everything. But ""life is everything wen v miss something "". Real value of people wil be realized only in their absence.... gud mrng",life is nothing wen v get everything but life is everything wen v miss something real value of people wil be realized only in their absence gud mrng,0
We took hooch for a walk toaday and i fell over! Splat! Grazed my knees and everything! Should have stayed at home! See you tomorrow! ,we took hooch for a walk toaday and i fell over splat grazed my knees and everything should have stayed at home see you tomorrow,0
Get a brand new mobile phone by being an agent of The Mob! Plus loads more goodies! For more info just text MAT to 87021.,get a brand new mobile phone by being an agent of the mob plus loads more goodies for more info just text mat to [num],1
Do you want a new video handset? 750 anytime any network mins? Half Price Line Rental? Camcorder? Reply or call 08000930705 for delivery tomorrow,do you want a new video handset [num] anytime any network mins half price line rental camcorder reply or call [num] for delivery tomorrow,1
"Excellent, I'll see what riley's plans are",excellent i ll see what riley s plans are,0
Ok...,ok,0
"I am real, baby! I want to bring out your inner tigress...",i am real baby i want to bring out your inner tigress,0
No problem baby. Is this is a good time to talk? I called and left a message.,no problem baby is this is a good time to talk i called and left a message,0
Never blame a day in ur life. Good days give u happiness. Bad days give u experience. Both are essential in life! All are Gods blessings! good morning.:,never blame a day in ur life good days give u happiness bad days give u experience both are essential in life all are gods blessings good morning,0
Haha... Really oh no... How? Then will they deduct your lesson tmr?,haha really oh no how then will they deduct your lesson tmr,0
Call me when you get the chance plz &lt;3,call me when you get the chance plz lt [num],0
Alrite jod hows the revision goin? Keris bin doin a smidgin. N e way u wanna cum over after college?xx,alrite jod hows the revision goin keris bin doin a smidgin n e way u wanna cum over after college xx,0
Omg Joanna is freaking me out. She's looked thru all my friends to find photos of me. And then she's asking about stuff on my MySpace which I haven't even logged on in like a year. :/,omg joanna is freaking me out she s looked thru all my friends to find photos of me and then she s asking about stuff on my myspace which i haven t even logged on in like a year,0
So when do you wanna gym harri,so when do you wanna gym harri,0
I'm good. Have you registered to vote?,i m good have you registered to vote,0
Aight should I just plan to come up later tonight?,aight should i just plan to come up later tonight,0
Spoons it is then okay?,spoons it is then okay,0
haha but no money leh... Later got to go for tuition... Haha and looking for empty slots for driving lessons,haha but no money leh later got to go for tuition haha and looking for empty slots for driving lessons,0
"Hiya, probably coming home * weekend after next",hiya probably coming home weekend after next,0
Can you let me know details of fri when u find out cos I'm not in tom or fri. mentionned chinese. Thanks,can you let me know details of fri when u find out cos i m not in tom or fri mentionned chinese thanks,0
"XXXMobileMovieClub: To use your credit, click the WAP link in the next txt message or click here>> http://wap. xxxmobilemovieclub.com?n=QJKGIGHJJGCBL",xxxmobilemovieclub to use your credit click the wap link in the next txt message or click here [url] xxxmobilemovieclub com n qjkgighjjgcbl,1
"Ur balance is now £600. Next question: Complete the landmark, Big, A. Bob, B. Barry or C. Ben ?. Text A, B or C to 83738. Good luck!",ur balance is now [num] next question complete the landmark big a bob b barry or c ben text a b or c to [num] good luck,1
"That's fine, I'll bitch at you about it later then",that s fine i ll bitch at you about it later then,0
K I'll be sure to get up before noon and see what's what,k i ll be sure to get up before noon and see what s what,0
yay! finally lol. i missed our cinema trip last week :-(,yay finally lol i missed our cinema trip last week,0
Hey u still at the gym?,hey u still at the gym,0
Nope i waiting in sch 4 daddy... ,nope i waiting in sch [num] daddy,0
S.s:)i thinl role is like sachin.just standing. Others have to hit.,s s i thinl role is like sachin just standing others have to hit,0
"Fighting with the world is easy, u either win or lose bt fightng with some1 who is close to u is dificult if u lose - u lose if u win - u still lose.",fighting with the world is easy u either win or lose bt fightng with some [num] who is close to u is dificult if u lose u lose if u win u still lose,0
You should get more chicken broth if you want ramen unless there's some I don't know about,you should get more chicken broth if you want ramen unless there s some i don t know about,0
MAYBE IF YOU WOKE UP BEFORE FUCKING 3 THIS WOULDN'T BE A PROBLEM.,maybe if you woke up before fucking [num] this wouldn t be a problem,0
Where is that one day training:-),where is that one day training,0
Let me know how to contact you. I've you settled in a room. Lets know you are ok.,let me know how to contact you i ve you settled in a room lets know you are ok,0
yeah sure thing mate haunt got all my stuff sorted but im going sound anyway promoting hex for .by the way who is this? dont know number. Joke,yeah sure thing mate haunt got all my stuff sorted but im going sound anyway promoting hex for by the way who is this dont know number joke,0
I am getting threats from your sales executive Shifad as i raised complaint against him. Its an official message.,i am getting threats from your sales executive shifad as i raised complaint against him its an official message,0
That's y u haf 2 keep me busy...,that s y u haf [num] keep me busy,0
Got it. Seventeen pounds for seven hundred ml – hope ok.,got it seventeen pounds for seven hundred ml hope ok,0
Think I could stop by in like an hour or so? My roommate's looking to stock up for a trip,think i could stop by in like an hour or so my roommate s looking to stock up for a trip,0
make that 3! 4 fucks sake?! x,make that [num] [num] fucks sake x,0
C movie is juz last minute decision mah. Juz watch 2 lar but i tot ü not interested.,c movie is juz last minute decision mah juz watch [num] lar but i tot not interested,0
Pls she needs to dat slowly or she will vomit more.,pls she needs to dat slowly or she will vomit more,0
Not yet. Just i'd like to keep in touch and it will be the easiest way to do that from barcelona. By the way how ru and how is the house?,not yet just i d like to keep in touch and it will be the easiest way to do that from barcelona by the way how ru and how is the house,0
i am seeking a lady in the street and a freak in the sheets. Is that you?,i am seeking a lady in the street and a freak in the sheets is that you,0
"Sorry, I can't help you on this.",sorry i can t help you on this,0
Aww that's the first time u said u missed me without asking if I missed u first. You DO love me! :),aww that s the first time u said u missed me without asking if i missed u first you do love me,0
"Dear,shall mail tonite.busy in the street,shall update you tonite.things are looking ok.varunnathu edukkukayee raksha ollu.but a good one in real sense.",dear shall mail tonite busy in the street shall update you tonite things are looking ok varunnathu edukkukayee raksha ollu but a good one in real sense,0
"44 7732584351, Do you want a New Nokia 3510i colour phone DeliveredTomorrow? With 300 free minutes to any mobile + 100 free texts + Free Camcorder reply or call 08000930705.",[num] [num] do you want a new nokia [num] i colour phone deliveredtomorrow with [num] free minutes to any mobile [num] free texts free camcorder reply or call [num],1
I am great princess! What are you thinking about me? :),i am great princess what are you thinking about me,0
"We know someone who you know that fancies you. Call 09058097218 to find out who. POBox 6, LS15HB 150p",we know someone who you know that fancies you call [num] to find out who pobox [num] ls [num] hb [num] p,1
Just re read it and I have no shame but tell me how he takes it and if he runs I will blame u 4 ever!! Not really 4 ever just a long time ,just re read it and i have no shame but tell me how he takes it and if he runs i will blame u [num] ever not really [num] ever just a long time,0
"Ooh, 4got, i'm gonna start belly dancing in moseley weds 6.30 if u want 2 join me, they have a cafe too. ",ooh [num] got i m gonna start belly dancing in moseley weds [num] [num] if u want [num] join me they have a cafe too,0
NONE!NOWHERE IKNO DOESDISCOUNT!SHITINNIT,none nowhere ikno doesdiscount shitinnit,0
"Nothing. I meant that once the money enters your account here, the bank will remove its flat rate. Someone transfered  &lt;#&gt;  to my account and  &lt;#&gt; dollars got removed. So the banks differ and charges also differ.be sure you trust the 9ja person you are sending account details to cos...",nothing i meant that once the money enters your account here the bank will remove its flat rate someone transfered lt gt to my account and lt gt dollars got removed so the banks differ and charges also differ be sure you trust the [num] ja person you are sending account details to cos,0
"Download as many ringtones as u like no restrictions, 1000s 2 choose. U can even send 2 yr buddys. Txt Sir to 80082 £3 ",download as many ringtones as u like no restrictions [num] s [num] choose u can even send [num] yr buddys txt sir to [num] [num],1
"Hello, my love! How goes that day ? I wish your well and fine babe and hope that you find some job prospects. I miss you, boytoy ... *a teasing kiss*",hello my love how goes that day i wish your well and fine babe and hope that you find some job prospects i miss you boytoy a teasing kiss,0
U 447801259231 have a secret admirer who is looking 2 make contact with U-find out who they R*reveal who thinks UR so special-call on 09058094597,u [num] have a secret admirer who is looking [num] make contact with u find out who they r reveal who thinks ur so special call on [num],1
Just woke up. Yeesh its late. But I didn't fall asleep til &lt;#&gt; am :/,just woke up yeesh its late but i didn t fall asleep til lt gt am,0
Ok lar i double check wif da hair dresser already he said wun cut v short. He said will cut until i look nice.,ok lar i double check wif da hair dresser already he said wun cut v short he said will cut until i look nice,0
My superior telling that friday is leave for all other department except ours:)so it will be leave for you:)any way call waheed fathima hr and conform it:),my superior telling that friday is leave for all other department except ours so it will be leave for you any way call waheed fathima hr and conform it,0
"I know where the  &lt;#&gt;  is, I'll be there around 5",i know where the lt gt is i ll be there around [num],0
Allo! We have braved the buses and taken on the trains and triumphed. I mean we‘re in b‘ham. Have a jolly good rest of week,allo we have braved the buses and taken on the trains and triumphed i mean we re in b ham have a jolly good rest of week,0
Dunno i juz askin cos i got a card got 20% off 4 a salon called hair sense so i tot it's da one ü cut ur hair. ,dunno i juz askin cos i got a card got [num] off [num] a salon called hair sense so i tot it s da one cut ur hair,0
"Lemme know when I can swing by and pick up, I'm free basically any time after 1 all this semester",lemme know when i can swing by and pick up i m free basically any time after [num] all this semester,0
Eat jap done oso aft ur lect wat... Ü got lect at 12 rite... ,eat jap done oso aft ur lect wat got lect at [num] rite,0
You know there is. I shall speak to you in  &lt;#&gt;  minutes then,you know there is i shall speak to you in lt gt minutes then,0
You have won a guaranteed £200 award or even £1000 cashto claim UR award call free on 08000407165 (18+) 2 stop getstop on 88222 PHP. RG21 4JX,you have won a guaranteed [num] award or even [num] cashto claim ur award call free on [num] [num] [num] stop getstop on [num] php rg [num] [num] jx,1
Genius what's up. How your brother. Pls send his number to my skype.,genius what s up how your brother pls send his number to my skype,0
Hai priya are you right. What doctor said pa. Where are you.,hai priya are you right what doctor said pa where are you,0
"Hey ! I want you ! I crave you ! I miss you ! I need you ! I love you, Ahmad Saeed al Hallaq ...",hey i want you i crave you i miss you i need you i love you ahmad saeed al hallaq,0
Gain the rights of a wife.dont demand it.i am trying as husband too.Lets see,gain the rights of a wife dont demand it i am trying as husband too lets see,0
Dear U've been invited to XCHAT. This is our final attempt to contact u! Txt CHAT to 86688,dear u ve been invited to xchat this is our final attempt to contact u txt chat to [num],1
"URGENT. Important information for 02 user. Today is your lucky day! 2 find out why , log onto http://www.urawinner.com there is a fantastic surprise awaiting you !",urgent important information for [num] user today is your lucky day [num] find out why log onto [url] there is a fantastic surprise awaiting you,1
Where are you ? What do you do ? How can you stand to be away from me ? Doesn't your heart ache without me ? Don't you wonder of me ? Don't you crave me ?,where are you what do you do how can you stand to be away from me doesn t your heart ache without me don t you wonder of me don t you crave me,0
What time do u get out?,what time do u get out,0
Mm i had my food da from out,mm i had my food da from out,0
Hmm...Bad news...Hype park plaza $700 studio taken...Only left 2 bedrm-$900...,hmm bad news hype park plaza [num] studio taken only left [num] bedrm [num],0
Double your mins & txts on Orange or 1/2 price linerental - Motorola and SonyEricsson with B/Tooth FREE-Nokia FREE Call MobileUpd8 on 08000839402 or2optout/HV9D,double your mins txts on orange or [num] [num] price linerental motorola and sonyericsson with b tooth free nokia free call mobileupd [num] on [num] or [num] optout hv [num] d,1
Lmao. Take a pic and send it to me.,lmao take a pic and send it to me,0
Happy birthday... May u find ur prince charming soon n dun work too hard...,happy birthday may u find ur prince charming soon n dun work too hard,0
Do u hav any frnd by name ashwini in ur college?,do u hav any frnd by name ashwini in ur college,0
The wine is flowing and i'm i have nevering..,the wine is flowing and i m i have nevering,0
Ü thk of wat to eat tonight.,thk of wat to eat tonight,0
No message..no responce..what happend?,no message no responce what happend,0
", ow u dey.i paid 60,400thousad.i told  u would call . ",ow u dey i paid [num] [num] thousad i told u would call,0
"I'd say that's a good sign but, well, you know my track record at reading women",i d say that s a good sign but well you know my track record at reading women,0
I am thinking of going down to reg for pract lessons.. Flung my advance.. Haha wat time u going?,i am thinking of going down to reg for pract lessons flung my advance haha wat time u going,0
U know we watchin at lido?,u know we watchin at lido,0
"Nt only for driving even for many reasons she is called BBD..thts it chikku, then hw abt dvg cold..heard tht vinobanagar violence hw is the condition..and hw ru ? Any problem?",nt only for driving even for many reasons she is called bbd thts it chikku then hw abt dvg cold heard tht vinobanagar violence hw is the condition and hw ru any problem,0
Ahhh. Work. I vaguely remember that! What does it feel like? Lol,ahhh work i vaguely remember that what does it feel like lol,0
Yes we are chatting too.,yes we are chatting too,0
Ay wana meet on sat?ü wkg on sat?,ay wana meet on sat wkg on sat,0
Mark works tomorrow. He gets out at 5. His work is by your house so he can meet u afterwards.,mark works tomorrow he gets out at [num] his work is by your house so he can meet u afterwards,0
"Nah, I'm a perpetual DD",nah i m a perpetual dd,0
What not under standing.,what not under standing,0
URGENT! We are trying to contact U. Todays draw shows that you have won a £2000 prize GUARANTEED. Call 09066358361 from land line. Claim Y87. Valid 12hrs only,urgent we are trying to contact u todays draw shows that you have won a [num] prize guaranteed call [num] from land line claim y [num] valid [num] hrs only,1
I love you. You set my soul on fire. It is not just a spark. But it is a flame. A big rawring flame. XoXo,i love you you set my soul on fire it is not just a spark but it is a flame a big rawring flame xoxo,0
Ok then i will come to ur home after half an hour,ok then i will come to ur home after half an hour,0
Sending you greetings of joy and happiness. Do have a gr8 evening,sending you greetings of joy and happiness do have a gr [num] evening,0
Dorothy@kiefer.com (Bank of Granite issues Strong-Buy) EXPLOSIVE PICK FOR OUR MEMBERS *****UP OVER 300% *********** Nasdaq Symbol CDGT That is a $5.00 per..,[email] bank of granite issues strong buy explosive pick for our members up over [num] nasdaq symbol cdgt that is a [num] [num] per,1
Discussed with your mother ah?,discussed with your mother ah,0
You still coming tonight?,you still coming tonight,0
"Lol, oh you got a friend for the dog ?",lol oh you got a friend for the dog,0
(Bank of Granite issues Strong-Buy) EXPLOSIVE PICK FOR OUR MEMBERS *****UP OVER 300% *********** Nasdaq Symbol CDGT That is a $5.00 per..,bank of granite issues strong buy explosive pick for our members up over [num] nasdaq symbol cdgt that is a [num] [num] per,1
I wil be there with in  &lt;#&gt;  minutes. Got any space,i wil be there with in lt gt minutes got any space,0
Oh ok.. Wat's ur email?,oh ok wat s ur email,0
How come she can get it? Should b quite diff to guess rite...,how come she can get it should b quite diff to guess rite,0
Ok then no need to tell me anything i am going to sleep good night,ok then no need to tell me anything i am going to sleep good night,0
Babe ? I lost you ... :-(,babe i lost you,0
"Nothing, i got msg frm tht unknown no..",nothing i got msg frm tht unknown no,0
"Hi, wkend ok but journey terrible. Wk not good as have huge back log of marking to do",hi wkend ok but journey terrible wk not good as have huge back log of marking to do,0
PRIVATE! Your 2003 Account Statement for 07808 XXXXXX shows 800 un-redeemed S. I. M. points. Call 08719899217 Identifier Code: 41685 Expires 07/11/04,private your [num] account statement for [num] xxxxxx shows [num] un redeemed s i m points call [num] identifier code [num] expires [num] [num] [num],1
Eek that's a lot of time especially since American Pie is like 8 minutes long. I can't stop singing it.,eek that s a lot of time especially since american pie is like [num] minutes long i can t stop singing it,0
Gd luck 4 ur exams :-),gd luck [num] ur exams,0
Hey i booked the kb on sat already... what other lessons are we going for ah? Keep your sat night free we need to meet and confirm our lodging ,hey i booked the kb on sat already what other lessons are we going for ah keep your sat night free we need to meet and confirm our lodging,0
Long time. You remember me today.,long time you remember me today,0
"Superb Thought- ""Be grateful that u dont have everything u want. That means u still have an opportunity to be happier tomorrow than u are today."":-)",superb thought be grateful that u dont have everything u want that means u still have an opportunity to be happier tomorrow than u are today,0
Hi kindly give us back our documents which we submitted for loan from STAPATI,hi kindly give us back our documents which we submitted for loan from stapati,0
Yes. that will be fine. Love you. Be safe.,yes that will be fine love you be safe,0
"Honey ? Sweetheart ? Darling ? Sexy buns ? Sugar plum ? Loverboy ? I miss you, boytoy ... *smacks your ass* Did you go to the gym too ?",honey sweetheart darling sexy buns sugar plum loverboy i miss you boytoy smacks your ass did you go to the gym too,0
Then why you came to hostel.,then why you came to hostel,0
Are u coming to the funeral home,are u coming to the funeral home,0
"I got like $ &lt;#&gt; , I can get some more later though. Get whatever you feel like",i got like lt gt i can get some more later though get whatever you feel like,0
Shall i send that exe to your mail id.,shall i send that exe to your mail id,0
"He has lots of used ones babe, but the model doesn't help. Youi have to bring it over and he'll match it up",he has lots of used ones babe but the model doesn t help youi have to bring it over and he ll match it up,0
Its normally hot mail. Com you see!,its normally hot mail com you see,0
Erm. I thought the contract ran out the4th of october.,erm i thought the contract ran out the [num] th of october,0
He fucking chickened out. He messaged me he would be late and woould buzz me and then I didn't hear a word from him,he fucking chickened out he messaged me he would be late and woould buzz me and then i didn t hear a word from him,0
Ok lor.,ok lor,0
I wait 4 ü inside da car park...,i wait [num] inside da car park,0
Update your face book status frequently :),update your face book status frequently,0
Hi.:)technical support.providing assistance to us customer through call and email:),hi technical support providing assistance to us customer through call and email,0
Yes:)from last week itself i'm taking live call.,yes from last week itself i m taking live call,0
I'm not. She lip synced with shangela.,i m not she lip synced with shangela,0
Ugh my leg hurts. Musta overdid it on mon.,ugh my leg hurts musta overdid it on mon,0
Ill be at yours in about 3 mins but look out for me,ill be at yours in about [num] mins but look out for me,0
Great. So should i send you my account number.,great so should i send you my account number,0
"Ok that would b lovely, if u r sure. Think about wot u want to do, drinkin, dancin, eatin, cinema, in, out, about... Up to u! Wot about ? ",ok that would b lovely if u r sure think about wot u want to do drinkin dancin eatin cinema in out about up to u wot about,0
The whole car appreciated the last two! Dad and are having a map reading semi argument but apart from that things are going ok. P.,the whole car appreciated the last two dad and are having a map reading semi argument but apart from that things are going ok p,0
"Trust me. Even if isn't there, its there.",trust me even if isn t there its there,0
"2 celebrate my bday, y else?",[num] celebrate my b day y else,0
"Ask g or iouri, I've told the story like ten times already",ask g or iouri i ve told the story like ten times already,0
"I can make it up there, squeezed  &lt;#&gt;  bucks out of my dad",i can make it up there squeezed lt gt bucks out of my dad,0
Hey sexy buns! What of that day? No word from you this morning on YM ... :-( ... I think of you,hey sexy buns what of that day no word from you this morning on ym i think of you,0
In xam hall boy asked girl Tell me the starting term for dis answer I can den manage on my own After lot of hesitation n lookin around silently she said THE! intha ponnungale ipaditan;),in xam hall boy asked girl tell me the starting term for dis answer i can den manage on my own after lot of hesitation n lookin around silently she said the intha ponnungale ipaditan,0
Shall i start from hear.,shall i start from hear,0
Why you keeping me away like this,why you keeping me away like this,0
Its a valentine game. . . Send dis msg to all ur friends. .. If 5 answers r d same then someone really loves u. Ques- which colour suits me the best?rply me,its a valentine game send dis msg to all ur friends if [num] answers r d same then someone really loves u ques which colour suits me the best rply me,0
Its a great day. Do have yourself a beautiful one.,its a great day do have yourself a beautiful one,0
"You are being contacted by our Dating Service by someone you know! To find out who it is, call from your mobile or landline 09064017305 PoBox75LDNS7 ",you are being contacted by our dating service by someone you know to find out who it is call from your mobile or landline [num] pobox [num] ldns [num],1
I don't run away frm u... I walk slowly &amp; it kills me that u don't care enough to stop me...,i don t run away frm u i walk slowly amp it kills me that u don t care enough to stop me,0
Your gonna have to pick up a $1 burger for yourself on your way home. I can't even move. Pain is killing me.,your gonna have to pick up a [num] burger for yourself on your way home i can t even move pain is killing me,0
Have you got Xmas radio times. If not i will get it now,have you got xmas radio times if not i will get it now,0
Lemme know when you're here,lemme know when you re here,0
You have 1 new voicemail. Please call 08719181503,you have [num] new voicemail please call [num],1
Sorry! U can not unsubscribe yet. THE MOB offer package has a min term of 54 weeks> pls resubmit request after expiry. Reply THEMOB HELP 4 more info,sorry u can not unsubscribe yet the mob offer package has a min term of [num] weeks pls resubmit request after expiry reply themob help [num] more info,1
I donno if they are scorable,i donno if they are scorable,0
Thank You meet you monday,thank you meet you monday,0
"Yo, the game almost over? Want to go to walmart soon",yo the game almost over want to go to walmart soon,0
Mm so you asked me not to call radio,mm so you asked me not to call radio,0
Babe ! What are you doing ? Where are you ? Who are you talking to ? Do you think of me ? Are you being a good boy? Are you missing me? Do you love me ?,babe what are you doing where are you who are you talking to do you think of me are you being a good boy are you missing me do you love me,0
Boo I'm on my way to my moms. She's making tortilla soup. Yummmm,boo i m on my way to my moms she s making tortilla soup yummmm,0
Yesterday its with me only . Now am going home.,yesterday its with me only now am going home,0
Beauty sleep can help ur pimples too.,beauty sleep can help ur pimples too,0
"TheMob> Check out our newest selection of content, Games, Tones, Gossip, babes and sport, Keep your mobile fit and funky text WAP to 82468",themob check out our newest selection of content games tones gossip babes and sport keep your mobile fit and funky text wap to [num],1
I'm in office now da:)where are you?,i m in office now da where are you,0
I love u 2 babe! R u sure everything is alrite. Is he being an idiot? Txt bak girlie,i love u [num] babe r u sure everything is alrite is he being an idiot txt bak girlie,0
Dunno lei he neva say...,dunno lei he neva say,0
"I've got  &lt;#&gt; , any way I could pick up?",i ve got lt gt any way i could pick up,0
"I dun thk i'll quit yet... Hmmm, can go jazz ? Yogasana oso can... We can go meet em after our lessons den... ",i dun thk i ll quit yet hmmm can go jazz yogasana oso can we can go meet em after our lessons den,0
No she didnt. I will search online and let you know.,no she didnt i will search online and let you know,0
CALL 09090900040 & LISTEN TO EXTREME DIRTY LIVE CHAT GOING ON IN THE OFFICE RIGHT NOW TOTAL PRIVACY NO ONE KNOWS YOUR [sic] LISTENING 60P MIN 24/7MP 0870753331018+,call [num] listen to extreme dirty live chat going on in the office right now total privacy no one knows your [sic] listening [num] p min [num] [num] mp [num],1
"Good afternoon sunshine! How dawns that day ? Are we refreshed and happy to be alive? Do we breathe in the air and smile ? I think of you, my love ... As always",good afternoon sunshine how dawns that day are we refreshed and happy to be alive do we breathe in the air and smile i think of you my love as always,0
Pls send me the correct name da.,pls send me the correct name da,0
Ok no prob... I'll come after lunch then...,ok no prob i ll come after lunch then,0
Ha... Both of us doing e same thing. But i got tv 2 watch. U can thk of where 2 go tonight or u already haf smth in mind...,ha both of us doing e same thing but i got tv [num] watch u can thk of where [num] go tonight or u already haf smth in mind,0
"As I entered my cabin my PA said, '' Happy B'day Boss !!''. I felt special. She askd me 4 lunch. After lunch she invited me to her apartment. We went there.",as i entered my cabin my pa said happy b day boss i felt special she askd me [num] lunch after lunch she invited me to her apartment we went there,0
am up to my eyes in philosophy,am up to my eyes in philosophy,0
Pls give her the food preferably pap very slowly with loads of sugar. You can take up to an hour to give it. And then some water. Very very slowly.,pls give her the food preferably pap very slowly with loads of sugar you can take up to an hour to give it and then some water very very slowly,0
Check mail.i have mailed varma and kept copy to you regarding membership.take care.insha allah.,check mail i have mailed varma and kept copy to you regarding membership take care insha allah,0
Thanks chikku..:-) gud nyt:-*,thanks chikku gud nyt,0
Our Prasanth ettans mother passed away last night. Just pray for her and family.,our prasanth ettans mother passed away last night just pray for her and family,0
Of course. I guess god's just got me on hold right now.,of course i guess god s just got me on hold right now,0
Aiyo cos i sms ü then ü neva reply so i wait 4 ü to reply lar. I tot ü havent finish ur lab wat.,aiyo cos i sms then neva reply so i wait [num] to reply lar i tot havent finish ur lab wat,0
"Tunji, how's the queen? how are you doing. This is just wishing you a great day. Abiola.",tunji how s the queen how are you doing this is just wishing you a great day abiola,0
Same to u...,same to u,0
Senthil group company Apnt 5pm.,senthil group company apnt [num] pm,0
Dont know supports ass and srt i thnk. I think ps3 can play through usb too,dont know supports ass and srt i thnk i think ps [num] can play through usb too,0
"My planning usually stops at ""find hella weed, smoke hella weed""",my planning usually stops at find hella weed smoke hella weed,0
K k :-):-) then watch some films.,k k then watch some films,0
10 min later k...,[num] min later k,0
I got lousy sleep. I kept waking up every 2 hours to see if my cat wanted to come in. I worry about him when its cold :(,i got lousy sleep i kept waking up every [num] hours to see if my cat wanted to come in i worry about him when its cold,0
"Hmmm... Guess we can go 4 kb n power yoga... Haha, dunno we can tahan power yoga anot... Thk got lo oso, forgot liao...",hmmm guess we can go [num] kb n power yoga haha dunno we can tahan power yoga anot thk got lo oso forgot liao,0
"I know you are thinkin malaria. But relax, children cant handle malaria. She would have been worse and its gastroenteritis. If she takes enough to replace her loss her temp will reduce. And if you give her malaria meds now she will just vomit. Its a self limiting illness she has which means in a few days it will completely stop",i know you are thinkin malaria but relax children cant handle malaria she would have been worse and its gastroenteritis if she takes enough to replace her loss her temp will reduce and if you give her malaria meds now she will just vomit its a self limiting illness she has which means in a few days it will completely stop,0
"alright, I'll make sure the car is back tonight",alright i ll make sure the car is back tonight,0
"Aight text me when you're back at mu and I'll swing by, need somebody to get the door for me",aight text me when you re back at mu and i ll swing by need somebody to get the door for me,0
Can a not?,can a not,0
Do you mind if I ask what happened? You dont have to say if it is uncomfortable.,do you mind if i ask what happened you dont have to say if it is uncomfortable,0
Oops my phone died and I didn't even know. Yeah I like it better.,oops my phone died and i didn t even know yeah i like it better,0
"Come around  &lt;DECIMAL&gt; pm vikky..i'm otside nw, il come by tht time",come around lt decimal gt pm vikky i m otside nw il come by tht time,0
Your board is working fine. The issue of overheating is also reslove. But still software inst is pending. I will come around 8'o clock.,your board is working fine the issue of overheating is also reslove but still software inst is pending i will come around [num] o clock,0
Our Prashanthettan's mother passed away last night. pray for her and family.,our prashanthettan s mother passed away last night pray for her and family,0
Who were those people ? Were you in a tour ? I thought you were doing that sofa thing you sent me ? Your curious sugar,who were those people were you in a tour i thought you were doing that sofa thing you sent me your curious sugar,0
No one interested. May be some business plan.,no one interested may be some business plan,0
Today i'm not workin but not free oso... Gee... Thgt u workin at ur fren's shop ? ,today i m not workin but not free oso gee thgt u workin at ur fren s shop,0
"K I'm leaving soon, be there a little after 9",k i m leaving soon be there a little after [num],0
"Cool, text me when you're parked",cool text me when you re parked,0
Sry da..jst nw only i came to home..,sry da jst nw only i came to home,0
U have a secret admirer who is looking 2 make contact with U-find out who they R*reveal who thinks UR so special-call on 09058094594,u have a secret admirer who is looking [num] make contact with u find out who they r reveal who thinks ur so special call on [num],1
Your B4U voucher w/c 27/03 is MARSMS. Log onto www.B4Utele.com for discount credit. To opt out reply stop. Customer care call 08717168528,your b [num] u voucher w c [num] [num] is marsms log onto [url] for discount credit to opt out reply stop customer care call [num],1
Super msg da:)nalla timing.,super msg da nalla timing,0
What's a feathery bowa? Is that something guys have that I don't know about?,what s a feathery bowa is that something guys have that i don t know about,0
"Urgh, coach hot, smells of chip fat! Thanks again, especially for the duvet (not a predictive text word).",urgh coach hot smells of chip fat thanks again especially for the duvet not a predictive text word,0
Wish u many many returns of the day.. Happy birthday vikky..,wish u many many returns of the day happy birthday vikky,0
I'm still pretty weak today .. Bad day ?,i m still pretty weak today bad day,0
Mathews or tait or edwards or anderson,mathews or tait or edwards or anderson,0
"Miss ya, need ya, want ya, love ya.",miss ya need ya want ya love ya,0
He is there. You call and meet him,he is there you call and meet him,0
"Hello, my love ! How went your day ? Are you alright ? I think of you, my sweet and send a jolt to your heart to remind you ... I LOVE YOU! Can you hear it ? I screamed it across the sea for all the world to hear. Ahmad al Hallaq is loved ! and owned ! *possessive passionate kiss*",hello my love how went your day are you alright i think of you my sweet and send a jolt to your heart to remind you i love you can you hear it i screamed it across the sea for all the world to hear ahmad al hallaq is loved and owned possessive passionate kiss,0
No calls..messages..missed calls,no calls messages missed calls,0
Where is it. Is there any opening for mca.,where is it is there any opening for mca,0
Teach me apps da. When you come to college.,teach me apps da when you come to college,0
That day you asked about anand number. Why:-),that day you asked about anand number why,0
Is that seriously how you spell his name?,is that seriously how you spell his name,0
"I don't have anybody's number, I still haven't thought up a tactful way to ask alex",i don t have anybody s number i still haven t thought up a tactful way to ask alex,0
Not from this campus. Are you in the library?,not from this campus are you in the library,0
Don't fret. I'll buy the ovulation test strips and send them to you. You wont get them til like march. Can you send me your postal address.u'll be alright.Okay.,don t fret i ll buy the ovulation test strips and send them to you you wont get them til like march can you send me your postal address u ll be alright okay,0
"You have come into my life and brought the sun ..Shiny down on me, warming my heart. Putting a constant smile on my face ... Making me feel loved and cared for",you have come into my life and brought the sun shiny down on me warming my heart putting a constant smile on my face making me feel loved and cared for,0
"K I'll head out in a few mins, see you there",k i ll head out in a few mins see you there,0
Horrible bf... I now v hungry...,horrible bf i now v hungry,0
"Yeah why not, is the gang all ready",yeah why not is the gang all ready,0
Hmm .. Bits and pieces lol ... *sighs* ...,hmm bits and pieces lol sighs,0
I AM AT THE GAS STATION. GO THERE.,i am at the gas station go there,0
Here got ur favorite oyster... N got my favorite sashimi... Ok lar i dun say already... Wait ur stomach start rumbling...,here got ur favorite oyster n got my favorite sashimi ok lar i dun say already wait ur stomach start rumbling,0
Jesus armand really is trying to tell everybody he can find,jesus armand really is trying to tell everybody he can find,0
"chile, please! It's only a  &lt;DECIMAL&gt;  hour drive for me. I come down all the time and will be subletting feb-april for audition season.",chile please it s only a lt decimal gt hour drive for me i come down all the time and will be subletting feb april for audition season,0
"u r subscribed 2 TEXTCOMP 250 wkly comp. 1st wk?s free question follows, subsequent wks charged@150p/msg.2 unsubscribe txt STOP 2 84128,custcare 08712405020",u r subscribed [num] textcomp [num] wkly comp [num] st wk s free question follows subsequent wks charged [num] p msg [num] unsubscribe txt stop [num] [num] custcare [num],1
How are you. Wish you a great semester,how are you wish you a great semester,0
Shopping? Eh ger i toking abt syd leh...Haha,shopping eh ger i toking abt syd leh haha,0
We tried to call you re your reply to our sms for a video mobile 750 mins UNLIMITED TEXT + free camcorder Reply of call 08000930705 Now,we tried to call you re your reply to our sms for a video mobile [num] mins unlimited text free camcorder reply of call [num] now,1
"U need my presnts always bcz U cant mis love. ""jeevithathile irulinae neekunna prakasamanu sneham"" prakasam ennal prabha 'That mns prabha is'LOVE' Got it. Dont mis me....",u need my presnts always bcz u cant mis love jeevithathile irulinae neekunna prakasamanu sneham prakasam ennal prabha that mns prabha is love got it dont mis me,0
Umma. Did she say anything,umma did she say anything,0
"I'm back, lemme know when you're ready",i m back lemme know when you re ready,0
Dont think you need yellow card for uk travel. Ask someone that has gone before. If you do its just  &lt;#&gt; bucks,dont think you need yellow card for uk travel ask someone that has gone before if you do its just lt gt bucks,0
Ringtone Club: Get the UK singles chart on your mobile each week and choose any top quality ringtone! This message is free of charge.,ringtone club get the uk singles chart on your mobile each week and choose any top quality ringtone this message is free of charge,1
Gudnite....tc...practice going on,gudnite tc practice going on,0
Nope. I just forgot. Will show next week,nope i just forgot will show next week,0
FREE entry into our £250 weekly competition just text the word WIN to 80086 NOW. 18 T&C www.txttowin.co.uk,free entry into our [num] weekly competition just text the word win to [num] now [num] t c [url],1
Wait 2 min..stand at bus stop,wait [num] min stand at bus stop,0
"How long before you get reply, just defer admission til next semester",how long before you get reply just defer admission til next semester,0
"wow. You're right! I didn't mean to do that. I guess once i gave up on boston men and changed my search location to nyc, something changed. Cuz on my signin page it still says boston.",wow you re right i didn t mean to do that i guess once i gave up on boston men and changed my search location to nyc something changed cuz on my signin page it still says boston,0
"Have a lovely night and when you wake up to see this message, i hope you smile knowing all is as should be. Have a great morning",have a lovely night and when you wake up to see this message i hope you smile knowing all is as should be have a great morning,0
Get a FREE mobile video player FREE movie. To collect text GO to 89105. Its free! Extra films can be ordered t's and c's apply. 18 yrs only,get a free mobile video player free movie to collect text go to [num] its free extra films can be ordered t s and c s apply [num] yrs only,1
Aiyar u so poor thing... I give u my support k... Jia you! I'll think of u...,aiyar u so poor thing i give u my support k jia you i ll think of u,0
LOL ... No just was busy,lol no just was busy,0
Oh did you charge camera,oh did you charge camera,0
yes baby! I need to stretch open your pussy!,yes baby i need to stretch open your pussy,0
Hi! This is Roger from CL. How are you?,hi this is roger from cl how are you,0
"Sorry, I'll call later in meeting any thing related to trade please call Arul. &lt;#&gt; ",sorry i ll call later in meeting any thing related to trade please call arul lt gt,0
XMAS iscoming & ur awarded either £500 CD gift vouchers & free entry 2 r £100 weekly draw txt MUSIC to 87066 TnC www.Ldew.com1win150ppmx3age16subscription ,xmas iscoming ur awarded either [num] cd gift vouchers free entry [num] r [num] weekly draw txt music to [num] tnc [url],1
Dude we should go sup again,dude we should go sup again,0
"Sorry, my battery died, I can come by but I'm only getting a gram for now, where's your place?",sorry my battery died i can come by but i m only getting a gram for now where s your place,0
Im good! I have been thinking about you...,im good i have been thinking about you,0
I called but no one pick up e phone. I ask both of them already they said ok.,i called but no one pick up e phone i ask both of them already they said ok,0
"Kate jackson rec center before 7ish, right?",kate jackson rec center before [num] ish right,0
Juz go google n search 4 qet...,juz go google n search [num] qet,0
Hasn't that been the pattern recently crap weekends?,hasn t that been the pattern recently crap weekends,0
She's borderline but yeah whatever.,she s borderline but yeah whatever,0
The 2 oz guy is being kinda flaky but one friend is interested in picking up $ &lt;#&gt;  worth tonight if possible,the [num] oz guy is being kinda flaky but one friend is interested in picking up lt gt worth tonight if possible,0
"Maybe westshore or hyde park village, the place near my house?",maybe westshore or hyde park village the place near my house,0
Carlos says we can pick up from him later so yeah we're set,carlos says we can pick up from him later so yeah we re set,0
"Aight, we'll head out in a few",aight we ll head out in a few,0
We tried to contact you re your reply to our offer of 750 mins 150 textand a new video phone call 08002988890 now or reply for free delivery tomorrow,we tried to contact you re your reply to our offer of [num] mins [num] textand a new video phone call [num] now or reply for free delivery tomorrow,1
For me the love should start with attraction.i should feel that I need her every time around me.she should be the first thing which comes in my thoughts.I would start the day and end it with her.she should be there every time I dream.love will be then when my every breath has her name.my life should happen around her.my life will be named to her.I would cry for her.will give all my happiness and take all her sorrows.I will be ready to fight with anyone for her.I will be in love when I will be doing the craziest things for her.love will be when I don't have to proove anyone that my girl is the most beautiful lady on the whole planet.I will always be singing praises for her.love will be when I start up making chicken curry and end up makiing sambar.life will be the most beautiful then.will get every morning and thank god for the day because she is with me.I would like to say a lot..will tell later..,for me the love should start with attraction i should feel that i need her every time around me she should be the first thing which comes in my thoughts i would start the day and end it with her she should be there every time i dream love will be then when my every breath has her name my life should happen around her my life will be named to her i would cry for her will give all my happiness and take all her sorrows i will be ready to fight with anyone for her i will be in love when i will be doing the craziest things for her love will be when i don t have to proove anyone that my girl is the most beautiful lady on the whole planet i will always be singing praises for her love will be when i start up making chicken curry and end up makiing sambar life will be the most beautiful then will get every morning and thank god for the day because she is with me i would like to say a lot will tell later,0
"So many people seems to be special at first sight, But only very few will remain special to you till your last sight.. Maintain them till life ends.. Sh!jas",so many people seems to be special at first sight but only very few will remain special to you till your last sight maintain them till life ends sh jas,0
Jos ask if u wana meet up?,jos ask if u wana meet up,0
Good afternoon my boytoy. How goes that walking here and there day ? Did you get that police abstract? Are you still out and about? I wake and miss you babe,good afternoon my boytoy how goes that walking here and there day did you get that police abstract are you still out and about i wake and miss you babe,0
"Well, i'm glad you didn't find it totally disagreeable ... Lol",well i m glad you didn t find it totally disagreeable lol,0
I think i've fixed it can you send a test message?,i think i ve fixed it can you send a test message,0
Lmao you know me so well...,lmao you know me so well,0
No need for the drug anymore.,no need for the drug anymore,0
Tell rob to mack his gf in the theater,tell rob to mack his gf in the theater,0
Where's my boytoy? I miss you ... What happened?,where s my boytoy i miss you what happened,0
K k:) sms chat with me.,k k sms chat with me,0
Hurry home. Soup is DONE!,hurry home soup is done,0
FreeMsg: Fancy a flirt? Reply DATE now & join the UKs fastest growing mobile dating service. Msgs rcvd just 25p to optout txt stop to 83021. Reply DATE now!,freemsg fancy a flirt reply date now join the uks fastest growing mobile dating service msgs rcvd just [num] p to optout txt stop to [num] reply date now,1
Okie ü wan meet at bishan? Cos me at bishan now. I'm not driving today.,okie wan meet at bishan cos me at bishan now i m not driving today,0
Mm have some kanji dont eat anything heavy ok,mm have some kanji dont eat anything heavy ok,0
"Sweet, we may or may not go to 4U to meet carlos so gauge patty's interest in that",sweet we may or may not go to [num] u to meet carlos so gauge patty s interest in that,0
Ü predict wat time ü'll finish buying?,predict wat time ll finish buying,0
"I feel like a dick because I keep sleeping through your texts and facebook messages. Sup, you in town?",i feel like a dick because i keep sleeping through your texts and facebook messages sup you in town,0
Last chance 2 claim ur £150 worth of discount vouchers-Text YES to 85023 now!SavaMob-member offers mobile T Cs 08717898035. £3.00 Sub. 16 . Remove txt X or STOP,last chance [num] claim ur [num] worth of discount vouchers text yes to [num] now savamob member offers mobile t cs [num] [num] [num] sub [num] remove txt x or stop,1
"GOD ASKED, ""What is forgiveness?"" A little child gave lovely reply, ""It is d wonderful fruit that a tree gives when it is being hurt by a stone.. Good night......",god asked what is forgiveness a little child gave lovely reply it is d wonderful fruit that a tree gives when it is being hurt by a stone good night,0
LOL that would be awesome payback.,lol that would be awesome payback,0
Sen told that he is going to join his uncle finance in cbe,sen told that he is going to join his uncle finance in cbe,0
So how are you really. What are you up to. How's the masters. And so on.,so how are you really what are you up to how s the masters and so on,0
Nt joking seriously i told,nt joking seriously i told,0
Me sef dey laugh you. Meanwhile how's my darling anjie!,me sef dey laugh you meanwhile how s my darling anjie,0
Wif my family booking tour package.,wif my family booking tour package,0
To day class is there are no class.,to day class is there are no class,0
Yup... How ü noe leh...,yup how noe leh,0
Morning only i can ok.,morning only i can ok,0
"I sent you the prices and do you mean the  &lt;#&gt; g,",i sent you the prices and do you mean the lt gt g,0
I'm not coming home 4 dinner.,i m not coming home [num] dinner,0
If you still havent collected the dough pls let me know so i can go to the place i sent it to get the control number,if you still havent collected the dough pls let me know so i can go to the place i sent it to get the control number,0
I don know account details..i will ask my mom and send you.my mom is out of reach now.,i don know account details i will ask my mom and send you my mom is out of reach now,0
" came to look at the flat, seems ok, in his 50s? * Is away alot wiv work. Got woman coming at 6.30 too.",came to look at the flat seems ok in his [num] s is away alot wiv work got woman coming at [num] [num] too,0
Have you heard about that job? I'm going to that wildlife talk again tonight if u want2come. Its that2worzels and a wizzle or whatever it is?! ,have you heard about that job i m going to that wildlife talk again tonight if u want [num] come its that [num] worzels and a wizzle or whatever it is,0
TELL HER I SAID EAT SHIT.,tell her i said eat shit,0
No. She's currently in scotland for that.,no she s currently in scotland for that,0
Ranjith cal drpd Deeraj and deepak 5min hold,ranjith cal drpd deeraj and deepak [num] min hold,0
All was well until slightly disastrous class this pm with my fav darlings! Hope day off ok. Coffee wld be good as can't stay late tomorrow. Same time + place as always?,all was well until slightly disastrous class this pm with my fav darlings hope day off ok coffee wld be good as can t stay late tomorrow same time place as always,0
"Although i told u dat i'm into baig face watches now but i really like e watch u gave cos it's fr u. Thanx 4 everything dat u've done today, i'm touched...",although i told u dat i m into baig face watches now but i really like e watch u gave cos it s fr u thanx [num] everything dat u ve done today i m touched,0
1's reach home call me.,[num] s reach home call me,0
"Fyi I'm taking a quick shower, be at epsilon in like  &lt;#&gt;  min",fyi i m taking a quick shower be at epsilon in like lt gt min,0
Dont think so. It turns off like randomlly within 5min of opening,dont think so it turns off like randomlly within [num] min of opening,0
Are u awake? Is there snow there?,are u awake is there snow there,0
"I call you later, don't have network. If urgnt, sms me.",i call you later don t have network if urgnt sms me,0
Not a lot has happened here. Feels very quiet. Beth is at her aunts and charlie is working lots. Just me and helen in at the mo. How have you been? ,not a lot has happened here feels very quiet beth is at her aunts and charlie is working lots just me and helen in at the mo how have you been,0
He telling not to tell any one. If so treat for me hi hi hi,he telling not to tell any one if so treat for me hi hi hi,0
I don't think he has spatula hands!,i don t think he has spatula hands,0
Okay. I've seen it. So i should pick it on friday?,okay i ve seen it so i should pick it on friday,0
hows my favourite person today? r u workin hard? couldn't sleep again last nite nearly rang u at 4.30,hows my favourite person today r u workin hard couldn t sleep again last nite nearly rang u at [num] [num],0
"Evening * v good if somewhat event laden. Will fill you in, don't you worry … Head * ok but throat * wrecked. See you at six then!",evening v good if somewhat event laden will fill you in don t you worry head ok but throat wrecked see you at six then,0
Your pussy is perfect!,your pussy is perfect,0
Usually the body takes care of it buy making sure it doesnt progress. Can we pls continue this talk on saturday.,usually the body takes care of it buy making sure it doesnt progress can we pls continue this talk on saturday,0
Yar lor actually we quite fast... Cos da ge slow wat... Haha...,yar lor actually we quite fast cos da ge slow wat haha,0
Just wanted to say holy shit you guys weren't kidding about this bud,just wanted to say holy shit you guys weren t kidding about this bud,0
Where can download clear movies. Dvd copies.,where can download clear movies dvd copies,0
Yup but it's not giving me problems now so mayb i'll jus leave it...,yup but it s not giving me problems now so mayb i ll jus leave it,0
I'm wif him now buying tix lar...,i m wif him now buying tix lar,0
Yo! Howz u? girls never rang after india. L,yo howz u girls never rang after india l,0
I wanted to ask ü to wait 4 me to finish lect. Cos my lect finishes in an hour anyway.,i wanted to ask to wait [num] me to finish lect cos my lect finishes in an hour anyway,0
Yes its possible but dint try. Pls dont tell to any one k,yes its possible but dint try pls dont tell to any one k,0
Want to finally have lunch today?,want to finally have lunch today,0
You know my old Dom I told you about yesterday ? His name is Roger? He got in touch with me last night and wants me to meet him today at 2 pm,you know my old dom i told you about yesterday his name is roger he got in touch with me last night and wants me to meet him today at [num] pm,0
"FREE MESSAGE Activate your 500 FREE Text Messages by replying to this message with the word FREE For terms & conditions, visit www.07781482378.com",free message activate your [num] free text messages by replying to this message with the word free for terms conditions visit [url],1
"Beautiful Truth against Gravity.. Read carefully: ""Our heart feels light when someone is in it.. But it feels very heavy when someone leaves it.."" GOODMORNING",beautiful truth against gravity read carefully our heart feels light when someone is in it but it feels very heavy when someone leaves it goodmorning,0
goldviking (29/M) is inviting you to be his friend. Reply YES-762 or NO-762 See him: www.SMS.ac/u/goldviking STOP? Send STOP FRND to 62468,goldviking [num] m is inviting you to be his friend reply yes [num] or no [num] see him [url] stop send stop frnd to [num],1
great princess! I love giving and receiving oral. Doggy style is my fave position. How about you? I enjoy making love  &lt;#&gt;  times per night :),great princess i love giving and receiving oral doggy style is my fave position how about you i enjoy making love lt gt times per night,0
Natalie (20/F) is inviting you to be her friend. Reply YES-165 or NO-165 See her: www.SMS.ac/u/natalie2k9 STOP? Send STOP FRND to 62468,natalie [num] f is inviting you to be her friend reply yes [num] or no [num] see her [url] stop send stop frnd to [num],1
The evo. I just had to download flash. Jealous?,the evo i just had to download flash jealous,0
I wish u were here. I feel so alone,i wish u were here i feel so alone,0
Den wat will e schedule b lk on sun?,den wat will e schedule b lk on sun,0
Please attend the phone:),please attend the phone,0
In e msg jus now. U said thanks for gift.,in e msg jus now u said thanks for gift,0
"Do whatever you want. You know what the rules are. We had a talk earlier this week about what had to start happening, you showing responsibility. Yet, every week it's can i bend the rule this way? What about that way? Do whatever. I'm tired of having thia same argument with you every week. And a  &lt;#&gt;  movie DOESNT inlude the previews. You're still getting in after 1.",do whatever you want you know what the rules are we had a talk earlier this week about what had to start happening you showing responsibility yet every week it s can i bend the rule this way what about that way do whatever i m tired of having thia same argument with you every week and a lt gt movie doesnt inlude the previews you re still getting in after [num],0
K I'll take care of it,k i ll take care of it,0
"Japanese Proverb: If one Can do it, U too Can do it, If none Can do it,U must do it Indian version: If one Can do it, LET HIM DO it.. If none Can do it,LEAVE it!! And finally Kerala version: If one can do it, Stop him doing it.. If none can do it, Make a strike against it ...",japanese proverb if one can do it u too can do it if none can do it u must do it indian version if one can do it let him do it if none can do it leave it and finally kerala version if one can do it stop him doing it if none can do it make a strike against it,0
"And how you will do that, princess? :)",and how you will do that princess,0
Buy Space Invaders 4 a chance 2 win orig Arcade Game console. Press 0 for Games Arcade (std WAP charge) See o2.co.uk/games 4 Terms + settings. No purchase,buy space invaders [num] a chance [num] win orig arcade game console press [num] for games arcade std wap charge see o [num] co uk games [num] terms settings no purchase,1
"K, can that happen tonight?",k can that happen tonight,0
Should I head straight there or what,should i head straight there or what,0
Why did I wake up on my own &gt;:(,why did i wake up on my own gt,0
Dhoni have luck to win some big title.so we will win:),dhoni have luck to win some big title so we will win,0
Long after I quit. I get on only like 5 minutes a day as it is.,long after i quit i get on only like [num] minutes a day as it is,0
Ok ill tell the company,ok ill tell the company,0
Call him and say you not coming today ok and tell them not to fool me like this ok,call him and say you not coming today ok and tell them not to fool me like this ok,0
it's still not working. And this time i also tried adding zeros. That was the savings. The checking is  &lt;#&gt; ,it s still not working and this time i also tried adding zeros that was the savings the checking is lt gt,0
Do you work all this week ?,do you work all this week,0
Be sure to check your yahoo email. We sent photos yesterday,be sure to check your yahoo email we sent photos yesterday,0
Hi its Kate it was lovely to see you tonight and ill phone you tomorrow. I got to sing and a guy gave me his card! xxx,hi its kate it was lovely to see you tonight and ill phone you tomorrow i got to sing and a guy gave me his card xxx,0
"Why is that, princess? I bet the brothas are all chasing you!",why is that princess i bet the brothas are all chasing you,0
Yar lor wait 4 my mum 2 finish sch then have lunch lor... I whole morning stay at home clean my room now my room quite clean... Hee...,yar lor wait [num] my mum [num] finish sch then have lunch lor i whole morning stay at home clean my room now my room quite clean hee,0
I am in escape theatre now. . Going to watch KAVALAN in a few minutes,i am in escape theatre now going to watch kavalan in a few minutes,0
So how's scotland. Hope you are not over showing your JJC tendencies. Take care. Live the dream,so how s scotland hope you are not over showing your jjc tendencies take care live the dream,0
You are now unsubscribed all services. Get tons of sexy babes or hunks straight to your phone! go to http://gotbabes.co.uk. No subscriptions.,you are now unsubscribed all services get tons of sexy babes or hunks straight to your phone go to [url] no subscriptions,1
"Enjoy the showers of possessiveness poured on u by ur loved ones, bcoz in this world of lies, it is a golden gift to be loved truly..",enjoy the showers of possessiveness poured on u by ur loved ones bcoz in this world of lies it is a golden gift to be loved truly,0
I asked sen to come chennai and search for job.,i asked sen to come chennai and search for job,0
"Just sent you an email – to an address with incomm in it, is that right?",just sent you an email to an address with incomm in it is that right,0
So i'm doing a list of buyers.,so i m doing a list of buyers,0
Todays Voda numbers ending 5226 are selected to receive a ?350 award. If you hava a match please call 08712300220 quoting claim code 1131 standard rates app ,todays voda numbers ending [num] are selected to receive a [num] award if you hava a match please call [num] quoting claim code [num] standard rates app,1
"You have won ?1,000 cash or a ?2,000 prize! To claim, call09050000327. T&C: RSTM, SW7 3SS. 150ppm",you have won [num] [num] cash or a [num] [num] prize to claim call [num] t c rstm sw [num] [num] ss [num] ppm,1
"K.. I yan jiu liao... Sat we can go 4 bugis vill one frm 10 to 3 den hop to parco 4 nb. Sun can go cine frm 1030 to 2, den hop to orc mrt 4 hip hop at 4...",k i yan jiu liao sat we can go [num] bugis vill one frm [num] to [num] den hop to parco [num] nb sun can go cine frm [num] to [num] den hop to orc mrt [num] hip hop at [num],0
Ü eatin later but i'm eatin wif my frens now lei... Ü going home first? ,eatin later but i m eatin wif my frens now lei going home first,0
5p 4 alfie Moon's Children in need song on ur mob. Tell ur m8s. Txt Tone charity to 8007 for Nokias or Poly charity for polys: zed 08701417012 profit 2 charity.,[num] p [num] alfie moon s children in need song on ur mob tell ur m [num] s txt tone charity to [num] for nokias or poly charity for polys zed [num] profit [num] charity,1
"Night has ended for another day, morning has come in a special way. May you smile like the sunny rays and leaves your worries at the blue blue bay. Gud mrng",night has ended for another day morning has come in a special way may you smile like the sunny rays and leaves your worries at the blue blue bay gud mrng,0
You have 1 new message. Please call 08715205273,you have [num] new message please call [num],1
Ok. I.ll do you right later.,ok i ll do you right later,0
"We have sent JD for Customer Service cum Accounts Executive to ur mail id, For details contact us",we have sent jd for customer service cum accounts executive to ur mail id for details contact us,0
"The sign of maturity is not when we start saying big things.. But actually it is, when we start understanding small things... *HAVE A NICE EVENING* BSLVYL",the sign of maturity is not when we start saying big things but actually it is when we start understanding small things have a nice evening bslvyl,0
FREE entry into our £250 weekly comp just send the word WIN to 80086 NOW. 18 T&C www.txttowin.co.uk,free entry into our [num] weekly comp just send the word win to [num] now [num] t c [url],1
Love has one law; Make happy the person you love. In the same way friendship has one law; Never make ur friend feel alone until you are alive.... Gud night,love has one law make happy the person you love in the same way friendship has one law never make ur friend feel alone until you are alive gud night,0
Having lunch:)you are not in online?why?,having lunch you are not in online why,0
So can collect ur laptop?,so can collect ur laptop,0
"Just got some gas money, any chance you and the gang want to go on a grand nature adventure?",just got some gas money any chance you and the gang want to go on a grand nature adventure,0
Hey now am free you can call me.,hey now am free you can call me,0
"1) Go to write msg 2) Put on Dictionary mode 3)Cover the screen with hand, 4)Press  &lt;#&gt; . 5)Gently remove Ur hand.. Its interesting..:)",[num] go to write msg [num] put on dictionary mode [num] cover the screen with hand [num] press lt gt [num] gently remove ur hand its interesting,0
Yep then is fine 7.30 or 8.30 for ice age.,yep then is fine [num] [num] or [num] [num] for ice age,0
Shb b ok lor... Thanx...,shb b ok lor thanx,0
"Party's at my place at usf, no charge (but if you can contribute in any way it is greatly appreciated) and yeah, we got room for one more",party s at my place at usf no charge but if you can contribute in any way it is greatly appreciated and yeah we got room for one more,0
Lol yes. But it will add some spice to your day.,lol yes but it will add some spice to your day,0
"My friend, she's studying at warwick, we've planned to go shopping and to concert tmw, but it may be canceled, havn't seen  for ages, yeah we should get together sometime!",my friend she s studying at warwick we ve planned to go shopping and to concert tmw but it may be canceled havn t seen for ages yeah we should get together sometime,0
How much r ü willing to pay?,how much r willing to pay,0
Sounds like something that someone testing me would sayy,sounds like something that someone testing me would sayy,0
Good Morning plz call me sir,good morning plz call me sir,0
Let me know how it changes in the next 6hrs. It can even be appendix but you are out of that age range. However its not impossible. So just chill and let me know in 6hrs,let me know how it changes in the next [num] hrs it can even be appendix but you are out of that age range however its not impossible so just chill and let me know in [num] hrs,0
I uploaded mine to Facebook,i uploaded mine to facebook,0
They are just making it easy to pay back. I have  &lt;#&gt; yrs to say but i can pay back earlier. You get?,they are just making it easy to pay back i have lt gt yrs to say but i can pay back earlier you get,0
I am sorry it hurt you.,i am sorry it hurt you,0
How are you babes. Hope your doing ok. I had a shit nights sleep. I fell asleep at 5.Im knackered and im dreading work tonight. What are thou upto tonight. X,how are you babes hope your doing ok i had a shit nights sleep i fell asleep at [num] i m knackered and i m dreading work tonight what are thou upto tonight x,0
Ok going to sleep. Hope i can meet her.,ok going to sleep hope i can meet her,0
"URGENT! Your mobile No *********** WON a £2,000 Bonus Caller Prize on 02/06/03! This is the 2nd attempt to reach YOU! Call 09066362220 ASAP! BOX97N7QP, 150ppm",urgent your mobile no won a [num] [num] bonus caller prize on [num] [num] [num] this is the [num] nd attempt to reach you call [num] asap box [num] n [num] qp [num] ppm,1
"Wait that's still not all that clear, were you not sure about me being sarcastic or that that's why x doesn't want to live with us",wait that s still not all that clear were you not sure about me being sarcastic or that that s why x doesn t want to live with us,0
Call FREEPHONE 0800 542 0578 now!,call freephone [num] [num] [num] now,1
My love ... I hope your not doing anything drastic. Don't you dare sell your pc or your phone ...,my love i hope your not doing anything drastic don t you dare sell your pc or your phone,0
"Give her something to drink, if she takes it and doesn't vomit then you her temp might drop. If she unmits however let me know.",give her something to drink if she takes it and doesn t vomit then you her temp might drop if she unmits however let me know,0
Did u fix the teeth?if not do it asap.ok take care.,did u fix the teeth if not do it asap ok take care,0
I have had two more letters from . I will copy them for you cos one has a message for you. Speak soon,i have had two more letters from i will copy them for you cos one has a message for you speak soon,0
Hope you are having a great day.,hope you are having a great day,0
Orh i tot u say she now still dun believe.,orh i tot u say she now still dun believe,0
Went to ganesh dress shop,went to ganesh dress shop,0
Waiting 4 my tv show 2 start lor... U leh still busy doing ur report?,waiting [num] my tv show [num] start lor u leh still busy doing ur report,0
Oh yah... We never cancel leh... Haha ,oh yah we never cancel leh haha,0
"When you just put in the + sign, choose my number and the pin will show. Right?",when you just put in the sign choose my number and the pin will show right,0
Okay... I booked all already... Including the one at bugis.,okay i booked all already including the one at bugis,0
http//tms. widelive.com/index. wml?id=820554ad0a1705572711&first=true¡C C Ringtone¡,[url] widelive com index wml id [num] ad [num] a [num] first true c c ringtone,1
CDs 4u: Congratulations ur awarded £500 of CD gift vouchers or £125 gift guaranteed & Freeentry 2 £100 wkly draw xt MUSIC to 87066 TnCs www.ldew.com1win150ppmx3age16 ,cds [num] u congratulations ur awarded [num] of cd gift vouchers or [num] gift guaranteed freeentry [num] [num] wkly draw xt music to [num] tncs [url],1
Tmr then ü brin lar... Aiya later i come n c lar... Mayb ü neva set properly ü got da help sheet wif ü...,tmr then brin lar aiya later i come n c lar mayb neva set properly got da help sheet wif,0
"V-aluable. A-ffectionate. L-oveable. E-ternal. N-oble. T-ruthful. I-ntimate. N-atural. E-namous. Happy ""VALENTINES DAY"" in advance",v aluable a ffectionate l oveable e ternal n oble t ruthful i ntimate n atural e namous happy valentines day in advance,0
Then u go back urself lor...,then u go back urself lor,0
Ever thought about living a good life with a perfect partner? Just txt back NAME and AGE to join the mobile community. (100p/SMS),ever thought about living a good life with a perfect partner just txt back name and age to join the mobile community [num] p sms,1
Hey! do u fancy meetin me at 4 at cha  hav a lil beverage on me. if not txt or ring me and we can meet up l8r. quite tired got in at 3 v.pist ;) love Pete x x x,hey do u fancy meetin me at [num] at cha hav a lil beverage on me if not txt or ring me and we can meet up l [num] r quite tired got in at [num] v pist love pete x x x,0
"Shit that is really shocking and scary, cant imagine for a second. Def up for night out. Do u think there is somewhere i could crash for night, save on taxi?",shit that is really shocking and scary cant imagine for a second def up for night out do u think there is somewhere i could crash for night save on taxi,0
U R THE MOST BEAUTIFUL GIRL IVE EVER SEEN. U R MY BABY COME AND C ME IN THE COMMON ROOM,u r the most beautiful girl ive ever seen u r my baby come and c me in the common room,0
Fffff. Can you text kadeem or are you too far gone,fffff can you text kadeem or are you too far gone,0
"Looks like you found something to do other than smoke, great job!",looks like you found something to do other than smoke great job,0
"We are at grandmas. Oh dear, u still ill? I felt Shit this morning but i think i am just hungover! Another night then. We leave on sat.",we are at grandmas oh dear u still ill i felt shit this morning but i think i am just hungover another night then we leave on sat,0
Okie...,okie,0
U gd lor go shopping i got stuff to do. U wan 2 watch infernal affairs a not? Come lar...,u gd lor go shopping i got stuff to do u wan [num] watch infernal affairs a not come lar,0
From tomorrow onwards eve 6 to 3 work.,from tomorrow onwards eve [num] to [num] work,0
Finish already... Yar they keep saying i mushy... I so embarrassed ok...,finish already yar they keep saying i mushy i so embarrassed ok,0
Eatin my lunch...,eatin my lunch,0
Ill be there on  &lt;#&gt;  ok.,ill be there on lt gt ok,0
Oh ok no prob..,oh ok no prob,0
Its just the effect of irritation. Just ignore it,its just the effect of irritation just ignore it,0
"Your free ringtone is waiting to be collected. Simply text the password ""MIX"" to 85069 to verify. Get Usher and Britney. FML, PO Box 5249, MK17 92H. 450Ppw 16",your free ringtone is waiting to be collected simply text the password mix to [num] to verify get usher and britney fml po box [num] mk [num] [num] h [num] ppw [num],1
", ,  and  picking them up from various points | going 2 yeovil | and they will do the motor project 4 3 hours | and then u take them home. || 12 2 5.30 max. || Very easy",and picking them up from various points going [num] yeovil and they will do the motor project [num] [num] hours and then u take them home [num] [num] [num] [num] max very easy,0
Hmm. Shall i bring a bottle of wine to keep us amused? Just joking! I'll still bring a bottle. Red or white? See you tomorrow,hmm shall i bring a bottle of wine to keep us amused just joking i ll still bring a bottle red or white see you tomorrow,0
Mm not entirely sure i understood that text but hey. Ho. Which weekend?,mm not entirely sure i understood that text but hey ho which weekend,0
"Gosh that , what a pain. Spose I better come then.",gosh that what a pain spose i better come then,0
Thanks 4 your continued support Your question this week will enter u in2 our draw 4 £100 cash. Name the NEW US President? txt ans to 80082,thanks [num] your continued support your question this week will enter u in [num] our draw [num] [num] cash name the new us president txt ans to [num],1
"HEY BABE! FAR 2 SPUN-OUT 2 SPK AT DA MO... DEAD 2 DA WRLD. BEEN SLEEPING ON DA SOFA ALL DAY, HAD A COOL NYTHO, TX 4 FONIN HON, CALL 2MWEN IM BK FRMCLOUD 9! J X",hey babe far [num] spun out [num] spk at da mo dead [num] da wrld been sleeping on da sofa all day had a cool nytho tx [num] fonin hon call [num] mwen im bk frmcloud [num] j x,0
That depends. How would you like to be treated? :),that depends how would you like to be treated,0
Can i meet ü at 5.. As 4 where depends on where ü wan 2 in lor..,can i meet at [num] as [num] where depends on where wan [num] in lor,0
Purity of friendship between two is not about smiling after reading the forwarded message..Its about smiling just by seeing the name. Gud evng,purity of friendship between two is not about smiling after reading the forwarded message its about smiling just by seeing the name gud evng,0
"Hey sorry I didntgive ya a a bellearlier hunny,just been in bedbut mite go 2 thepub l8tr if uwana mt up?loads a luv Jenxxx.",hey sorry i didntgive ya a a bellearlier hunny just been in bedbut mite go [num] thepub l [num] tr if uwana mt up loads a luv jenxxx,0
do u think that any girl will propose u today by seing ur bloody funky shit fucking face...............asssssholeeee................,do u think that any girl will propose u today by seing ur bloody funky shit fucking face asssssholeeee,0
What time should I tell my friend to be around?,what time should i tell my friend to be around,0
Ok i juz receive..,ok i juz receive,0
India have to take lead:),india have to take lead,0
"And stop wondering ""wow is she ever going to stop tm'ing me ?!"" because I will tm you whenever I want because you are MINE ... *laughs*",and stop wondering wow is she ever going to stop tm ing me because i will tm you whenever i want because you are mine laughs,0
I dunno until when... Lets go learn pilates...,i dunno until when lets go learn pilates,0
I hope you that's the result of being consistently intelligent and kind. Start asking him about practicum links and keep your ears open and all the best. ttyl,i hope you that s the result of being consistently intelligent and kind start asking him about practicum links and keep your ears open and all the best ttyl,0
O shore are you takin the bus,o shore are you takin the bus,0
Msg me when rajini comes.,msg me when rajini comes,0
"You are a £1000 winner or Guaranteed Caller Prize, this is our Final attempt to contact you! To Claim Call 09071517866 Now! 150ppmPOBox10183BhamB64XE",you are a [num] winner or guaranteed caller prize this is our final attempt to contact you to claim call [num] now [num] ppmpobox [num] bhamb [num] xe,1
Gud ni8 dear..slp well..take care..swt dreams..Muah..,gud ni [num] dear slp well take care swt dreams muah,0
Yeah whatever lol,yeah whatever lol,0
Good morning. At the repair shop--the ONLY reason i'm up at this hour.,good morning at the repair shop the only reason i m up at this hour,0
"In case you wake up wondering where I am, I forgot I have to take care of something for grandma today, should be done before the parade",in case you wake up wondering where i am i forgot i have to take care of something for grandma today should be done before the parade,0
I can't make it tonight,i can t make it tonight,0
Jus finish bathing...,jus finish bathing,0
Jus ans me lar. U'll noe later.,jus ans me lar u ll noe later,0
Leaving to qatar tonite in search of an opportunity.all went fast.pls add me in ur prayers dear.Rakhesh,leaving to qatar tonite in search of an opportunity all went fast pls add me in ur prayers dear rakhesh,0
"I am in tirupur da, once you started from office call me.",i am in tirupur da once you started from office call me,0
I will lick up every drop :) are you ready to use your mouth as well?,i will lick up every drop are you ready to use your mouth as well,0
I have many dependents,i have many dependents,0
I cant pick the phone right now. Pls send a message,i cant pick the phone right now pls send a message,0
Dear where you. Call me,dear where you call me,0
Jamster! To get your free wallpaper text HEART to 88888 now! T&C apply. 16 only. Need Help? Call 08701213186.,jamster to get your free wallpaper text heart to [num] now t c apply [num] only need help call [num],1
Still work going on:)it is very small house.,still work going on it is very small house,0
**FREE MESSAGE**Thanks for using the Auction Subscription Service. 18 . 150p/MSGRCVD 2 Skip an Auction txt OUT. 2 Unsubscribe txt STOP CustomerCare 08718726270,free message thanks for using the auction subscription service [num] [num] p msgrcvd [num] skip an auction txt out [num] unsubscribe txt stop customercare [num],1
Hi this is yijue... It's regarding the 3230 textbook it's intro to algorithms second edition... I'm selling it for $50...,hi this is yijue it s regarding the [num] textbook it s intro to algorithms second edition i m selling it for [num],0
Block Breaker now comes in deluxe format with new features and great graphics from T-Mobile. Buy for just £5 by replying GET BBDELUXE and take the challenge,block breaker now comes in deluxe format with new features and great graphics from t mobile buy for just [num] by replying get bbdeluxe and take the challenge,1
Good morning pookie pie! Lol hope I didn't wake u up,good morning pookie pie lol hope i didn t wake u up,0
ree entry in 2 a weekly comp for a chance to win an ipod. Txt POD to 80182 to get entry (std txt rate) T&C's apply 08452810073 for details 18+,ree entry in [num] a weekly comp for a chance to win an ipod txt pod to [num] to get entry std txt rate t c s apply [num] for details [num],1
A guy who gets used but is too dumb to realize it.,a guy who gets used but is too dumb to realize it,0
Dont show yourself. How far. Put new pictures up on facebook.,dont show yourself how far put new pictures up on facebook,0
Yes princess! I want to catch you with my big strong hands...,yes princess i want to catch you with my big strong hands,0
Check wid corect speling i.e. Sarcasm,check wid corect speling i e sarcasm,0
Huh so late... Fr dinner?,huh so late fr dinner,0
Nope. Meanwhile she talk say make i greet you.,nope meanwhile she talk say make i greet you,0
My friends use to call the same.,my friends use to call the same,0
"Twinks, bears, scallies, skins and jocks are calling now. Don't miss the weekend's fun. Call 08712466669 at 10p/min. 2 stop texts call 08712460324(nat rate)",twinks bears scallies skins and jocks are calling now don t miss the weekend s fun call [num] at [num] p min [num] stop texts call [num] nat rate,1
Oh all have to come ah?,oh all have to come ah,0
Do you want a New Nokia 3510i colour phone DeliveredTomorrow? With 300 free minutes to any mobile + 100 free texts + Free Camcorder reply or call 08000930705,do you want a new nokia [num] i colour phone deliveredtomorrow with [num] free minutes to any mobile [num] free texts free camcorder reply or call [num],1
Indeed and by the way it was either or - not both !,indeed and by the way it was either or not both,0
No you'll just get a headache trying to figure it out. U can trust me to do the math. I promise. O:-),no you ll just get a headache trying to figure it out u can trust me to do the math i promise o,0
Miss call miss call khelate kintu opponenter miss call dhorte lage. Thats d rule. One with great phone receiving quality wins.,miss call miss call khelate kintu opponenter miss call dhorte lage thats d rule one with great phone receiving quality wins,0
Every monday..nxt week vl be completing..,every monday nxt week vl be completing,0
Huh y lei...,huh y lei,0
I'll be at mu in like  &lt;#&gt;  seconds,i ll be at mu in like lt gt seconds,0
Someone U know has asked our dating service 2 contact you! Cant Guess who? CALL 09058091854 NOW all will be revealed. PO BOX385 M6 6WU,someone u know has asked our dating service [num] contact you cant guess who call [num] now all will be revealed po box [num] m [num] [num] wu,1
Did u find a sitter for kaitlyn? I was sick and slept all day yesterday.,did u find a sitter for kaitlyn i was sick and slept all day yesterday,0
How do friends help us in problems? They give the most stupid suggestion that Lands us into another problem and helps us forgt the previous problem,how do friends help us in problems they give the most stupid suggestion that lands us into another problem and helps us forgt the previous problem,0
So i asked how's anthony. Dad. And your bf,so i asked how s anthony dad and your bf,0
If i not meeting ü all rite then i'll go home lor. If ü dun feel like comin it's ok.,if i not meeting all rite then i ll go home lor if dun feel like comin it s ok,0
"How long has it been since you screamed, princess?",how long has it been since you screamed princess,0
I want to go to perumbavoor,i want to go to perumbavoor,0
"UpgrdCentre Orange customer, you may now claim your FREE CAMERA PHONE upgrade for your loyalty. Call now on 0207 153 9153. Offer ends 26th July. T&C's apply. Opt-out available",upgrdcentre orange customer you may now claim your free camera phone upgrade for your loyalty call now on [num] [num] [num] offer ends [num] th july t c s apply opt out available,1
It does it on its own. Most of the time it fixes my spelling. But sometimes it gets a completely diff word. Go figure,it does it on its own most of the time it fixes my spelling but sometimes it gets a completely diff word go figure,0
Not thought bout it... || Drink in tap & spile at seven. || Is that pub on gas st off broad st by canal. || Ok?,not thought bout it drink in tap spile at seven is that pub on gas st off broad st by canal ok,0
Dont flatter yourself... Tell that man of mine two pints of carlin in ten minutes please.... ,dont flatter yourself tell that man of mine two pints of carlin in ten minutes please,0
"U were outbid by simonwatson5120 on the Shinco DVD Plyr. 2 bid again, visit sms. ac/smsrewards 2 end bid notifications, reply END OUT",u were outbid by simonwatson [num] on the shinco dvd plyr [num] bid again visit sms ac smsrewards [num] end bid notifications reply end out,1
Doc prescribed me morphine cause the other pain meds aren't enough. Waiting for my mom to bring it. That med should kick in fast so I'm gonna try to be on later,doc prescribed me morphine cause the other pain meds aren t enough waiting for my mom to bring it that med should kick in fast so i m gonna try to be on later,0
Thanks for loving me so. You rock,thanks for loving me so you rock,0
Tired. I haven't slept well the past few nights.,tired i haven t slept well the past few nights,0
Can u look 4 me in da lib i got stuff havent finish yet.,can u look [num] me in da lib i got stuff havent finish yet,0
He didn't see his shadow. We get an early spring yay,he didn t see his shadow we get an early spring yay,0
Tiwary to rcb.battle between bang and kochi.,tiwary to rcb battle between bang and kochi,0
UR awarded a City Break and could WIN a £200 Summer Shopping spree every WK. Txt STORE to 88039 . SkilGme. TsCs087147403231Winawk!Age16 £1.50perWKsub,ur awarded a city break and could win a [num] summer shopping spree every wk txt store to [num] skilgme tscs [num] winawk age [num] [num] [num] perwksub,1
"Honeybee Said: *I'm d Sweetest in d World* God Laughed &amp; Said: *Wait,U Havnt Met d Person Reading This Msg* MORAL: Even GOD Can Crack Jokes! GM+GN+GE+GN:)",honeybee said i m d sweetest in d world god laughed amp said wait u havnt met d person reading this msg moral even god can crack jokes gm gn ge gn,0
Customer Loyalty Offer:The NEW Nokia6650 Mobile from ONLY £10 at TXTAUCTION! Txt word: START to No: 81151 & get yours Now! 4T&Ctxt TC 150p/MTmsg,customer loyalty offer the new nokia [num] mobile from only [num] at txtauction txt word start to no [num] get yours now [num] t ctxt tc [num] p mtmsg,1
Think + da. You wil do.,think da you wil do,0
"Hmmm.... Mayb can try e shoppin area one, but forgot e name of hotel...",hmmm mayb can try e shoppin area one but forgot e name of hotel,0
I will come to ur home now,i will come to ur home now,0
Reminder: You have not downloaded the content you have already paid for. Goto http://doit. mymoby. tv/ to collect your content.,reminder you have not downloaded the content you have already paid for goto [url] mymoby tv to collect your content,1
hiya hows it going in sunny africa? hope u r avin a good time. give that big old silver back a big kiss from me.,hiya hows it going in sunny africa hope u r avin a good time give that big old silver back a big kiss from me,0
We can make a baby in yo tho,we can make a baby in yo tho,0
Sounds better than my evening im just doing my costume. Im not sure what time i finish tomorrow but i will txt you at the end.,sounds better than my evening im just doing my costume im not sure what time i finish tomorrow but i will txt you at the end,0
The beauty of life is in next second.. which hides thousands of secrets. I wish every second will be wonderful in ur life...!! gud n8,the beauty of life is in next second which hides thousands of secrets i wish every second will be wonderful in ur life gud n [num],0
I know but you need to get hotel now. I just got my invitation but i had to apologise. Cali is to sweet for me to come to some english bloke's weddin,i know but you need to get hotel now i just got my invitation but i had to apologise cali is to sweet for me to come to some english bloke s weddin,0
I dun believe u. I thk u told him.,i dun believe u i thk u told him,0
But i'll b going 2 sch on mon. My sis need 2 take smth.,but i ll b going [num] sch on mon my sis need [num] take smth,0
Got it! It looks scrumptious... daddy wants to eat you all night long!,got it it looks scrumptious daddy wants to eat you all night long,0
What happen to her tell the truth,what happen to her tell the truth,0
Bishan lar nearer... No need buy so early cos if buy now i gotta park my car...,bishan lar nearer no need buy so early cos if buy now i gotta park my car,0
Jesus christ bitch I'm trying to give you drugs answer your fucking phone,jesus christ bitch i m trying to give you drugs answer your fucking phone,0
"Yo, you around? Just got my car back",yo you around just got my car back,0
I dont have i shall buy one dear,i dont have i shall buy one dear,0
Oh yes I can speak txt 2 u no! Hmm. Did u get  email?,oh yes i can speak txt [num] u no hmm did u get email,0
Heart is empty without love.. Mind is empty without wisdom.. Eyes r empty without dreams &amp; Life is empty without frnds.. So Alwys Be In Touch. Good night &amp; sweet dreams,heart is empty without love mind is empty without wisdom eyes r empty without dreams amp life is empty without frnds so alwys be in touch good night amp sweet dreams,0
"Hey...Great deal...Farm tour 9am to 5pm $95/pax, $50 deposit by 16 May",hey great deal farm tour [num] am to [num] pm [num] pax [num] deposit by [num] may,0
Nope i'm not drivin... I neva develop da photos lei...,nope i m not drivin i neva develop da photos lei,0
They released vday shirts and when u put it on it makes your bottom half naked instead of those white underwear.,they released vday shirts and when u put it on it makes your bottom half naked instead of those white underwear,0
You in your room? I need a few,you in your room i need a few,0
"K give me a sec, breaking a  &lt;#&gt;  at cstore",k give me a sec breaking a lt gt at cstore,0
Dont kick coco when he's down,dont kick coco when he s down,0
Sounds like a plan! Cardiff is still here and still cold! I'm sitting on the radiator!,sounds like a plan cardiff is still here and still cold i m sitting on the radiator,0
I might come to kerala for 2 days.so you can be prepared to take a leave once i finalise .dont plan any travel during my visit.need to finish urgent works.,i might come to kerala for [num] days so you can be prepared to take a leave once i finalise dont plan any travel during my visit need to finish urgent works,0
TBS/PERSOLVO. been chasing us since Sept for£38 definitely not paying now thanks to your information. We will ignore them. Kath. Manchester.,tbs persolvo been chasing us since sept for [num] definitely not paying now thanks to your information we will ignore them kath manchester,1
Match started.india  &lt;#&gt;  for 2,match started india lt gt for [num],0
BABE !!! I miiiiiiissssssssss you ! I need you !!! I crave you !!! :-( ... Geeee ... I'm so sad without you babe ... I love you ...,babe i miiiiiiissssssssss you i need you i crave you geeee i m so sad without you babe i love you,0
"Received, understood n acted upon!",received understood n acted upon,0
I reach home safe n sound liao...,i reach home safe n sound liao,0
Should i send you naughty pix? :),should i send you naughty pix,0
Will ü b going to esplanade fr home?,will b going to esplanade fr home,0
Happy new year. Hope you are having a good semester,happy new year hope you are having a good semester,0
Thats cool. I want to please you...,thats cool i want to please you,0
Hey... Very inconvenient for your sis a not huh?,hey very inconvenient for your sis a not huh,0
"Probably not, I'm almost out of gas and I get some cash tomorrow",probably not i m almost out of gas and i get some cash tomorrow,0
"I'm a guy, browsin is compulsory",i m a guy browsin is compulsory,0
Send me the new number,send me the new number,0
I can make lasagna for you... vodka...,i can make lasagna for you vodka,0
Are you this much buzy,are you this much buzy,0
"wiskey Brandy Rum Gin Beer Vodka Scotch Shampain Wine ""KUDI""yarasu dhina vaazhthukkal. ..",wiskey brandy rum gin beer vodka scotch shampain wine kudi yarasu dhina vaazhthukkal,0
"SHIT BABE.. THASA BIT MESSED UP.YEH, SHE SHUDVETOLD U. DID URGRAN KNOW?NEWAY, ILLSPEAK 2 U2MORO WEN IM NOT ASLEEP...",shit babe thasa bit messed up yeh she shudvetold u did urgran know neway illspeak [num] u [num] moro wen im not asleep,0
"I want to show you the world, princess :) how about europe?",i want to show you the world princess how about europe,0
Yes. I come to nyc for audiitions and am trying to relocate.,yes i come to nyc for audiitions and am trying to relocate,0
I keep ten rs in my shelf:) buy two egg.,i keep ten rs in my shelf buy two egg,0
They will pick up and drop in car.so no problem..,they will pick up and drop in car so no problem,0
Ok i wont call or disturb any one. I know all are avoiding me. I am a burden for all,ok i wont call or disturb any one i know all are avoiding me i am a burden for all,0
When should I come over?,when should i come over,0
Then any special there?,then any special there,0
"Hey sweet, I was wondering when you had a moment if you might come to me ? I want to send a file to someone but it won't go over yahoo for them because their connection sucks, remember when you set up that page for me to go to and download the format disc ? Could you tell me how to do that ? Or do you know some other way to download big files ? Because they can download stuff directly from the internet. Any help would be great, my prey ... *teasing kiss*",hey sweet i was wondering when you had a moment if you might come to me i want to send a file to someone but it won t go over yahoo for them because their connection sucks remember when you set up that page for me to go to and download the format disc could you tell me how to do that or do you know some other way to download big files because they can download stuff directly from the internet any help would be great my prey teasing kiss,0
1 I don't have her number and 2 its gonna be a massive pain in the ass and i'd rather not get involved if that's possible,[num] i don t have her number and [num] its gonna be a massive pain in the ass and i d rather not get involved if that s possible,0
You have won a Nokia 7250i. This is what you get when you win our FREE auction. To take part send Nokia to 86021 now. HG/Suite342/2Lands Row/W1JHL 16+ ,you have won a nokia [num] i this is what you get when you win our free auction to take part send nokia to [num] now hg suite [num] [num] lands row w [num] jhl [num],1
V nice! Off 2 sheffield tom 2 air my opinions on categories 2 b used 2 measure ethnicity in next census. Busy transcribing. :-),v nice off [num] sheffield tom [num] air my opinions on categories [num] b used [num] measure ethnicity in next census busy transcribing,0
It didnt work again oh. Ok goodnight then. I.ll fix and have it ready by the time you wake up. You are very dearly missed have a good night sleep.,it didnt work again oh ok goodnight then i ll fix and have it ready by the time you wake up you are very dearly missed have a good night sleep,0
"Thank You for calling.Forgot to say Happy Onam to you Sirji.I am fine here and remembered you when i met an insurance person.Meet You in Qatar Insha Allah.Rakhesh, ex Tata AIG who joined TISSCO,Tayseer.",thank you for calling forgot to say happy onam to you sirji i am fine here and remembered you when i met an insurance person meet you in qatar insha allah rakhesh ex tata aig who joined tissco tayseer,0
Do you like shaking your booty on the dance floor?,do you like shaking your booty on the dance floor,0
I sent your maga that money yesterday oh.,i sent your maga that money yesterday oh,0
Okie but i scared u say i fat... Then u dun wan me already...,okie but i scared u say i fat then u dun wan me already,0
No da:)he is stupid da..always sending like this:)don believe any of those message.pandy is a mental:),no da he is stupid da always sending like this don believe any of those message pandy is a mental,0
"Urgent UR awarded a complimentary trip to EuroDisinc Trav, Aco&Entry41 Or £1000. To claim txt DIS to 87121 18+6*£1.50(moreFrmMob. ShrAcomOrSglSuplt)10, LS1 3AJ",urgent ur awarded a complimentary trip to eurodisinc trav aco entry [num] or [num] to claim txt dis to [num] [num] [num] [num] [num] morefrmmob shracomorsglsuplt [num] ls [num] [num] aj,1
Hi happy birthday. Hi hi hi hi hi hi hi,hi happy birthday hi hi hi hi hi hi hi,0
Why must we sit around and wait for summer days to celebrate. Such a magical sight when the worlds dressed in white. Oooooh let there be snow.,why must we sit around and wait for summer days to celebrate such a magical sight when the worlds dressed in white oooooh let there be snow,0
Hey next sun 1030 there's a basic yoga course... at bugis... We can go for that... Pilates intro next sat.... Tell me what time you r free,hey next sun [num] there s a basic yoga course at bugis we can go for that pilates intro next sat tell me what time you r free,0
We walked from my moms. Right on stagwood pass right on winterstone left on victors hill. Address is &lt;#&gt;,we walked from my moms right on stagwood pass right on winterstone left on victors hill address is lt gt,0
Bring tat cd don forget,bring tat cd don forget,0
Ok.,ok,0
Ok enjoy . R u there in home.,ok enjoy r u there in home,0
Not getting anywhere with this damn job hunting over here!,not getting anywhere with this damn job hunting over here,0
Will be office around 4 pm. Now i am going hospital.,will be office around [num] pm now i am going hospital,0
Call 09095350301 and send our girls into erotic ecstacy. Just 60p/min. To stop texts call 08712460324 (nat rate),call [num] and send our girls into erotic ecstacy just [num] p min to stop texts call [num] nat rate,1
Ur cash-balance is currently 500 pounds - to maximize ur cash-in now send CASH to 86688 only 150p/msg. CC: 08708800282 HG/Suite342/2Lands Row/W1J6HL,ur cash balance is currently [num] pounds to maximize ur cash in now send cash to [num] only [num] p msg cc [num] hg suite [num] [num] lands row w [num] j [num] hl,1
What should i eat fo lunch senor,what should i eat fo lunch senor,0
He's just gonna worry for nothing. And he won't give you money its no use.,he s just gonna worry for nothing and he won t give you money its no use,0
"Urgent! call 09066350750 from your landline. Your complimentary 4* Ibiza Holiday or 10,000 cash await collection SAE T&Cs PO BOX 434 SK3 8WP 150 ppm 18+",urgent call [num] from your landline your complimentary [num] ibiza holiday or [num] [num] cash await collection sae t cs po box [num] sk [num] [num] wp [num] ppm [num],1
After completed degree. There is no use in joining finance.,after completed degree there is no use in joining finance,0
U coming 2 pick me?,u coming [num] pick me,0
JADE ITS PAUL. Y DIDNT U TXT ME? DO U REMEMBER ME FROM BARMED? I WANT 2 TALK 2 U! TXT ME,jade its paul y didn t u txt me do u remember me from barmed i want [num] talk [num] u txt me,0
Dear U've been invited to XCHAT. This is our final attempt to contact u! Txt CHAT to 86688 150p/MsgrcvdHG/Suite342/2Lands/Row/W1J6HL LDN 18 yrs,dear u ve been invited to xchat this is our final attempt to contact u txt chat to [num] [num] p msgrcvdhg suite [num] [num] lands row w [num] j [num] hl ldn [num] yrs,1
You busy or can I come by at some point and figure out what we're doing tomorrow,you busy or can i come by at some point and figure out what we re doing tomorrow,0
Tell them no need to investigate about me anywhere.,tell them no need to investigate about me anywhere,0
R u sure they'll understand that! Wine * good idea just had a slurp!,r u sure they ll understand that wine good idea just had a slurp,0
What happen dear. Why you silent. I am tensed,what happen dear why you silent i am tensed,0
I plane to give on this month end.,i plane to give on this month end,0
Lolnice. I went from a fish to ..water.?,lolnice i went from a fish to water,0
Slaaaaave ! Where are you ? Must I summon you to me all the time now ? Don't you wish to come to me on your own anymore?,slaaaaave where are you must i summon you to me all the time now don t you wish to come to me on your own anymore,0
"The  &lt;#&gt; g that i saw a few days ago, the guy wants sell wifi only for  &lt;#&gt;  and with 3g for  &lt;#&gt; . That's why i blanked him.",the lt gt g that i saw a few days ago the guy wants sell wifi only for lt gt and with [num] g for lt gt that s why i blanked him,0
"No idea, I guess we'll work that out an hour after we're supposed to leave since as usual nobody has any interest in figuring shit out before the last second",no idea i guess we ll work that out an hour after we re supposed to leave since as usual nobody has any interest in figuring shit out before the last second,0
"Better than bb. If he wont use it, his wife will or them doctor",better than bb if he wont use it his wife will or them doctor,0
"Thanks for your Ringtone Order, Reference T91. You will be charged GBP 4 per week. You can unsubscribe at anytime by calling customer services on 09057039994",thanks for your ringtone order reference t [num] you will be charged gbp [num] per week you can unsubscribe at anytime by calling customer services on [num],1
Another month. I need chocolate weed and alcohol.,another month i need chocolate weed and alcohol,0
K da:)how many page you want?,k da how many page you want,0
"This is the 2nd time we have tried to contact u. U have won the £400 prize. 2 claim is easy, just call 087104711148 NOW! Only 10p per minute. BT-national-rate",this is the [num] nd time we have tried to contact u u have won the [num] prize [num] claim is easy just call [num] now only [num] p per minute bt national rate,1
Misplaced your number and was sending texts to your old number. Wondering why i've not heard from you this year. All the best in your mcat. Got this number from my atlanta friends,misplaced your number and was sending texts to your old number wondering why i ve not heard from you this year all the best in your mcat got this number from my atlanta friends,0
somewhere out there beneath the pale moon light someone think in of u some where out there where dreams come true... goodnite &amp; sweet dreams,somewhere out there beneath the pale moon light someone think in of u some where out there where dreams come true goodnite amp sweet dreams,0
Y ü wan to go there? C doctor?,y wan to go there c doctor,0
"Hi, this is Mandy Sullivan calling from HOTMIX FM...you are chosen to receive £5000.00 in our Easter Prize draw.....Please telephone 09041940223 to claim before 29/03/05 or your prize will be transferred to someone else....",hi this is mandy sullivan calling from hotmix fm you are chosen to receive [num] [num] in our easter prize draw please telephone [num] to claim before [num] [num] [num] or your prize will be transferred to someone else,1
That was random saw my old roomate on campus. He graduated,that was random saw my old roomate on campus he graduated,0
I am not at all happy with what you saying or doing,i am not at all happy with what you saying or doing,0
INTERFLORA - It's not too late to order Interflora flowers for christmas call 0800 505060 to place your order before Midnight tomorrow.,interflora it s not too late to order interflora flowers for christmas call [num] [num] to place your order before midnight tomorrow,1
Oh god..taken the teeth?is it paining,oh god taken the teeth is it paining,0
Just got up. have to be out of the room very soon. …. i hadn't put the clocks back til at 8 i shouted at everyone to get up and then realised it was 7. wahay. another hour in bed.,just got up have to be out of the room very soon i hadn t put the clocks back til at [num] i shouted at everyone to get up and then realised it was [num] wahay another hour in bed,0
U reach orchard already? U wan 2 go buy tickets first?,u reach orchard already u wan [num] go buy tickets first,0
Dunno lei... I thk mum lazy to go out... I neva ask her yet...,dunno lei i thk mum lazy to go out i neva ask her yet,0
Oh yeah I forgot. U can only take 2 out shopping at once.,oh yeah i forgot u can only take [num] out shopping at once,0
"FR'NDSHIP is like a needle of a clock. Though V r in d same clock, V r nt able 2 met. Evn if V meet,itz only 4few seconds. Bt V alwys stay conected. Gud 9t;-)",fr ndship is like a needle of a clock though v r in d same clock v r nt able [num] met evn if v meet itz only [num] few seconds bt v alwys stay conected gud [num] t,0
"Call me. I m unable to cal. Lets meet bhaskar, and deep",call me i m unable to cal lets meet bhaskar and deep,0
I thank you so much for all you do with selflessness. I love you plenty.,i thank you so much for all you do with selflessness i love you plenty,0
"Sorry battery died, yeah I'm here",sorry battery died yeah i m here,0
U horrible gal... U knew dat i was going out wif him yest n u still come n ask me...,u horrible gal u knew dat i was going out wif him yest n u still come n ask me,0
Got meh... When?,got meh when,0
Message Important information for O2 user. Today is your lucky day! 2 find out why log onto http://www.urawinner.com there is a fantastic surprise awaiting you,message important information for o [num] user today is your lucky day [num] find out why log onto [url] there is a fantastic surprise awaiting you,1
You have WON a guaranteed £1000 cash or a £2000 prize.To claim yr prize call our customer service representative on,you have won a guaranteed [num] cash or a [num] prize to claim yr prize call our customer service representative on,1
Hello- thanx for taking that call. I got a job! Starts on monday!,hello thanx for taking that call i got a job starts on monday,0
Hahaha..use your brain dear,hahaha use your brain dear,0
Dont gimme that lip caveboy,dont gimme that lip caveboy,0
"Good afternoon, my love ... How goes your day ? How did you sleep ? I hope your well, my boytoy ... I think of you ...",good afternoon my love how goes your day how did you sleep i hope your well my boytoy i think of you,0
Message:some text missing* Sender:Name Missing* *Number Missing *Sent:Date missing *Missing U a lot thats y everything is missing sent via fullonsms.com,message some text missing sender name missing number missing sent date missing missing u a lot thats y everything is missing sent via fullonsms com,0
"swhrt how u dey,hope ur ok, tot about u 2day.love n miss.take care.",swhrt how u dey hope ur ok tot about u [num] day love n miss take care,0
How u doin baby girl ?? hope u are okay every time I call ure phone is off! I miss u get in touch,how u doin baby girl hope u are okay every time i call ure phone is off i miss u get in touch,0
Today am going to college so am not able to atten the class.,today am going to college so am not able to atten the class,0
Come to medical college at 7pm ......forward it da,come to medical college at [num] pm forward it da,0
You didn't have to tell me that...now i'm thinking. Plus he's going to stop all your runs,you didn t have to tell me that now i m thinking plus he s going to stop all your runs,0
I guess it is useless calling u 4 something important.,i guess it is useless calling u [num] something important,0
WHITE FUDGE OREOS ARE IN STORES,white fudge oreos are in stores,0
"Yeah, I'll leave in a couple minutes &amp; let you know when I get to mu",yeah i ll leave in a couple minutes amp let you know when i get to mu,0
S.i'm watching it in live..,s i m watching it in live,0
Urgent Please call 09066612661 from landline. £5000 cash or a luxury 4* Canary Islands Holiday await collection. T&Cs SAE award. 20M12AQ. 150ppm. 16+ “,urgent please call [num] from landline [num] cash or a luxury [num] canary islands holiday await collection t cs sae award [num] m [num] aq [num] ppm [num],1
This pain couldn't have come at a worse time.,this pain couldn t have come at a worse time,0
So its to be poking man everyday that they teach you in canada abi! How are you. Just saying hi.,so its to be poking man everyday that they teach you in canada abi how are you just saying hi,0
Yes i think so. I am in office but my lap is in room i think thats on for the last few days. I didnt shut that down,yes i think so i am in office but my lap is in room i think thats on for the last few days i didnt shut that down,0
Pete can you please ring meive hardly gotany credit,pete can you please ring meive hardly gotany credit,0
You have WON a guaranteed £1000 cash or a £2000 prize. To claim yr prize call our customer service representative on 08714712412 between 10am-7pm Cost 10p,you have won a guaranteed [num] cash or a [num] prize to claim yr prize call our customer service representative on [num] between [num] am [num] pm cost [num] p,1
Back 2 work 2morro half term over! Can U C me 2nite 4 some sexy passion B4 I have 2 go back? Chat NOW 09099726481 Luv DENA Calls £1/minMobsmoreLKPOBOX177HP51FL,back [num] work [num] morro half term over can u c me [num] nite [num] some sexy passion b [num] i have [num] go back chat now [num] luv dena calls [num] minmobsmorelkpobox [num] hp [num] fl,1
"see, i knew giving you a break a few times woul lead to you always wanting to miss curfew. I was gonna gibe you 'til one, but a MIDNIGHT movie is not gonna get out til after 2. You need to come home. You need to getsleep and, if anything, you need to b studdying ear training.",see i knew giving you a break a few times woul lead to you always wanting to miss curfew i was gonna gibe you til one but a midnight movie is not gonna get out til after [num] you need to come home you need to getsleep and if anything you need to b studdying ear training,0
As in i want custom officer discount oh.,as in i want custom officer discount oh,0
There is a first time for everything :),there is a first time for everything,0
Ur HMV Quiz cash-balance is currently £500 - to maximize ur cash-in now send HMV1 to 86688 only 150p/msg,ur hmv quiz cash balance is currently [num] to maximize ur cash in now send hmv [num] to [num] only [num] p msg,1
Take care and sleep well.you need to learn to change in life.you only need to get CONVINCED on that.i will wait but no more conversations between us.GET CONVINCED by that time.Your family is over for you in many senses.respect them but not overemphasise.or u have no role in my life.,take care and sleep well you need to learn to change in life you only need to get convinced on that i will wait but no more conversations between us get convinced by that time your family is over for you in many senses respect them but not overemphasise or u have no role in my life,0
Oh Howda gud gud.. Mathe en samachara chikku:-),oh howda gud gud mathe en samachara chikku,0
Sad story of a Man - Last week was my b'day. My Wife did'nt wish me. My Parents forgot n so did my Kids . I went to work. Even my Colleagues did not wish.,sad story of a man last week was my b day my wife did nt wish me my parents forgot n so did my kids i went to work even my colleagues did not wish,0
Give one miss from that number please,give one miss from that number please,0
But i have to. I like to have love and arrange.,but i have to i like to have love and arrange,0
Thank u. IT BETTER WORK OUT CAUSE I WILL FEEL USED OTHERWISE,thank u it better work out cause i will feel used otherwise,0
I have a rather prominent bite mark on my right cheek,i have a rather prominent bite mark on my right cheek,0
We left already we at orchard now.,we left already we at orchard now,0
Hi there. We have now moved in2 our pub . Would be great 2 c u if u cud come up.,hi there we have now moved in [num] our pub would be great [num] c u if u cud come up,0
ZOE IT JUST HIT ME 2 IM FUCKING SHITIN MYSELF IL DEFO TRY MY HARDEST 2 CUM 2MOROW LUV U MILLIONS LEKDOG,zoe it just hit me [num] im fucking shitin myself il defo try my hardest [num] cum [num] morow luv u millions lekdog,0
Thanx u darlin!im cool thanx. A few bday drinks 2 nite. 2morrow off! Take care c u soon.xxx,thanx u darlin im cool thanx a few bday drinks [num] nite [num] morrow off take care c u soon xxx,0
"Wan2 win a Meet+Greet with Westlife 4 U or a m8? They are currently on what tour? 1)Unbreakable, 2)Untamed, 3)Unkempt. Text 1,2 or 3 to 83049. Cost 50p +std text",wan [num] win a meet greet with westlife [num] u or a m [num] they are currently on what tour [num] unbreakable [num] untamed [num] unkempt text [num] [num] or [num] to [num] cost [num] p std text,1
I'm home. Doc gave me pain meds says everything is fine.,i m home doc gave me pain meds says everything is fine,0
Can you pls send me that company name. In saibaba colany,can you pls send me that company name in saibaba colany,0
Its ok..come to my home it vl nice to meet and v can chat..,its ok come to my home it vl nice to meet and v can chat,0
"Goodmorning, today i am late for  &lt;DECIMAL&gt; min.",goodmorning today i am late for lt decimal gt min,0
"Yeah, probably earlier than that",yeah probably earlier than that,0
Ok that's great thanx a lot.,ok that s great thanx a lot,0
Same. Wana plan a trip sometme then,same wana plan a trip sometme then,0
Hey so this sat are we going for the intro pilates only? Or the kickboxing too? ,hey so this sat are we going for the intro pilates only or the kickboxing too,0
"For ur chance to win a £250 cash every wk TXT: ACTION to 80608. T's&C's www.movietrivia.tv custcare 08712405022, 1x150p/wk",for ur chance to win a [num] cash every wk txt action to [num] t s c s [url] custcare [num] [num] x [num] p wk,1
The greatest test of courage on earth is to bear defeat without losing heart....gn tc,the greatest test of courage on earth is to bear defeat without losing heart gn tc,0
Ü comin to fetch us oredi...,comin to fetch us oredi,0
COME BACK TO TAMPA FFFFUUUUUUU,come back to tampa ffffuuuuuuu,0
Ü still attending da talks?,still attending da talks,0
Rofl betta invest in some  anti aging products,rofl betta invest in some anti aging products,0
Hey anyway i have to :-),hey anyway i have to,0
"Ta-Daaaaa! I am home babe, are you still up ?",ta daaaaa i am home babe are you still up,0
HEY DAS COOL... IKNOW ALL 2 WELLDA PERIL OF STUDENTFINANCIAL CRISIS!SPK 2 U L8R.,hey das cool iknow all [num] wellda peril of studentfinancial crisis spk [num] u l [num] r,0
Guess who am I?This is the first time I created a web page WWW.ASJESUS.COM read all I wrote. I'm waiting for your opinions. I want to be your friend 1/1,guess who am i this is the first time i created a web page [url] read all i wrote i m waiting for your opinions i want to be your friend [num] [num],1
Thanks for looking out for me. I really appreciate.,thanks for looking out for me i really appreciate,0
"FREE GAME. Get Rayman Golf 4 FREE from the O2 Games Arcade. 1st get UR games settings. Reply POST, then save & activ8. Press 0 key for Arcade. Termsapply",free game get rayman golf [num] free from the o [num] games arcade [num] st get ur games settings reply post then save activ [num] press [num] key for arcade termsapply,1
One small prestige problem now.,one small prestige problem now,0
Was gr8 to see that message. So when r u leaving? Congrats dear. What school and wat r ur plans.,was gr [num] to see that message so when r u leaving congrats dear what school and wat r ur plans,0
Yeah no probs - last night is obviously catching up with you... Speak soon ,yeah no probs last night is obviously catching up with you speak soon,0
Sorry da..today i wont come to play..i have driving clas..,sorry da today i wont come to play i have driving clas,0
Where wuld I be without my baby? The thought alone mite break me and I dont wanna go crazy but everyboy needs his lady xxxxxxxx,where wuld i be without my baby the thought alone mite break me and i don t wanna go crazy but everyboy needs his lady xxxxxxxx,0
"When people see my msgs, They think Iam addicted to msging... They are wrong, Bcoz They don\'t know that Iam addicted to my sweet Friends..!! BSLVYL",when people see my msgs they think iam addicted to msging they are wrong bcoz they don t know that iam addicted to my sweet friends bslvyl,0
"Nah it's straight, if you can just bring bud or drinks or something that's actually a little more useful than straight cash",nah it s straight if you can just bring bud or drinks or something that s actually a little more useful than straight cash,0
Oh k:)after that placement there ah?,oh k after that placement there ah,0
Email AlertFrom: Jeri StewartSize: 2KBSubject: Low-cost prescripiton drvgsTo listen to email call 123,email alertfrom jeri stewartsize [num] kbsubject low cost prescripiton drvgsto listen to email call [num],1
"Did you say bold, then torch later. Or one torch and 2bold?",did you say bold then torch later or one torch and [num] bold,0
Today iZ Yellow rose day. If u love my frndship give me 1 misscall &amp; send this to ur frndZ &amp; See how many miss calls u get. If u get 6missed U marry ur Lover.,today iz yellow rose day if u love my frndship give me [num] misscall amp send this to ur frndz amp see how many miss calls u get if u get [num] missed u marry ur lover,0
I think the other two still need to get cash but we can def be ready by 9,i think the other two still need to get cash but we can def be ready by [num],0
"Eerie Nokia tones 4u, rply TONE TITLE to 8007 eg TONE DRACULA to 8007 Titles: GHOST, ADDAMSFA, MUNSTERS, EXORCIST, TWILIGHT www.getzed.co.uk POBox36504W45WQ 150p",eerie nokia tones [num] u rply tone title to [num] eg tone dracula to [num] titles ghost addamsfa munsters exorcist twilight [url] pobox [num] w [num] wq [num] p,1
"Text82228>> Get more ringtones, logos and games from www.txt82228.com. Questions: info@txt82228.co.uk",text [num] get more ringtones logos and games from [url] questions [email],1
Free 1st week entry 2 TEXTPOD 4 a chance 2 win 40GB iPod or £250 cash every wk. Txt POD to 84128 Ts&Cs www.textpod.net custcare 08712405020.,free [num] st week entry [num] textpod [num] a chance [num] win [num] gb ipod or [num] cash every wk txt pod to [num] ts cs [url] custcare [num],1
"They can try! They can get lost, in fact. Tee hee",they can try they can get lost in fact tee hee,0
O was not into fps then.,o was not into fps then,0
Have you been practising your curtsey?,have you been practising your curtsey,0
I'm sorry. I've joined the league of people that dont keep in touch. You mean a great deal to me. You have been a friend at all times even at great personal cost. Do have a great week.|,i m sorry i ve joined the league of people that dont keep in touch you mean a great deal to me you have been a friend at all times even at great personal cost do have a great week,0
"Good afternoon, my boytoy ... How are you feeling today ? Better I hope? Are you being my good boy? Are you my obedient, slave? Do you please your Queen?",good afternoon my boytoy how are you feeling today better i hope are you being my good boy are you my obedient slave do you please your queen,0
"Very strange.  and  are watching the 2nd one now but i'm in bed. Sweet dreams, miss u ",very strange and are watching the [num] nd one now but i m in bed sweet dreams miss u,0
I'm done. C ü there.,i m done c there,0
"I'm not smoking while people use ""wylie smokes too much"" to justify ruining my shit",i m not smoking while people use wylie smokes too much to justify ruining my shit,0
Depends on where u going lor.,depends on where u going lor,0
We live in the next  &lt;#&gt; mins,we live in the next lt gt mins,0
What was she looking for?,what was she looking for,0
It will stop on itself. I however suggest she stays with someone that will be able to give ors for every stool.,it will stop on itself i however suggest she stays with someone that will be able to give ors for every stool,0
"no, i *didn't* mean to post it. I wrote it, and like so many other times i've ritten stuff to you, i let it sit there. it WAS what i was feeling at the time. I was angry. Before i left, i hit send, then stop. It wasn't there. I checked on my phone when i got to my car. It wasn't there. You said you didn't sleep, you were bored. So why wouldn't THAT be the time to clean, fold laundry, etc.? At least make the bed?",no i didn t mean to post it i wrote it and like so many other times i ve ritten stuff to you i let it sit there it was what i was feeling at the time i was angry before i left i hit send then stop it wasn t there i checked on my phone when i got to my car it wasn t there you said you didn t sleep you were bored so why wouldn t that be the time to clean fold laundry etc at least make the bed,0
"Tunde, how are you doing. This is just wishing you a great day. Abiola.",tunde how are you doing this is just wishing you a great day abiola,0
Ee msg na poortiyagi odalebeku: Hanumanji 7 name 1-Hanuman 2-Bajarangabali 3-Maruti 4-Pavanaputra 5-Sankatmochan 6-Ramaduth 7-Mahaveer ee 7 name  &lt;#&gt;  janarige ivatte kalisidare next saturday olage ondu good news keluviri...! Maretare inde 1 dodda problum nalli siguviri idu matra  &lt;#&gt; % true.. Don't neglet.,ee msg na poortiyagi odalebeku hanumanji [num] name [num] hanuman [num] bajarangabali [num] maruti [num] pavanaputra [num] sankatmochan [num] ramaduth [num] mahaveer ee [num] name lt gt janarige ivatte kalisidare next saturday olage ondu good news keluviri maretare inde [num] dodda problum nalli siguviri idu matra lt gt true don t neglet,0
Going to join tomorrow.,going to join tomorrow,0
Prabha..i'm soryda..realy..frm heart i'm sory,prabha i m soryda realy frm heart i m sory,0
S.this will increase the chance of winning.,s this will increase the chance of winning,0
Package all your programs well,package all your programs well,0
Can you do a mag meeting this avo at some point?,can you do a mag meeting this avo at some point,0
"Sure, whenever you show the fuck up &gt;:(",sure whenever you show the fuck up gt,0
Ok... But they said i've got wisdom teeth hidden inside n mayb need 2 remove.,ok but they said i ve got wisdom teeth hidden inside n mayb need [num] remove,0
He also knows about lunch menu only da. . I know,he also knows about lunch menu only da i know,0
"Hi Jon, Pete here, Ive bin 2 Spain recently & hav sum dinero left, Bill said u or ur rents mayb interested in it, I hav 12,000pes, so around £48, tb, James.",hi jon pete here ive bin [num] spain recently hav sum dinero left bill said u or ur rents mayb interested in it i hav [num] [num] pes so around [num] tb james,0
"Chinatown got porridge, claypot rice, yam cake, fishhead beehoon... Either we eat cheap den go cafe n tok or go nydc or somethin...",chinatown got porridge claypot rice yam cake fishhead beehoon either we eat cheap den go cafe n tok or go nydc or somethin,0
Don know..wait i will check it.,don know wait i will check it,0
"'An Amazing Quote'' - ""Sometimes in life its difficult to decide whats wrong!! a lie that brings a smile or the truth that brings a tear....""",an amazing quote sometimes in life its difficult to decide whats wrong a lie that brings a smile or the truth that brings a tear,0
"Hmm... Dunno leh, mayb a bag 4 goigng out dat is not too small. Or jus anything except perfume, smth dat i can keep.",hmm dunno leh mayb a bag [num] goigng out dat is not too small or jus anything except perfume smth dat i can keep,0
Detroit. The home of snow. Enjoy it.,detroit the home of snow enjoy it,0
I'll text now! All creepy like so he won't think that we forgot,i ll text now all creepy like so he won t think that we forgot,0
"Kind of. Just missed train cos of asthma attack, nxt one in half hr so driving in. not sure where to park.",kind of just missed train cos of asthma attack nxt one in half hr so driving in not sure where to park,0
Hello handsome ! Are you finding that job ? Not being lazy ? Working towards getting back that net for mummy ? Where's my boytoy now ? Does he miss me ?,hello handsome are you finding that job not being lazy working towards getting back that net for mummy where s my boytoy now does he miss me,0
Ok no prob...,ok no prob,0
Have you laid your airtel line to rest?,have you laid your airtel line to rest,0
"Yo, you gonna still be in stock tomorrow/today? I'm trying to get a dubsack",yo you gonna still be in stock tomorrow today i m trying to get a dubsack,0
I need you to be in my strong arms...,i need you to be in my strong arms,0
Wot u up 2 u weirdo?,wot u up [num] u weirdo,0
"So anyways, you can just go to your gym or whatever, my love *smiles* I hope your ok and having a good day babe ... I miss you so much already",so anyways you can just go to your gym or whatever my love smiles i hope your ok and having a good day babe i miss you so much already,0
"FreeMsg: Claim ur 250 SMS messages-Text OK to 84025 now!Use web2mobile 2 ur mates etc. Join Txt250.com for 1.50p/wk. T&C BOX139, LA32WU. 16 . Remove txtX or stop",freemsg claim ur [num] sms messages text ok to [num] now use web [num] mobile [num] ur mates etc join txt [num] com for [num] [num] p wk t c box [num] la [num] wu [num] remove txtx or stop,1
Win a £1000 cash prize or a prize worth £5000,win a [num] cash prize or a prize worth [num],1
Whens your radio show?,whens your radio show,0
WINNER! As a valued network customer you hvae been selected to receive a £900 reward! To collect call 09061701444. Valid 24 hours only. ACL03530150PM,winner as a valued network customer you hvae been selected to receive a [num] reward to collect call [num] valid [num] hours only acl [num] pm,1
Raji..pls do me a favour. Pls convey my Birthday wishes to Nimya. Pls. Today is her birthday.,raji pls do me a favour pls convey my birthday wishes to nimya pls today is her birthday,0
Dear Subscriber ur draw 4 £100 gift voucher will b entered on receipt of a correct ans. When was Elvis Presleys Birthday? TXT answer to 80062,dear subscriber ur draw [num] [num] gift voucher will b entered on receipt of a correct ans when was elvis presleys birthday txt answer to [num],1
Yes but can we meet in town cos will go to gep and then home. You could text at bus stop. And don't worry we'll have finished by march … ish!,yes but can we meet in town cos will go to gep and then home you could text at bus stop and don t worry we ll have finished by march ish,0
"I noe la... U wana pei bf oso rite... K lor, other days den...",i noe la u wana pei bf oso rite k lor other days den,0
Thank you. do you generally date the brothas?,thank you do you generally date the brothas,0
By monday next week. Give me the full gist,by monday next week give me the full gist,0
Yeah jay's sort of a fucking retard,yeah jay s sort of a fucking retard,0
Host-based IDPS for linux systems.,host based idps for linux systems,0
I'm at home n ready...,i m at home n ready,0
Ok..,ok,0
Yo chad which gymnastics class do you wanna take? The site says Christians class is full..,yo chad which gymnastics class do you wanna take the site says christians class is full,0
Fancy a shag? I do.Interested? sextextuk.com txt XXUK SUZY to 69876. Txts cost 1.50 per msg. TnCs on website. X,fancy a shag i do interested sextextuk com txt xxuk suzy to [num] txts cost [num] [num] per msg tncs on website x,1
Oh ya ya. I remember da. .,oh ya ya i remember da,0
S....s...india going to draw the series after many years in south african soil..,s s india going to draw the series after many years in south african soil,0
 and  picking them up from various points,and picking them up from various points,0
Yes:)sura in sun tv.:)lol.,yes sura in sun tv lol,0
Do have a nice day today. I love you so dearly.,do have a nice day today i love you so dearly,0
"Camera quite good, 10.1mega pixels, 3optical and 5digital dooms. Have a lovely holiday, be safe and i hope you hav a good journey! Happy new year to you both! See you in a couple of weeks! ",camera quite good [num] [num] mega pixels [num] optical and [num] digital dooms have a lovely holiday be safe and i hope you hav a good journey happy new year to you both see you in a couple of weeks,0
&lt;#&gt;  great loxahatchee xmas tree burning update: you can totally see stars here,lt gt great loxahatchee xmas tree burning update you can totally see stars here,0
When did dad get back.,when did dad get back,0
Goodmorning sleeping ga.,goodmorning sleeping ga,0
Well at this right I'm gonna have to get up and check today's steam sales/pee so text me when you want me to come get you,well at this right i m gonna have to get up and check today s steam sales pee so text me when you want me to come get you,0
SERIOUSLY. TELL HER THOSE EXACT WORDS RIGHT NOW.,seriously tell her those exact words right now,0
"Sir, i am waiting for your call, once free please call me.",sir i am waiting for your call once free please call me,0
Hey you told your name to gautham ah?,hey you told your name to gautham ah,0
What can i do? Might accidant tookplace between somewhere ghodbandar rd. Traffic moves slovely. So plz slip &amp; don't worry.,what can i do might accidant tookplace between somewhere ghodbandar rd traffic moves slovely so plz slip amp don t worry,0
True lov n care wil nevr go unrecognized. though somone often makes mistakes when valuing it. but they will definitly undrstnd once when they start missing it.,true lov n care wil nevr go unrecognized though somone often makes mistakes when valuing it but they will definitly undrstnd once when they start missing it,0
Yo come over carlos will be here soon,yo come over carlos will be here soon,0
"Welcome to UK-mobile-date this msg is FREE giving you free calling to 08719839835. Future mgs billed at 150p daily. To cancel send ""go stop"" to 89123",welcome to uk mobile date this msg is free giving you free calling to [num] future mgs billed at [num] p daily to cancel send go stop to [num],1
Have you heard from this week?,have you heard from this week,0
I'm ok. Will do my part tomorrow,i m ok will do my part tomorrow,0
Nvm take ur time.,nvm take ur time,0
PRIVATE! Your 2003 Account Statement for 07753741225 shows 800 un-redeemed S. I. M. points. Call 08715203677 Identifier Code: 42478 Expires 24/10/04,private your [num] account statement for [num] shows [num] un redeemed s i m points call [num] identifier code [num] expires [num] [num] [num],1
She.s good. She was wondering if you wont say hi but she.s smiling now. So how are you coping with the long distance,she s good she was wondering if you wont say hi but she s smiling now so how are you coping with the long distance,0
I forgot 2 ask ü all smth.. There's a card on da present lei... How? Ü all want 2 write smth or sign on it?,i forgot [num] ask all smth there s a card on da present lei how all want [num] write smth or sign on it,0
Do you want a New Nokia 3510i Colour Phone Delivered Tomorrow? With 200 FREE minutes to any mobile + 100 FREE text + FREE camcorder Reply or Call 8000930705,do you want a new nokia [num] i colour phone delivered tomorrow with [num] free minutes to any mobile [num] free text free camcorder reply or call [num],1
"My painful personal thought- ""I always try to keep everybody happy all the time. But nobody recognises me when i am alone""",my painful personal thought i always try to keep everybody happy all the time but nobody recognises me when i am alone,0
AH POOR BABY!HOPE URFEELING BETTERSN LUV! PROBTHAT OVERDOSE OF WORK HEY GO CAREFUL SPK 2 U SN LOTS OF LOVEJEN XXX.,ah poor baby hope urfeeling bettersn luv probthat overdose of work hey go careful spk [num] u sn lots of lovejen xxx,0
Is there any training tomorrow?,is there any training tomorrow,0
Nice.nice.how is it working?,nice nice how is it working,0
Ard 530 lor. I ok then message ü lor.,ard [num] lor i ok then message lor,0
cThen i thk shd b enuff.. Still got conclusion n contents pg n references.. I'll b doing da contents pg n cover pg..,cthen i thk shd b enuff still got conclusion n contents pg n references i ll b doing da contents pg n cover pg,0
Yup i'm free...,yup i m free,0
Going for dinner.msg you after.,going for dinner msg you after,0
Well there's still a bit left if you guys want to tonight,well there s still a bit left if you guys want to tonight,0
"Good afternoon sexy buns! How goes the job search ? I wake and you are my first thought as always, my love. I wish your fine and happy and know I adore you!",good afternoon sexy buns how goes the job search i wake and you are my first thought as always my love i wish your fine and happy and know i adore you,0
"I sent my scores to sophas and i had to do secondary application for a few schools. I think if you are thinking of applying, do a research on cost also. Contact joke ogunrinde, her school is one me the less expensive ones",i sent my scores to sophas and i had to do secondary application for a few schools i think if you are thinking of applying do a research on cost also contact joke ogunrinde her school is one me the less expensive ones,0
This message is free. Welcome to the new & improved Sex & Dogging club! To unsubscribe from this service reply STOP. msgs@150p 18 only,this message is free welcome to the new improved sex dogging club to unsubscribe from this service reply stop msgs [num] p [num] only,1
Ok ill send you with in  &lt;DECIMAL&gt;  ok.,ok ill send you with in lt decimal gt ok,0
Sorry completely forgot * will pop em round this week if your still here?,sorry completely forgot will pop em round this week if your still here,0
Nationwide auto centre (or something like that) on Newport road. I liked them there,nationwide auto centre or something like that on newport road i liked them there,0
"Ok thats cool. Its , just off either raglan rd or edward rd. Behind the cricket ground. Gimme ring when ur closeby see you tuesday.",ok thats cool its just off either raglan rd or edward rd behind the cricket ground gimme ring when ur closeby see you tuesday,0
Huh but i cant go 2 ur house empty handed right?,huh but i cant go [num] ur house empty handed right,0
Hi. I'm sorry i missed your call. Can you pls call back.,hi i m sorry i missed your call can you pls call back,0
U still going to the mall?,u still going to the mall,0
"Sez, hows u & de arab boy? Hope u r all good give my love 2 evry1 love ya eshxxxxxxxxxxx",sez hows u de arab boy hope u r all good give my love [num] evry [num] love ya eshxxxxxxxxxxx,0
at bruce b downs &amp; fletcher now,at bruce b downs amp fletcher now,0
Nothing. Can...,nothing can,0
dont make ne plans for nxt wknd coz she wants us to come down then ok,dont make ne plans for nxt wknd coz she wants us to come down then ok,0
Congrats. That's great. I wanted to tell you not to tell me your score cos it might make me relax. But its motivating me so thanks for sharing,congrats that s great i wanted to tell you not to tell me your score cos it might make me relax but its motivating me so thanks for sharing,0
It's ok i noe u're busy but i'm really too bored so i msg u. I oso dunno wat colour she choose 4 me one.,it s ok i noe u re busy but i m really too bored so i msg u i oso dunno wat colour she choose [num] me one,0
Prepare to be pleasured :),prepare to be pleasured,0
I'll talk to the others and probably just come early tomorrow then,i ll talk to the others and probably just come early tomorrow then,0
Hi' Test on  &lt;#&gt; rd ....,hi test on lt gt rd,0
Who u talking about?,who u talking about,0
I have gone into get info bt dont know what to do,i have gone into get info bt dont know what to do,0
"If we hit it off, you can move in with me :)",if we hit it off you can move in with me,0
I don't know but I'm raping dudes at poker,i don t know but i m raping dudes at poker,0
would u fuckin believe it they didnt know i had thurs pre booked off so they re cancelled me AGAIN! that needs to b sacked,would u fuckin believe it they didnt know i had thurs pre booked off so they re cancelled me again that needs to b sacked,0
"Nah I don't think he goes to usf, he lives around here though",nah i don t think he goes to usf he lives around here though,0
todays vodafone numbers ending with 0089(my last four digits) are selected to received a £350 award. If your number matches please call 09063442151 to claim your £350 award,todays vodafone numbers ending with [num] my last four digits are selected to received a [num] award if your number matches please call [num] to claim your [num] award,1
Ok... Help me ask if she's working tmr a not?,ok help me ask if she s working tmr a not,0
At 7 we will go ok na.,at [num] we will go ok na,0
"Gumby's has a special where a  &lt;#&gt; "" cheese pizza is $2 so I know what we're doin tonight",gumby s has a special where a lt gt cheese pizza is [num] so i know what we re doin tonight,0
"Call me da, i am waiting for your call.",call me da i am waiting for your call,0
I thk u dun haf 2 hint in e forum already lor... Cos i told ron n darren is going 2 tell shuhui.,i thk u dun haf [num] hint in e forum already lor cos i told ron n darren is going [num] tell shuhui,0
"For your chance to WIN a FREE Bluetooth Headset then simply reply back with ""ADP""",for your chance to win a free bluetooth headset then simply reply back with adp,1
The guy did some bitching but I acted like i'd be interested in buying something else next week and he gave it to us for free,the guy did some bitching but i acted like i d be interested in buying something else next week and he gave it to us for free,0
If I get there before you after your ten billion calls and texts so help me god,if i get there before you after your ten billion calls and texts so help me god,0
"Wait, do you know if wesleys in town? I bet she does hella drugs!",wait do you know if wesleys in town i bet she does hella drugs,0
I'm always looking for an excuse to be in the city.,i m always looking for an excuse to be in the city,0
You need to get up. Now.,you need to get up now,0
"FreeMSG You have been awarded a FREE mini DIGITAL CAMERA, just reply SNAP to collect your prize! (quizclub Opt out? Stop 80122300p/wk SP:RWM Ph:08704050406)",freemsg you have been awarded a free mini digital camera just reply snap to collect your prize quizclub opt out stop [num] p wk sp rwm ph [num],1
Havent planning to buy later. I check already lido only got 530 show in e afternoon. U finish work already?,havent planning to buy later i check already lido only got [num] show in e afternoon u finish work already,0
lyricalladie(21/F) is inviting you to be her friend. Reply YES-910 or NO-910. See her: www.SMS.ac/u/hmmross STOP? Send STOP FRND to 62468,lyricalladie [num] f is inviting you to be her friend reply yes [num] or no [num] see her [url] stop send stop frnd to [num],1
Looks like u wil b getting a headstart im leaving here bout 2.30ish but if u r desperate for my company I could head in earlier-we were goin to meet in rummer.,looks like u wil b getting a headstart im leaving here bout [num] [num] ish but if u r desperate for my company i could head in earlier we were goin to meet in rummer,0
I'm job profile seems like bpo..,i m job profile seems like bpo,0
Nah im goin 2 the wrks with j wot bout u?,nah im goin [num] the wrks with j wot bout u,0
Wat r u doing?,wat r u doing,0
"Get the door, I'm here",get the door i m here,0
You've already got a flaky parent. It'snot supposed to be the child's job to support the parent...not until they're The Ride age anyway. I'm supposed to be there to support you. And now i've hurt you. unintentional. But hurt nonetheless.,you ve already got a flaky parent it snot supposed to be the child s job to support the parent not until they re the ride age anyway i m supposed to be there to support you and now i ve hurt you unintentional but hurt nonetheless,0
Big brother‘s really scraped the barrel with this shower of social misfits,big brother s really scraped the barrel with this shower of social misfits,0
But that's on ebay it might be less elsewhere.,but that s on ebay it might be less elsewhere,0
"You know, wot people wear. T shirts, jumpers, hat, belt, is all we know. We r at Cribbs",you know wot people wear t shirts jumpers hat belt is all we know we r at cribbs,0
Is there coming friday is leave for pongal?do you get any news from your work place.,is there coming friday is leave for pongal do you get any news from your work place,0
Hey! Congrats 2u2. id luv 2 but ive had 2 go home!,hey congrats [num] u [num] id luv [num] but ive had [num] go home,0
Hmmm:)how many players selected?,hmmm how many players selected,0
"life alle mone,eppolum oru pole allalo",life alle mone eppolum oru pole allalo,0
"Yeah there's barely enough room for the two of us, x has too many fucking shoes. Sorry man, see you later",yeah there s barely enough room for the two of us x has too many fucking shoes sorry man see you later,0
Aiyar dun disturb u liao... Thk u have lots 2 do aft ur cupboard come...,aiyar dun disturb u liao thk u have lots [num] do aft ur cupboard come,0
"Pls send me a comprehensive mail about who i'm paying, when and how much.",pls send me a comprehensive mail about who i m paying when and how much,0
So is there anything specific I should be doing with regards to jaklin or what because idk what the fuck,so is there anything specific i should be doing with regards to jaklin or what because idk what the fuck,0
"Your account has been credited with 500 FREE Text Messages. To activate, just txt the word: CREDIT to No: 80488 T&Cs www.80488.biz",your account has been credited with [num] free text messages to activate just txt the word credit to no [num] t cs [url],1
"Goodnight, sleep well da please take care pa. Please.",goodnight sleep well da please take care pa please,0
Mm that time you dont like fun,mm that time you dont like fun,0
If i said anything wrong sorry de:-),if i said anything wrong sorry de,0
Ok i vl..do u know i got adsense approved..,ok i vl do u know i got adsense approved,0
Ok. No wahala. Just remember that a friend in need ...,ok no wahala just remember that a friend in need,0
Its  &lt;#&gt; k here oh. Should i send home for sale.,its lt gt k here oh should i send home for sale,0
;-) ok. I feel like john lennon.,ok i feel like john lennon,0
But pls dont play in others life.,but pls dont play in others life,0
I dunno they close oredi not... Ü v ma fan...,i dunno they close oredi not v ma fan,0
No need to ke qi... Ü too bored izzit y suddenly thk of this...,no need to ke qi too bored izzit y suddenly thk of this,0
Congratulations ur awarded either a yrs supply of CDs from Virgin Records or a Mystery Gift GUARANTEED Call 09061104283 Ts&Cs www.smsco.net £1.50pm approx 3mins,congratulations ur awarded either a yrs supply of cds from virgin records or a mystery gift guaranteed call [num] ts cs [url] [num] [num] pm approx [num] mins,1
U WILL SWITCH YOUR FONE ON DAMMIT!!,u will switch your fone on dammit,0
I am not having her number sir,i am not having her number sir,0
Where are you?when wil you reach here?,where are you when wil you reach here,0
LOL ... Have you made plans for new years?,lol have you made plans for new years,0
Just got to  &lt;#&gt;,just got to lt gt,0
"I wonder if your phone battery went dead ? I had to tell you, I love you babe",i wonder if your phone battery went dead i had to tell you i love you babe,0
Mm umma ask vava also to come tell him can play later together,mm umma ask vava also to come tell him can play later together,0
Oh wow thats gay. Will firmware update help,oh wow thats gay will firmware update help,0
BIG BROTHER ALERT! The computer has selected u for 10k cash or #150 voucher. Call 09064018838. NTT PO Box CRO1327 18+ BT Landline Cost 150ppm mobiles vary,big brother alert the computer has selected u for [num] k cash or [num] voucher call [num] ntt po box cro [num] [num] bt landline cost [num] ppm mobiles vary,1
I hate when she does this. She turns what should be a fun shopping trip into an annoying day of how everything would look in her house.,i hate when she does this she turns what should be a fun shopping trip into an annoying day of how everything would look in her house,0
"Damn, can you make it tonight or do you want to just wait til tomorrow",damn can you make it tonight or do you want to just wait til tomorrow,0
Yunny... I'm goin to be late,yunny i m goin to be late,0
Hello. They are going to the village pub at 8 so either come here or there accordingly. Ok?,hello they are going to the village pub at [num] so either come here or there accordingly ok,0
"… we r stayin here an extra week, back next wed. How did we do in the rugby this weekend? Hi to and and , c u soon """,we r stayin here an extra week back next wed how did we do in the rugby this weekend hi to and and c u soon,0
Yes. It's all innocent fun. O:-),yes it s all innocent fun o,0
"I guess that's why you re worried. You must know that there's a way the body repairs itself. And i'm quite sure you shouldn't worry. We'll take it slow. First the tests, they will guide when your ovulation is then just relax. Nothing you've said is a reason to worry but i.ll keep on followin you up.",i guess that s why you re worried you must know that there s a way the body repairs itself and i m quite sure you shouldn t worry we ll take it slow first the tests they will guide when your ovulation is then just relax nothing you ve said is a reason to worry but i ll keep on followin you up,0
THANX 4 PUTTIN DA FONE DOWN ON ME!!,thanx [num] puttin da fone down on me,0
I havent add ü yet right.. ,i havent add yet right,0
How long does it take to get it.,how long does it take to get it,0
You should change your fb to jaykwon thuglyfe falconerf,you should change your fb to jaykwon thuglyfe falconerf,0
You sure your neighbors didnt pick it up,you sure your neighbors didnt pick it up,0
"Since when, which side, any fever, any vomitin.",since when which side any fever any vomitin,0
"URGENT! Your mobile No 07xxxxxxxxx won a £2,000 bonus caller prize on 02/06/03! this is the 2nd attempt to reach YOU! call 09066362231 ASAP! BOX97N7QP, 150PPM",urgent your mobile no [num] xxxxxxxxx won a [num] [num] bonus caller prize on [num] [num] [num] this is the [num] nd attempt to reach you call [num] asap box [num] n [num] qp [num] ppm,1
No dear i do have free messages without any recharge. Hi hi hi,no dear i do have free messages without any recharge hi hi hi,0
The new deus ex game comin early next yr,the new deus ex game comin early next yr,0
I know you mood off today,i know you mood off today,0
Wat's my dear doing? Sleeping ah?,wat s my dear doing sleeping ah,0
"A bit of Ur smile is my hppnss, a drop of Ur tear is my sorrow, a part of Ur heart is my life, a heart like mine wil care for U, forevr as my GOODFRIEND",a bit of ur smile is my hppnss a drop of ur tear is my sorrow a part of ur heart is my life a heart like mine wil care for u forevr as my goodfriend,0
HAPPY NEW YEAR MY NO.1 MAN,happy new year my no [num] man,0
CLAIRE here am havin borin time & am now alone U wanna cum over 2nite? Chat now 09099725823 hope 2 C U Luv CLAIRE xx Calls£1/minmoremobsEMSPOBox45PO139WA,claire here am havin borin time am now alone u wanna cum over [num] nite chat now [num] hope [num] c u luv claire xx calls [num] minmoremobsemspobox [num] po [num] wa,1
Waiting for your call.,waiting for your call,0
"Imagine you finally get to sink into that bath after I have put you through your paces, maybe even having you eat me for a while before I left ... But also imagine the feel of that cage on your cock surrounded by the bath water, reminding you always who owns you ... Enjoy, my cuck",imagine you finally get to sink into that bath after i have put you through your paces maybe even having you eat me for a while before i left but also imagine the feel of that cage on your cock surrounded by the bath water reminding you always who owns you enjoy my cuck,0
What happen dear tell me,what happen dear tell me,0
Hey you can pay. With salary de. Only  &lt;#&gt; .,hey you can pay with salary de only lt gt,0
Dip's cell dead. So i m coming with him. U better respond else we shall come back.,dip s cell dead so i m coming with him u better respond else we shall come back,0
You're right I have now that I think about it,you re right i have now that i think about it,0
"Yes but i dont care! I need you bad, princess!",yes but i dont care i need you bad princess,0
"Short But Cute: ""Be a good person, but dont try to prove it.."" .Gud noon....",short but cute be a good person but dont try to prove it gud noon,0
"I‘ll leave around four, ok?",i ll leave around four ok,0
DO U WANT 2 MEET UP 2MORRO,do u want [num] meet up [num] morro,0
I'm reading the text i just sent you. Its meant to be a joke. So read it in that light,i m reading the text i just sent you its meant to be a joke so read it in that light,0
Was playng 9 doors game and gt racing on phone lol,was playng [num] doors game and gt racing on phone lol,0
How much for an eighth?,how much for an eighth,0
You have 1 new message. Please call 08712400200.,you have [num] new message please call [num],1
S...from the training manual it show there is no tech process:)its all about password reset and troubleshooting:),s from the training manual it show there is no tech process its all about password reset and troubleshooting,0
There are many company. Tell me the language.,there are many company tell me the language,0
Filthy stories and GIRLS waiting for your,filthy stories and girls waiting for your,1
Delhi and chennai still silent.,delhi and chennai still silent,0
Reply to win £100 weekly! What professional sport does Tiger Woods play? Send STOP to 87239 to end service,reply to win [num] weekly what professional sport does tiger woods play send stop to [num] to end service,1
I've been barred from all B and Q stores for life!?This twat in orange dungerees came up to me and asked if I wanted decking? So I got the first punch in!!,i ve been barred from all b and q stores for life this twat in orange dungerees came up to me and asked if i wanted decking so i got the first punch in,0
"Piggy, r u awake? I bet u're still sleeping. I'm going 4 lunch now...",piggy r u awake i bet u re still sleeping i m going [num] lunch now,0
"Ha ha nan yalrigu heltini..Iyo kothi chikku, u shared many things wit me..so far i didn't told any body and even uttered a word abt u.. If ur trusting me so much how can i tell these to others.. Plz nxt time dont use those words to me..ok, chikku:-);-)B-)",ha ha nan yalrigu heltini iyo kothi chikku u shared many things wit me so far i didn t told any body and even uttered a word abt u if ur trusting me so much how can i tell these to others plz nxt time dont use those words to me ok chikku b,0
Doing project w frens lor. ,doing project w frens lor,0
Reverse is cheating. That is not mathematics.,reverse is cheating that is not mathematics,0
"Someone U know has asked our dating service 2 contact you! Cant guess who? CALL 09058095107 NOW all will be revealed. POBox 7, S3XY 150p ",someone u know has asked our dating service [num] contact you cant guess who call [num] now all will be revealed pobox [num] s [num] xy [num] p,1
"Tell you what, if you make a little spreadsheet and track whose idea it was to smoke to determine who ""smokes too much"" for the entire month of february, I'll come up",tell you what if you make a little spreadsheet and track whose idea it was to smoke to determine who smokes too much for the entire month of february i ll come up,0
So dont use hook up any how,so dont use hook up any how,0
I was up all night too worrying about this appt. It's a shame we missed a girls night out with quizzes popcorn and you doing my hair.,i was up all night too worrying about this appt it s a shame we missed a girls night out with quizzes popcorn and you doing my hair,0
"Yetunde, i'm sorry but moji and i seem too busy to be able to go shopping. Can you just please find some other way to get what you wanted us to get. Please forgive me. You can reply free via yahoo messenger.",yetunde i m sorry but moji and i seem too busy to be able to go shopping can you just please find some other way to get what you wanted us to get please forgive me you can reply free via yahoo messenger,0
Lol they were mad at first but then they woke up and gave in.,lol they were mad at first but then they woke up and gave in,0
Hi dude hw r u da realy mising u today,hi dude hw r u da realy mising u today,0
Oh ok i didnt know what you meant. Yep i am baby jontin,oh ok i didnt know what you meant yep i am baby jontin,0
Small problem in auction:)punj now asking tiwary,small problem in auction punj now asking tiwary,0
Sorry sent blank msg again. Yup but trying 2 do some serious studying now.,sorry sent blank msg again yup but trying [num] do some serious studying now,0
I need... Coz i never go before ,i need coz i never go before,0
Whats the staff name who is taking class for us?,whats the staff name who is taking class for us,0
K.k.how is your business now?,k k how is your business now,0
8007 FREE for 1st week! No1 Nokia tone 4 ur mob every week just txt NOKIA to 8007 Get txting and tell ur mates www.getzed.co.uk POBox 36504 W4 5WQ norm 150p/tone 16+,[num] free for [num] st week no [num] nokia tone [num] ur mob every week just txt nokia to [num] get txting and tell ur mates [url] pobox [num] w [num] [num] wq norm [num] p tone [num],1
Do u still have plumbers tape and a wrench we could borrow?,do u still have plumbers tape and a wrench we could borrow,0
WOT STUDENT DISCOUNT CAN U GET ON BOOKS?,wot student discount can u get on books,0
"I love you !!! You know? Can you feel it? Does it make your belly warm? I wish it does, my love ... I shall meet you in your dreams, Ahmad ... *adoring kiss*",i love you you know can you feel it does it make your belly warm i wish it does my love i shall meet you in your dreams ahmad adoring kiss,0
So what did the bank say about the money?,so what did the bank say about the money,0
"see you then, we're all christmassy here!",see you then we re all christmassy here,0
Come to mahal bus stop.. &lt;DECIMAL&gt;,come to mahal bus stop lt decimal gt,0
2mro i am not coming to gym machan. Goodnight.,[num] mro i am not coming to gym machan goodnight,0
"Think ur smart ? Win £200 this week in our weekly quiz, text PLAY to 85222 now!T&Cs WinnersClub PO BOX 84, M26 3UZ. 16+. GBP1.50/week",think ur smart win [num] this week in our weekly quiz text play to [num] now t cs winnersclub po box [num] m [num] [num] uz [num] gbp [num] [num] week,1
Yeah if we do have to get a random dude we need to change our info sheets to PARTY  &lt;#&gt; /7 NEVER STUDY just to be safe,yeah if we do have to get a random dude we need to change our info sheets to party lt gt [num] never study just to be safe,0
"Well imma definitely need to restock before thanksgiving, I'll let you know when I'm out",well imma definitely need to restock before thanksgiving i ll let you know when i m out,0
Can not use foreign stamps in this country. Good lecture .,can not use foreign stamps in this country good lecture,0
Hi. Customer Loyalty Offer:The NEW Nokia6650 Mobile from ONLY £10 at TXTAUCTION! Txt word: START to No: 81151 & get yours Now! 4T&Ctxt TC 150p/MTmsg,hi customer loyalty offer the new nokia [num] mobile from only [num] at txtauction txt word start to no [num] get yours now [num] t ctxt tc [num] p mtmsg,1
Wish i were with you now!,wish i were with you now,0
88800 and 89034 are premium phone services call 08718711108,[num] and [num] are premium phone services call [num],1
Yes. Nigh you cant aha.,yes nigh you cant aha,0
Please CALL 08712402578 immediately as there is an urgent message waiting for you,please call [num] immediately as there is an urgent message waiting for you,1
Well good morning mr . Hows london treatin' ya treacle?,well good morning mr hows london treatin ya treacle,0
Do you want bold 2 or bb torch,do you want bold [num] or bb torch,0
Goin to workout lor... Muz lose e fats... ,goin to workout lor muz lose e fats,0
Boltblue tones for 150p Reply POLY# or MONO# eg POLY3 1. Cha Cha Slide 2. Yeah 3. Slow Jamz 6. Toxic 8. Come With Me or STOP 4 more tones txt MORE,boltblue tones for [num] p reply poly or mono eg poly [num] [num] cha cha slide [num] yeah [num] slow jamz [num] toxic [num] come with me or stop [num] more tones txt more,1
I don wake since. I checked that stuff and saw that its true no available spaces. Pls call the embassy or send a mail to them.,i don wake since i checked that stuff and saw that its true no available spaces pls call the embassy or send a mail to them,0
THING R GOOD THANX GOT EXAMS IN MARCH IVE DONE NO REVISION? IS FRAN STILL WITH BOYF? IVE GOTTA INTERVIW 4 EXETER BIT WORRIED!x,thing r good thanx got exams in march ive done no revision is fran still with boyf ive gotta interviw [num] exeter bit worried x,0
"Coffee cake, i guess...",coffee cake i guess,0
I am on the way to tirupur.,i am on the way to tirupur,0
My sister cleared two round in birla soft yesterday.,my sister cleared two round in birla soft yesterday,0
Then anything special?,then anything special,0
"Say this slowly.? GOD,I LOVE YOU &amp; I NEED YOU,CLEAN MY HEART WITH YOUR BLOOD.Send this to Ten special people &amp; u c miracle tomorrow, do it,pls,pls do it...",say this slowly god i love you amp i need you clean my heart with your blood send this to ten special people amp u c miracle tomorrow do it pls pls do it,0
Got but got 2 colours lor. One colour is quite light n e other is darker lor. Actually i'm done she's styling my hair now.,got but got [num] colours lor one colour is quite light n e other is darker lor actually i m done she s styling my hair now,0
Kent vale lor... Ü wait 4 me there ar?,kent vale lor wait [num] me there ar,0
"Dizzamn, aight I'll ask my suitemates when I get back",dizzamn aight i ll ask my suitemates when i get back,0
"I promise to take good care of you, princess. I have to run now. Please send pics when you get a chance. Ttyl!",i promise to take good care of you princess i have to run now please send pics when you get a chance ttyl,0
I just really need shit before tomorrow and I know you won't be awake before like 6,i just really need shit before tomorrow and i know you won t be awake before like [num],0
Nooooooo I'm gonna be bored to death all day. Cable and internet outage.,nooooooo i m gonna be bored to death all day cable and internet outage,0
Hey are we going for the lo lesson or gym? ,hey are we going for the lo lesson or gym,0
Your next amazing xxx PICSFREE1 video will be sent to you enjoy! If one vid is not enough for 2day text back the keyword PICSFREE1 to get the next video.,your next amazing xxx picsfree [num] video will be sent to you enjoy if one vid is not enough for [num] day text back the keyword picsfree [num] to get the next video,1
"This is the 2nd attempt to contract U, you have won this weeks top prize of either £1000 cash or £200 prize. Just call 09066361921",this is the [num] nd attempt to contract u you have won this weeks top prize of either [num] cash or [num] prize just call [num],1
K come to nordstrom when you're done,k come to nordstrom when you re done,0
Still in the area of the restaurant. Ill try to come back soon,still in the area of the restaurant ill try to come back soon,0
Ok ok take care. I can understand.,ok ok take care i can understand,0
Pls i wont belive god.not only jesus.,pls i wont belive god not only jesus,0
No it will reach by 9 only. She telling she will be there. I dont know,no it will reach by [num] only she telling she will be there i dont know,0
Why you Dint come with us.,why you dint come with us,0
We have to pick rayan macleran there.,we have to pick rayan macleran there,0
U sure u can't take any sick time?,u sure u can t take any sick time,0
Hurt me... Tease me... Make me cry... But in the end of my life when i die plz keep one rose on my grave and say STUPID I MISS U.. HAVE A NICE DAY BSLVYL,hurt me tease me make me cry but in the end of my life when i die plz keep one rose on my grave and say stupid i miss u have a nice day bslvyl,0
Ok lor wat time ü finish?,ok lor wat time finish,0
New TEXTBUDDY Chat 2 horny guys in ur area 4 just 25p Free 2 receive Search postcode or at gaytextbuddy.com. TXT ONE name to 89693,new textbuddy chat [num] horny guys in ur area [num] just [num] p free [num] receive search postcode or at gaytextbuddy com txt one name to [num],1
"Oh! Shit, I thought that was your trip! Loooooool ... That just makes SO much more sense now ... *grins* and the sofa reference was ... The ""sleep on a couch"" link you sent me ... Wasn't that how you went on your trip ? Oh ... And didn't your babe go with you for that celebration with your rents?",oh shit i thought that was your trip loooooool that just makes so much more sense now grins and the sofa reference was the sleep on a couch link you sent me wasn t that how you went on your trip oh and didn t your babe go with you for that celebration with your rents,0
Are you happy baby ? Are you alright ? Did you take that job ? I hope your fine. I send you a kiss to make you smile from across the sea ... *kiss* *kiss*,are you happy baby are you alright did you take that job i hope your fine i send you a kiss to make you smile from across the sea kiss kiss,0
"Hmm, too many of them unfortunately... Pics obviously arent hot cakes. Its kinda fun tho",hmm too many of them unfortunately pics obviously arent hot cakes its kinda fun tho,0
I couldn't say no as he is a dying man and I feel sad for him so I will go and I just wanted you to know I would probably be gone late into your night,i couldn t say no as he is a dying man and i feel sad for him so i will go and i just wanted you to know i would probably be gone late into your night,0
from www.Applausestore.com MonthlySubscription@50p/msg max6/month T&CsC web age16 2stop txt stop,from [url] monthlysubscription [num] p msg max [num] month t csc web age [num] [num] stop txt stop,1
I want to see your pretty pussy...,i want to see your pretty pussy,0
87077: Kick off a new season with 2wks FREE goals & news to ur mobile! Txt ur club name to 87077 eg VILLA to 87077,[num] kick off a new season with [num] wks free goals news to ur mobile txt ur club name to [num] eg villa to [num],1
"The affidavit says  &lt;#&gt;  E Twiggs St, division g, courtroom  &lt;#&gt; , &lt;TIME&gt;  AM. I'll double check and text you again tomorrow",the affidavit says lt gt e twiggs st division g courtroom lt gt lt time gt am i ll double check and text you again tomorrow,0
Where's mummy's boy ? Is he being good or bad ? Is he being positive or negative ? Why is mummy being made to wait? Hmmmm?,where s mummy s boy is he being good or bad is he being positive or negative why is mummy being made to wait hmmmm,0
"Like I made him throw up when we were smoking in our friend's car one time, it was awesome",like i made him throw up when we were smoking in our friend s car one time it was awesome,0
K.k:)advance happy pongal.,k k advance happy pongal,0
UR awarded a City Break and could WIN a £200 Summer Shopping spree every WK. Txt STORE to 88039.SkilGme.TsCs087147403231Winawk!Age16+£1.50perWKsub,ur awarded a city break and could win a [num] summer shopping spree every wk txt store to [num] skilgme tscs [num] winawk age [num] [num] [num] perwksub,1
"We're all getting worried over here, derek and taylor have already assumed the worst",we re all getting worried over here derek and taylor have already assumed the worst,0
They have a thread on the wishlist section of the forums where ppl post nitro requests. Start from the last page and collect from the bottom up.,they have a thread on the wishlist section of the forums where ppl post nitro requests start from the last page and collect from the bottom up,0
Great. P diddy is my neighbor and comes for toothpaste every morning,great p diddy is my neighbor and comes for toothpaste every morning,0
Alex says he's not ok with you not being ok with it,alex says he s not ok with you not being ok with it,0
"January Male Sale! Hot Gay chat now cheaper, call 08709222922. National rate from 1.5p/min cheap to 7.8p/min peak! To stop texts call 08712460324 (10p/min)",january male sale hot gay chat now cheaper call [num] national rate from [num] [num] p min cheap to [num] [num] p min peak to stop texts call [num] [num] p min,1
Dude avatar 3d was imp. At one point i thought there were actually flies in the room and almost tried hittng one as a reflex,dude avatar [num] d was imp at one point i thought there were actually flies in the room and almost tried hittng one as a reflex,0
Ü say until like dat i dun buy ericsson oso cannot oredi lar...,say until like dat i dun buy ericsson oso cannot oredi lar,0
Is toshiba portege m100 gd?,is toshiba portege m [num] gd,0
I.ll get there tomorrow and send it to you,i ll get there tomorrow and send it to you,0
Height of recycling: Read twice- People spend time for earning money and the same money is spent for spending time!;-) Good morning.. keep smiling:-),height of recycling read twice people spend time for earning money and the same money is spent for spending time good morning keep smiling,0
I will be gentle princess! We will make sweet gentle love...,i will be gentle princess we will make sweet gentle love,0
"Hello darling how are you today? I would love to have a chat, why dont you tell me what you look like and what you are in to sexy?",hello darling how are you today i would love to have a chat why dont you tell me what you look like and what you are in to sexy,1
"The word ""Checkmate"" in chess comes from the Persian phrase ""Shah Maat"" which means; ""the king is dead.."" Goodmorning.. Have a good day..:)",the word checkmate in chess comes from the persian phrase shah maat which means the king is dead goodmorning have a good day,0
I am going to sleep. I am tired of travel.,i am going to sleep i am tired of travel,0
"Haha get used to driving to usf man, I know a lot of stoners",haha get used to driving to usf man i know a lot of stoners,0
I said its okay. Sorry,i said its okay sorry,0
I realise you are a busy guy and i'm trying not to be a bother. I have to get some exams outta the way and then try the cars. Do have a gr8 day,i realise you are a busy guy and i m trying not to be a bother i have to get some exams outta the way and then try the cars do have a gr [num] day,0
"Argh my 3g is spotty, anyway the only thing I remember from the research we did was that province and sterling were the only problem-free places we looked at",argh my [num] g is spotty anyway the only thing i remember from the research we did was that province and sterling were the only problem free places we looked at,0
I'm very happy for you babe ! Woo hoo party on dude!,i m very happy for you babe woo hoo party on dude,0
May b approve panalam...but it should have more posts..,may b approve panalam but it should have more posts,0
Wow didn't think it was that common. I take it all back ur not a freak! Unless u chop it off:-),wow didn t think it was that common i take it all back ur not a freak unless u chop it off,0
"Dont pack what you can buy at any store.like cereals. If you must pack food, pack gari or something 9ja that you will miss.",dont pack what you can buy at any store like cereals if you must pack food pack gari or something [num] ja that you will miss,0
"My Parents, My Kidz, My Friends n My Colleagues. All screaming.. SURPRISE !! and I was waiting on the sofa.. ... ..... ' NAKED...!",my parents my kidz my friends n my colleagues all screaming surprise and i was waiting on the sofa naked,0
I not at home now lei...,i not at home now lei,0
Do I? I thought I put it back in the box,do i i thought i put it back in the box,0
Huh but i got lesson at 4 lei n i was thinkin of going to sch earlier n i tot of parkin at kent vale...  ,huh but i got lesson at [num] lei n i was thinkin of going to sch earlier n i tot of parkin at kent vale,0
Hard LIVE 121 chat just 60p/min. Choose your girl and connect LIVE. Call 09094646899 now! Cheap Chat UK's biggest live service. VU BCM1896WC1N3XX,hard live [num] chat just [num] p min choose your girl and connect live call [num] now cheap chat uk s biggest live service vu bcm [num] wc [num] n [num] xx,1
Mystery solved! Just opened my email and he's sent me another batch! Isn't he a sweetie,mystery solved just opened my email and he s sent me another batch isn t he a sweetie,0
Its good to hear from you,its good to hear from you,0
I need to come home and give you some good lovin...,i need to come home and give you some good lovin,0
I AM AT A PARTY WITH ALEX NICHOLS,i am at a party with alex nichols,0
here is my new address -apples&pairs&all that malarky,here is my new address apples pairs all that malarky,0
"Haha, my friend tyler literally just asked if you could get him a dubsack",haha my friend tyler literally just asked if you could get him a dubsack,0
"Haha awesome, I might need to take you up on that, what you doin tonight?",haha awesome i might need to take you up on that what you doin tonight,0
"Dont give a monkeys wot they think and i certainly don't mind. Any friend of mine&all that! Just don't sleep wiv , that wud be annoyin!",dont give a monkeys wot they think and i certainly don t mind any friend of mine all that just don t sleep wiv that wud be annoyin,0
Enjoy urself tmr...,enjoy urself tmr,0
&lt;#&gt;  w jetton ave if you forgot,lt gt w jetton ave if you forgot,0
Tmr timin still da same wat cos i got lesson until 6...,tmr timin still da same wat cos i got lesson until [num],0
Lol well don't do it without me. We could have a big sale together.,lol well don t do it without me we could have a big sale together,0
I'll meet you in the lobby,i ll meet you in the lobby,0
"Daddy, shu shu is looking 4 u... U wan me 2 tell him u're not in singapore or wat?",daddy shu shu is looking [num] u u wan me [num] tell him u re not in singapore or wat,0
How much is blackberry bold2 in nigeria.,how much is blackberry bold [num] in nigeria,0
"SYMPTOMS when U are in love: ""1.U like listening songs 2.U get stopped where u see the name of your beloved 3.U won't get angry when your",symptoms when u are in love [num] u like listening songs [num] u get stopped where u see the name of your beloved [num] u won t get angry when your,0
WHEN THE FIRST STRIKE IS A RED ONE. THE BIRD + ANTELOPE BEGIN TOPLAY IN THE FIELDOF SELFINDEPENDENCE BELIEVE THIS + THE FLOWER OF CONTENTION WILL GROW.RANDOM!,when the first strike is a red one the bird antelope begin toplay in the fieldof selfindependence believe this the flower of contention will grow random,0
"K, I'll work something out",k i ll work something out,0
SMS AUCTION You have won a Nokia 7250i. This is what you get when you win our FREE auction. To take part send Nokia to 86021 now. HG/Suite342/2Lands Row/W1JHL 16+,sms auction you have won a nokia [num] i this is what you get when you win our free auction to take part send nokia to [num] now hg suite [num] [num] lands row w [num] jhl [num],1
I absolutely LOVE South Park! I only recently started watching the office.,i absolutely love south park i only recently started watching the office,0
PRIVATE! Your 2003 Account Statement for shows 800 un-redeemed S. I. M. points. Call 08715203652 Identifier Code: 42810 Expires 29/10/0,private your [num] account statement for shows [num] un redeemed s i m points call [num] identifier code [num] expires [num] [num] [num],1
"Now, whats your house # again ? And do you have any beer there ?",now whats your house again and do you have any beer there,0
"I'm an actor. When i work, i work in the evening and sleep late. Since i'm unemployed at the moment, i ALWAYS sleep late. When you're unemployed, every day is saturday.",i m an actor when i work i work in the evening and sleep late since i m unemployed at the moment i always sleep late when you re unemployed every day is saturday,0
Do u knw dis no. &lt;#&gt; ?,do u knw dis no lt gt,0
Don't look back at the building because you have no coat and i don't want you to get more sick. Just hurry home and wear a coat to the gym!!!,don t look back at the building because you have no coat and i don t want you to get more sick just hurry home and wear a coat to the gym,0
And several to you sir.,and several to you sir,0
Hey hun-onbus goin 2 meet him. He wants 2go out 4a meal but I donyt feel like it cuz have 2 get last bus home!But hes sweet latelyxxx,hey hun onbus goin [num] meet him he wants [num] go out [num] a meal but i donyt feel like it cuz have [num] get last bus home but hes sweet latelyxxx,0
"WIN: We have a winner! Mr. T. Foley won an iPod! More exciting prizes soon, so keep an eye on ur mobile or visit www.win-82050.co.uk",win we have a winner mr t foley won an ipod more exciting prizes soon so keep an eye on ur mobile or visit [url],1
Sorry da thangam.it's my mistake.,sorry da thangam it s my mistake,0
"Ya, told..she was asking wats matter?",ya told she was asking wats matter,0
money!!! you r a lucky winner ! 2 claim your prize text money 2 88600 over £1million to give away ! ppt150x3+normal text rate box403 w1t1jy,money you r a lucky winner [num] claim your prize text money [num] [num] over [num] million to give away ppt [num] x [num] normal text rate box [num] w [num] t [num] jy,1
"Yeah sure, give me a couple minutes to track down my wallet",yeah sure give me a couple minutes to track down my wallet,0
Oh my God. I'm almost home,oh my god i m almost home,0
No * am working on the ringing u thing but have whole houseful of screaming brats so * am pulling my hair out! Loving u,no am working on the ringing u thing but have whole houseful of screaming brats so am pulling my hair out loving u,0
HIYA STU WOT U UP 2.IM IN SO MUCH TRUBLE AT HOME AT MOMENT EVONE HATES ME EVEN U! WOT THE HELL AV I DONE NOW? Y WONT U JUST TELL ME TEXT BCK PLEASE LUV DAN ,hiya stu wot u up [num] im in so much truble at home at moment evone hates me even u wot the hell av i done now y wont u just tell me text bck please luv dan,0
"Aight, you close by or still down around alex's place?",aight you close by or still down around alex s place,0
Congratulations ur awarded either £500 of CD gift vouchers & Free entry 2 our £100 weekly draw txt MUSIC to 87066 TnCs www.Ldew.com 1 win150ppmx3age16,congratulations ur awarded either [num] of cd gift vouchers free entry [num] our [num] weekly draw txt music to [num] tncs [url] [num] win [num] ppmx [num] age [num],1
Dear got bus directly to calicut,dear got bus directly to calicut,0
Hey gorgeous man. My work mobile number is. Have a good one babe. Squishy Mwahs.,hey gorgeous man my work mobile number is have a good one babe squishy mwahs,0
Warner Village 83118 C Colin Farrell in SWAT this wkend @Warner Village & get 1 free med. Popcorn!Just show msg+ticket@kiosk.Valid 4-7/12. C t&c @kiosk. Reply SONY 4 mre film offers,warner village [num] c colin farrell in swat this wkend warner village get [num] free med popcorn just show [email] [num] [num] [num] c t c kiosk reply sony [num] mre film offers,1
Hey i will be late ah... Meet you at 945+,hey i will be late ah meet you at [num],0
Ur cash-balance is currently 500 pounds - to maximize ur cash-in now send GO to 86688 only 150p/meg. CC: 08718720201 HG/Suite342/2lands Row/W1j6HL,ur cash balance is currently [num] pounds to maximize ur cash in now send go to [num] only [num] p meg cc [num] hg suite [num] [num] lands row w [num] j [num] hl,1
"How's my loverboy doing ? What does he do that keeps him from coming to his Queen, hmmm ? Doesn't he ache to speak to me ? Miss me desparately ?",how s my loverboy doing what does he do that keeps him from coming to his queen hmmm doesn t he ache to speak to me miss me desparately,0
I know girls always safe and selfish know i got it pa. Thank you. good night.,i know girls always safe and selfish know i got it pa thank you good night,0
"URGENT!: Your Mobile No. was awarded a £2,000 Bonus Caller Prize on 02/09/03! This is our 2nd attempt to contact YOU! Call 0871-872-9755 BOX95QU",urgent your mobile no was awarded a [num] [num] bonus caller prize on [num] [num] [num] this is our [num] nd attempt to contact you call [num] [num] [num] box [num] qu,1
Dear Voucher holder Have your next meal on us. Use the following link on your pc 2 enjoy a 2 4 1 dining experiencehttp://www.vouch4me.com/etlp/dining.asp,dear voucher holder have your next meal on us use the following link on your pc [num] enjoy a [num] [num] [num] dining experience [url],1
I want snow. It's just freezing and windy.,i want snow it s just freezing and windy,0
have * good weekend.,have good weekend,0
Wrong phone! This phone! I answer this one but assume the other is people i don't well,wrong phone this phone i answer this one but assume the other is people i don t well,0
How was txting and driving,how was txting and driving,0
Hi I'm sue. I am 20 years old and work as a lapdancer. I love sex. Text me live - I'm i my bedroom now. text SUE to 89555. By TextOperator G2 1DA 150ppmsg 18+,hi i m sue i am [num] years old and work as a lapdancer i love sex text me live i m i my bedroom now text sue to [num] by textoperator g [num] [num] da [num] ppmsg [num],1
HELLO U.CALL WEN U FINISH WRK.I FANCY MEETIN UP WIV U ALL TONITE AS I NEED A BREAK FROM DABOOKS. DID 4 HRS LAST NITE+2 TODAY OF WRK!,hello u call wen u finish wrk i fancy meetin up wiv u all tonite as i need a break from dabooks did [num] hrs last nite [num] today of wrk,0
"How is my boy? No sweet words left for me this morning ... *sighs* ... How goes you day, my love ? Did you start your studying?",how is my boy no sweet words left for me this morning sighs how goes you day my love did you start your studying,0
So ü pay first lar... Then when is da stock comin...,so pay first lar then when is da stock comin,0
For sale - arsenal dartboard. Good condition but no doubles or trebles!,for sale arsenal dartboard good condition but no doubles or trebles,1
Yep. I do like the pink furniture tho.,yep i do like the pink furniture tho,0
how tall are you princess?,how tall are you princess,0
Does not operate after  &lt;#&gt;  or what,does not operate after lt gt or what,0
Wen did you get so spiritual and deep. That's great,wen did you get so spiritual and deep that s great,0
Hi mom we might be back later than  &lt;#&gt; ,hi mom we might be back later than lt gt,0
When is school starting. Where will you stay. What's the weather like. And the food. Do you have a social support system like friends in the school. All these things are important.,when is school starting where will you stay what s the weather like and the food do you have a social support system like friends in the school all these things are important,0
"Sorry, it's a lot of friend-of-a-friend stuff, I'm just now about to talk to the actual guy who wants to buy",sorry it s a lot of friend of a friend stuff i m just now about to talk to the actual guy who wants to buy,0
Aft i finish my lunch then i go str down lor. Ard 3 smth lor. U finish ur lunch already?,aft i finish my lunch then i go str down lor ard [num] smth lor u finish ur lunch already,0
Free video camera phones with Half Price line rental for 12 mths and 500 cross ntwk mins 100 txts. Call MobileUpd8 08001950382 or Call2OptOut/674,free video camera phones with half price line rental for [num] mths and [num] cross ntwk mins [num] txts call mobileupd [num] [num] or call [num] optout [num],1
"Aight that'll work, thanks",aight that ll work thanks,0
"Nothing much, chillin at home. Any super bowl plan?",nothing much chillin at home any super bowl plan,0
Right it wasnt you who phoned it was someone with a number like yours!,right it wasnt you who phoned it was someone with a number like yours,0
I'm already back home so no probably not,i m already back home so no probably not,0
Well she's in for a big surprise!,well she s in for a big surprise,0
"Fantasy Football is back on your TV. Go to Sky Gamestar on Sky Active and play £250k Dream Team. Scoring starts on Saturday, so register now!SKY OPT OUT to 88088",fantasy football is back on your tv go to sky gamestar on sky active and play [num] k dream team scoring starts on saturday so register now sky opt out to [num],1
"K, fyi I'm back in my parents' place in south tampa so I might need to do the deal somewhere else",k fyi i m back in my parents place in south tampa so i might need to do the deal somewhere else,0
Lovely smell on this bus and it ain't tobacco... ,lovely smell on this bus and it ain t tobacco,0
No. Did you multimedia message them or e-mail?,no did you multimedia message them or e mail,0
"Can you please ask macho what his price range is, does he want something new or used plus it he only interfued in the blackberry bold  &lt;#&gt;  or any bb",can you please ask macho what his price range is does he want something new or used plus it he only interfued in the blackberry bold lt gt or any bb,0
How come u got nothing to do?,how come u got nothing to do,0
Ü give me some time to walk there.,give me some time to walk there,0
"Come to me, slave. Your doing it again ... Going into your shell and unconsciously avoiding me ... You are making me unhappy :-(",come to me slave your doing it again going into your shell and unconsciously avoiding me you are making me unhappy,0
If you r @ home then come down within 5 min,if you r home then come down within [num] min,0
Ya that one is slow as poo,ya that one is slow as poo,0
Ur balance is now £500. Ur next question is: Who sang 'Uptown Girl' in the 80's ? 2 answer txt ur ANSWER to 83600. Good luck!,ur balance is now [num] ur next question is who sang uptown girl in the [num] s [num] answer txt ur answer to [num] good luck,1
"Yeah that's what I thought, lemme know if anything's goin on later",yeah that s what i thought lemme know if anything s goin on later,0
Hey what's up charles sorry about the late reply.,hey what s up charles sorry about the late reply,0
Hi im having the most relaxing time ever! we have to get up at 7am every day! was the party good the other night? I get home tomorrow at 5ish.,hi im having the most relaxing time ever we have to get up at [num] am every day was the party good the other night i get home tomorrow at [num] ish,0
Ok Chinese food on its way. When I get fat you're paying for my lipo.,ok chinese food on its way when i get fat you re paying for my lipo,0
"Living is very simple.. Loving is also simple.. Laughing is too simple.. Winning is tooo simple.. But, being 'SIMPLE' is very difficult.. Gud nte.:-",living is very simple loving is also simple laughing is too simple winning is tooo simple but being simple is very difficult gud nte,0
Hey i will be really pretty late... You want to go for the lesson first? I will join you. I'm only reaching tp mrt,hey i will be really pretty late you want to go for the lesson first i will join you i m only reaching tp mrt,0
The basket's gettin full so I might be by tonight,the basket s gettin full so i might be by tonight,0
"It's cool, let me know before it kicks off around  &lt;#&gt; , I'll be out and about all day",it s cool let me know before it kicks off around lt gt i ll be out and about all day,0
I to am looking forward to all the sex cuddling.. Only two more sleeps ,i to am looking forward to all the sex cuddling only two more sleeps,0
Yeah just open chat and click friend lists. Then make the list. Easy as pie,yeah just open chat and click friend lists then make the list easy as pie,0
"Hi. Hope ur day * good! Back from walk, table booked for half eight. Let me know when ur coming over.",hi hope ur day good back from walk table booked for half eight let me know when ur coming over,0
Pls go there today  &lt;#&gt; . I dont want any excuses,pls go there today lt gt i dont want any excuses,0
You are a winner you have been specially selected to receive £1000 cash or a £2000 award. Speak to a live operator to claim call 087123002209am-7pm. Cost 10p,you are a winner you have been specially selected to receive [num] cash or a [num] award speak to a live operator to claim call [num] am [num] pm cost [num] p,1
Im on gloucesterroad what are uup to later?,im on gloucesterroad what are uup to later,0
Please CALL 08712402779 immediately as there is an urgent message waiting for you,please call [num] immediately as there is an urgent message waiting for you,1
Ok... Ur typical reply...,ok ur typical reply,0
Sent me ur email id soon,sent me ur email id soon,0
You still at the game?,you still at the game,0
Hurry home u big butt. Hang up on your last caller if u have to. Food is done and I'm starving. Don't ask what I cooked.,hurry home u big butt hang up on your last caller if u have to food is done and i m starving don t ask what i cooked,0
Apps class varaya elaya.,apps class varaya elaya,0
"Babe, I'm back ... Come back to me ...",babe i m back come back to me,0
Free 1st week entry 2 TEXTPOD 4 a chance 2 win 40GB iPod or £250 cash every wk. Txt VPOD to 81303 Ts&Cs www.textpod.net custcare 08712405020.,free [num] st week entry [num] textpod [num] a chance [num] win [num] gb ipod or [num] cash every wk txt vpod to [num] ts cs [url] custcare [num],1
Reading gud habit.. Nan bari hudgi yorge pataistha ertini kano:-),reading gud habit nan bari hudgi yorge pataistha ertini kano,0
Please call Amanda with regard to renewing or upgrading your current T-Mobile handset free of charge. Offer ends today. Tel 0845 021 3680 subject to T's and C's,please call amanda with regard to renewing or upgrading your current t mobile handset free of charge offer ends today tel [num] [num] [num] subject to t s and c s,1
O. Guess they both got screwd,o guess they both got screwd,0
K..u also dont msg or reply to his msg..,k u also dont msg or reply to his msg,0
I dont. Can you send it to me. Plus how's mode.,i dont can you send it to me plus how s mode,0
Mmm so yummy babe ... Nice jolt to the suzy,mmm so yummy babe nice jolt to the suzy,0
did u get that message,did u get that message,0
Today my system sh get ready.all is well and i am also in the deep well,today my system sh get ready all is well and i am also in the deep well,0
"Hi babe its Chloe, how r u? I was smashed on saturday night, it was great! How was your weekend? U been missing me? SP visionsms.com Text stop to stop 150p/text",hi babe its chloe how r u i was smashed on saturday night it was great how was your weekend u been missing me sp visionsms com text stop to stop [num] p text,1
"Wa, ur openin sentence very formal... Anyway, i'm fine too, juz tt i'm eatin too much n puttin on weight...Haha... So anythin special happened?",wa ur openin sentence very formal anyway i m fine too juz tt i m eatin too much n puttin on weight haha so anythin special happened,0
Up to ü... Ü wan come then come lor... But i din c any stripes skirt...,up to wan come then come lor but i din c any stripes skirt,0
"Free Msg: get Gnarls Barkleys ""Crazy"" ringtone TOTALLY FREE just reply GO to this message right now!",free msg get gnarls barkleys crazy ringtone totally free just reply go to this message right now,1
"Got ur mail Dileep.thank you so muchand look forward to lots of support...very less contacts here,remember one venugopal you mentioned.tomorrow if not late,i shall try to come up till there.goodnight dear.",got ur mail dileep thank you so muchand look forward to lots of support very less contacts here remember one venugopal you mentioned tomorrow if not late i shall try to come up till there goodnight dear,0
"When I was born, GOD said, ""Oh No! Another IDIOT"". When you were born, GOD said, ""OH No! COMPETITION"". Who knew, one day these two will become FREINDS FOREVER!",when i was born god said oh no another idiot when you were born god said oh no competition who knew one day these two will become freinds forever,0
But i haf enuff space got like 4 mb...,but i haf enuff space got like [num] mb,0
"I shall book chez jules for half eight, if that's ok with you?",i shall book chez jules for half eight if that s ok with you,0
You flippin your shit yet?,you flippin your shit yet,0
"I can't speak, bcaz mobile have problem. I can listen you but you cann't listen my voice. So i calls you later.",i can t speak bcaz mobile have problem i can listen you but you cann t listen my voice so i calls you later,0
Me too baby! I promise to treat you well! I bet you will take good care of me...,me too baby i promise to treat you well i bet you will take good care of me,0
"Hey elaine, is today's meeting still on?",hey elaine is today s meeting still on,0
Wanna do some art?! :D,wanna do some art d,0
Haha... They cant what... At the most tmr forfeit... haha so how?,haha they cant what at the most tmr forfeit haha so how,0
URGENT! Your Mobile number has been awarded with a £2000 prize GUARANTEED. Call 09058094455 from land line. Claim 3030. Valid 12hrs only,urgent your mobile number has been awarded with a [num] prize guaranteed call [num] from land line claim [num] valid [num] hrs only,1
Just normal only here :),just normal only here,0
Good evening! How are you?,good evening how are you,0
NOT MUCH NO FIGHTS. IT WAS A GOOD NITE!!,not much no fights it was a good nite,0
"Guy, no flash me now. If you go call me, call me. How madam. Take care oh.",guy no flash me now if you go call me call me how madam take care oh,0
"Are you sure you don't mean ""get here, we made you hold all the weed""",are you sure you don t mean get here we made you hold all the weed,0
For taking part in our mobile survey yesterday! You can now have 500 texts 2 use however you wish. 2 get txts just send TXT to 80160 T&C www.txt43.com 1.50p,for taking part in our mobile survey yesterday you can now have [num] texts [num] use however you wish [num] get txts just send txt to [num] t c [url] [num] [num] p,1
Speaking of does he have any cash yet?,speaking of does he have any cash yet,0
Hope ur head doesn't hurt 2 much ! Am ploughing my way through a pile of ironing ! Staying in with a chinky tonight come round if you like.,hope ur head doesn t hurt [num] much am ploughing my way through a pile of ironing staying in with a chinky tonight come round if you like,0
You have an important customer service announcement. Call FREEPHONE 0800 542 0825 now!,you have an important customer service announcement call freephone [num] [num] [num] now,1
Thanks honey. Have a great day.,thanks honey have a great day,0
"sorry, no, have got few things to do. may be in pub later.",sorry no have got few things to do may be in pub later,0
How is it possible to teach you. And where.,how is it possible to teach you and where,0
Ü v ma fan...,v ma fan,0
"Good evening Sir, hope you are having a nice day. I wanted to bring it to your notice that I have been late in paying rent for the past few months and have had to pay a $ &lt;#&gt;  charge. I felt it would be inconsiderate of me to nag about something you give at great cost to yourself and that's why i didnt speak up. I however am in a recession and wont be able to pay the charge this month hence my askin well ahead of month's end. Can you please help. Thank you for everything.",good evening sir hope you are having a nice day i wanted to bring it to your notice that i have been late in paying rent for the past few months and have had to pay a lt gt charge i felt it would be inconsiderate of me to nag about something you give at great cost to yourself and that s why i didnt speak up i however am in a recession and wont be able to pay the charge this month hence my askin well ahead of month s end can you please help thank you for everything,0
"Whatever, juliana. Do whatever you want.",whatever juliana do whatever you want,0
"FRAN I DECIDED 2 GO N E WAY IM COMPLETELY BROKE AN KNACKERED I GOT UP BOUT 3 C U 2MRW LOVE JANX P.S THIS IS MY DADS FONE, -NO CREDIT",fran i decided [num] go n e way im completely broke an knackered i got up bout [num] c u [num] mrw love janx p s this is my dads fone no credit,0
I know! Grumpy old people. My mom was like you better not be lying. Then again I am always the one to play jokes...,i know grumpy old people my mom was like you better not be lying then again i am always the one to play jokes,0
Webpage s not available!,webpage s not available,0
2 laptop... I noe infra but too slow lar... I wan fast one,[num] laptop i noe infra but too slow lar i wan fast one,0
"Height of Confidence: All the Aeronautics professors wer calld &amp; they wer askd 2 sit in an aeroplane. Aftr they sat they wer told dat the plane ws made by their students. Dey all hurried out of d plane.. Bt only 1 didnt move... He said:""if it is made by my students,this wont even start........ Datz confidence..",height of confidence all the aeronautics professors wer calld amp they wer askd [num] sit in an aeroplane aftr they sat they wer told dat the plane ws made by their students dey all hurried out of d plane bt only [num] didnt move he said if it is made by my students this wont even start datz confidence,0
"Hurry up, I've been weed-deficient for like three days",hurry up i ve been weed deficient for like three days,0
"Sorry I missed you babe. I was up late and slept in. I hope you enjoy your driving lesson, boytoy. I miss you too ... *teasing kiss*",sorry i missed you babe i was up late and slept in i hope you enjoy your driving lesson boytoy i miss you too teasing kiss,0
Will be out of class in a few hours. Sorry,will be out of class in a few hours sorry,0
Bognor it is! Should be splendid at this time of year.,bognor it is should be splendid at this time of year,0
Oi. Ami parchi na re. Kicchu kaaj korte iccha korche na. Phone ta tul na. Plz. Plz.,oi ami parchi na re kicchu kaaj korte iccha korche na phone ta tul na plz plz,0
Sorry de i went to shop.,sorry de i went to shop,0
Just getting back home,just getting back home,0
No probs hon! How u doinat the mo?,no probs hon how u doinat the mo,0
So what u doing today?,so what u doing today,0
"Good afternoon on this glorious anniversary day, my sweet J !! I hope this finds you happy and content, my Prey. I think of you and send a teasing kiss from across the sea coaxing images of fond souveniers ... You Cougar-Pen",good afternoon on this glorious anniversary day my sweet j i hope this finds you happy and content my prey i think of you and send a teasing kiss from across the sea coaxing images of fond souveniers you cougar pen,0
"Princess, is your kitty shaved or natural?",princess is your kitty shaved or natural,0
Aiyah sorry lor... I watch tv watch until i forgot 2 check my phone.,aiyah sorry lor i watch tv watch until i forgot [num] check my phone,0
Ha... Then we must walk to everywhere... Cannot take tram. My cousin said can walk to vic market from our hotel ,ha then we must walk to everywhere cannot take tram my cousin said can walk to vic market from our hotel,0
I meant as an apology from me for texting you to get me drugs at  &lt;#&gt; at night,i meant as an apology from me for texting you to get me drugs at lt gt at night,0
Free video camera phones with Half Price line rental for 12 mths and 500 cross ntwk mins 100 txts. Call MobileUpd8 08001950382 or Call2OptOut/674&,free video camera phones with half price line rental for [num] mths and [num] cross ntwk mins [num] txts call mobileupd [num] [num] or call [num] optout [num],1
I ask if u meeting da ge tmr nite...,i ask if u meeting da ge tmr nite,0
Wat would u like 4 ur birthday?,wat would u like [num] ur birthday,0
"Hmmm ... And imagine after you've come home from that having to rub my feet, make me dinner and help me get ready for my date ! Are you sure your ready for that kind of life ?",hmmm and imagine after you ve come home from that having to rub my feet make me dinner and help me get ready for my date are you sure your ready for that kind of life,0
I‘ll have a look at the frying pan in case it‘s cheap or a book perhaps. No that‘s silly a frying pan isn‘t likely to be a book,i ll have a look at the frying pan in case it s cheap or a book perhaps no that s silly a frying pan isn t likely to be a book,0
Hey leave it. not a big deal:-) take care.,hey leave it not a big deal take care,0
Ok give me 5 minutes I think I see her. BTW you're my alibi. You were cutting my hair the whole time.,ok give me [num] minutes i think i see her btw you re my alibi you were cutting my hair the whole time,0
No da if you run that it activate the full version da.,no da if you run that it activate the full version da,0
But i'm really really broke oh. No amount is too small even  &lt;#&gt; ,but i m really really broke oh no amount is too small even lt gt,0
No. I.ll meet you in the library,no i ll meet you in the library,0
Really? I crashed out cuddled on my sofa.,really i crashed out cuddled on my sofa,0
It's é only $140 ard...É rest all ard $180 at least...Which is é price 4 é 2 bedrm ($900),it s only [num] ard rest all ard [num] at least which is price [num] [num] bedrm [num],0
ROMCAPspam Everyone around should be responding well to your presence since you are so warm and outgoing. You are bringing in a real breath of sunshine.,romcapspam everyone around should be responding well to your presence since you are so warm and outgoing you are bringing in a real breath of sunshine,1
Today is ACCEPT DAY..U Accept me as? Brother Sister Lover Dear1 Best1 Clos1 Lvblefrnd Jstfrnd Cutefrnd Lifpartnr Belovd Swtheart Bstfrnd No rply means enemy,today is accept day u accept me as brother sister lover dear [num] best [num] clos [num] lvblefrnd jstfrnd cutefrnd lifpartnr belovd swtheart bstfrnd no rply means enemy,0
Dad went out oredi... ,dad went out oredi,0
"I'm home, my love ... If your still awake ... *loving kiss*",i m home my love if your still awake loving kiss,0
"It could work, we'll reach a consensus at the next meeting",it could work we ll reach a consensus at the next meeting,0
Pandy joined 4w technologies today.he got job..,pandy joined [num] w technologies today he got job,0
"Aight no rush, I'll ask jay",aight no rush i ll ask jay,0
"TODAY is Sorry day.! If ever i was angry with you, if ever i misbehaved or hurt you? plz plz JUST SLAP URSELF Bcoz, Its ur fault, I'm basically GOOD",today is sorry day if ever i was angry with you if ever i misbehaved or hurt you plz plz just slap urself bcoz its ur fault i m basically good,0
What you doing?how are you?,what you doing how are you,0
Hi di is yijue we're meeting at 7 pm at esaplanade tonight.,hi di is yijue we re meeting at [num] pm at esaplanade tonight,0
Waiting in e car 4 my mum lor. U leh? Reach home already?,waiting in e car [num] my mum lor u leh reach home already,0
"Ah, well that confuses things, doesnt it? I thought was friends with now. Maybe i did the wrong thing but i already sort of invited -tho he may not come cos of money.",ah well that confuses things doesnt it i thought was friends with now maybe i did the wrong thing but i already sort of invited tho he may not come cos of money,0
U 2.,u [num],0
Good sleep is about rhythm. The person has to establish a rhythm that the body will learn and use. If you want to know more :-),good sleep is about rhythm the person has to establish a rhythm that the body will learn and use if you want to know more,0
Your 2004 account for 07XXXXXXXXX shows 786 unredeemed points. To claim call 08719181259 Identifier code: XXXXX Expires 26.03.05,your [num] account for [num] xxxxxxxxx shows [num] unredeemed points to claim call [num] identifier code xxxxx expires [num] [num] [num],1
Correct. So how was work today,correct so how was work today,0
"Remember all those whom i hurt during days of satanic imposter in me.need to pay a price,so be it.may destiny keep me going and as u said pray that i get the mind to get over the same.",remember all those whom i hurt during days of satanic imposter in me need to pay a price so be it may destiny keep me going and as u said pray that i get the mind to get over the same,0
Heehee that was so funny tho,heehee that was so funny tho,0
Meeting u is my work. . . Tel me when shall i do my work tomorrow,meeting u is my work tel me when shall i do my work tomorrow,0
And is there a way you can send shade's stuff to her. And she has been wonderful too.,and is there a way you can send shade s stuff to her and she has been wonderful too,0
"Well, I was about to give up cos they all said no they didn‘t do one nighters. I persevered and found one but it is very cheap so i apologise in advance. It is just somewhere to sleep isnt it?",well i was about to give up cos they all said no they didn t do one nighters i persevered and found one but it is very cheap so i apologise in advance it is just somewhere to sleep isnt it,0
U buy newspapers already?,u buy newspapers already,0
Ü dun need to pick ur gf?,dun need to pick ur gf,0
"Haha, just what I was thinkin",haha just what i was thinkin,0
What time you think you'll have it? Need to know when I should be near campus,what time you think you ll have it need to know when i should be near campus,0
Watching tv lor... Y she so funny we bluff her 4 wat. Izzit because she thk it's impossible between us?,watching tv lor y she so funny we bluff her [num] wat izzit because she thk it s impossible between us,0
No. On the way home. So if not for the long dry spell the season would have been over,no on the way home so if not for the long dry spell the season would have been over,0
The world's most happiest frnds never have the same characters... Dey just have the best understanding of their differences...,the world s most happiest frnds never have the same characters dey just have the best understanding of their differences,0
i thought we were doing a king of the hill thing there.,i thought we were doing a king of the hill thing there,0
So u wan 2 come for our dinner tonight a not?,so u wan [num] come for our dinner tonight a not,0
Mm i am on the way to railway,mm i am on the way to railway,0
His bday real is in april .,his bday real is in april,0
"1.20 that call cost. Which i guess isnt bad. Miss ya, need ya, want ya, love ya",[num] [num] that call cost which i guess isnt bad miss ya need ya want ya love ya,0
"Babe ! How goes that day ? What are you doing ? Where are you ? I sip my cappuccino and think of you, my love ... I send a kiss to you from across the sea",babe how goes that day what are you doing where are you i sip my cappuccino and think of you my love i send a kiss to you from across the sea,0
It has issues right now. Ill fix for her by tomorrow.,it has issues right now ill fix for her by tomorrow,0
Just chill for another 6hrs. If you could sleep the pain is not a surgical emergency so see how it unfolds. Okay,just chill for another [num] hrs if you could sleep the pain is not a surgical emergency so see how it unfolds okay,0
Please call our customer service representative on FREEPHONE 0808 145 4742 between 9am-11pm as you have WON a guaranteed £1000 cash or £5000 prize!,please call our customer service representative on freephone [num] [num] [num] between [num] am [num] pm as you have won a guaranteed [num] cash or [num] prize,1
Do ü noe if ben is going?,do noe if ben is going,0
No..jst change tat only..,no jst change tat only,0
"Yun ah.the ubi one say if ü wan call by tomorrow.call 67441233 look for irene.ere only got bus8,22,65,61,66,382. Ubi cres,ubi tech park.6ph for 1st 5wkg days.èn",yun ah the ubi one say if wan call by tomorrow call [num] look for irene ere only got bus [num] [num] [num] [num] [num] [num] ubi cres ubi tech park [num] ph for [num] st [num] wkg days n,0
Not tonight mate. Catching up on some sleep. This is my new number by the way. ,not tonight mate catching up on some sleep this is my new number by the way,0
"Sad story of a Man - Last week was my b'day. My Wife did'nt wish me. My Parents forgot n so did my Kids . I went to work. Even my Colleagues did not wish. As I entered my cabin my PA said, '' Happy B'day Boss !!''. I felt special. She askd me 4 lunch. After lunch she invited me to her apartment. We went there. She said,'' do u mind if I go into the bedroom for a minute ? '' ''OK'', I sed in a sexy mood. She came out 5 minuts latr wid a cake...n My Wife, My Parents, My Kidz, My Friends n My Colleagues. All screaming.. SURPRISE !! and I was waiting on the sofa.. ... ..... ' NAKED...!",sad story of a man last week was my b day my wife did nt wish me my parents forgot n so did my kids i went to work even my colleagues did not wish as i entered my cabin my pa said happy b day boss i felt special she askd me [num] lunch after lunch she invited me to her apartment we went there she said do u mind if i go into the bedroom for a minute ok i sed in a sexy mood she came out [num] minuts latr wid a cake n my wife my parents my kidz my friends n my colleagues all screaming surprise and i was waiting on the sofa naked,0
"CHA QUITEAMUZING THATSCOOL BABE,PROBPOP IN & CU SATTHEN HUNNY 4BREKKIE! LOVE JEN XXX. PSXTRA LRG PORTIONS 4 ME PLEASE ",cha quiteamuzing that scool babe probpop in cu satthen hunny [num] brekkie love jen xxx psxtra lrg portions [num] me please,0
Dude sux for snake. He got old and raiden got buff,dude sux for snake he got old and raiden got buff,0
I anything lor.,i anything lor,0
Ok lor ü reaching then message me.,ok lor reaching then message me,0
I borrow ur bag ok.,i borrow ur bag ok,0
"K, wait chikku..il send aftr  &lt;#&gt; mins",k wait chikku il send aftr lt gt mins,0
Lol yeah at this point I guess not,lol yeah at this point i guess not,0
"Cool, what time you think you can get here?",cool what time you think you can get here,0
Urgent Ur £500 guaranteed award is still unclaimed! Call 09066368327 NOW closingdate04/09/02 claimcode M39M51 £1.50pmmorefrommobile2Bremoved-MobyPOBox734LS27YF,urgent ur [num] guaranteed award is still unclaimed call [num] now closingdate [num] [num] [num] claimcode m [num] m [num] [num] [num] pmmorefrommobile [num] bremoved mobypobox [num] ls [num] yf,1
U having lunch alone? I now so bored...,u having lunch alone i now so bored,0
This single single answers are we fighting? Plus i said am broke and you didnt reply,this single single answers are we fighting plus i said am broke and you didnt reply,0
He dint tell anything. He is angry on me that why you told to abi.,he dint tell anything he is angry on me that why you told to abi,0
Hi darlin im on helens fone im gonna b up the princes 2 nite please come up tb love Kate,hi darlin im on helens fone im gonna b up the princes [num] nite please come up tb love kate,0
"Abeg, make profit. But its a start. Are you using it to get sponsors for the next event?",abeg make profit but its a start are you using it to get sponsors for the next event,0
Joy's father is John. Then John is the NAME of Joy's father. Mandan,joy s father is john then john is the name of joy s father mandan,0
Ha ha - had popped down to the loo when you hello-ed me. Hello!,ha ha had popped down to the loo when you hello ed me hello,0
Congratulations YOU'VE Won. You're a Winner in our August £1000 Prize Draw. Call 09066660100 NOW. Prize Code 2309.,congratulations you ve won you re a winner in our august [num] prize draw call [num] now prize code [num],1
(That said can you text him one more time?),that said can you text him one more time,0
on hen night. Going with a swing,on hen night going with a swing,0
"I'm done. I'm sorry. I hope your next space gives you everything you want. Remember all the furniture is yours. If i'm not around when you move it, just lock all the locks and leave the key with jenne.",i m done i m sorry i hope your next space gives you everything you want remember all the furniture is yours if i m not around when you move it just lock all the locks and leave the key with jenne,0
Nite...,nite,0
He's really into skateboarding now despite the fact that he gets thrown off of it and winds up with bandages and shit all over his arms every five minutes,he s really into skateboarding now despite the fact that he gets thrown off of it and winds up with bandages and shit all over his arms every five minutes,0
Are you up for the challenge? I know i am :),are you up for the challenge i know i am,0
Ok... I din get ur msg...,ok i din get ur msg,0
R u over scratching it?,r u over scratching it,0
Thx. All will be well in a few months,thx all will be well in a few months,0
That's one of the issues but california is okay. No snow so its manageable,that s one of the issues but california is okay no snow so its manageable,0
I love to cuddle! I want to hold you in my strong arms right now...,i love to cuddle i want to hold you in my strong arms right now,0
Ü mean it's confirmed... I tot they juz say oni... Ok then... ,mean it s confirmed i tot they juz say oni ok then,0
How are you. Just checking up on you,how are you just checking up on you,0
You have an important customer service announcement from PREMIER. Call FREEPHONE 0800 542 0578 now!,you have an important customer service announcement from premier call freephone [num] [num] [num] now,1
How about getting in touch with folks waiting for company? Just txt back your NAME and AGE to opt in! Enjoy the community (150p/SMS),how about getting in touch with folks waiting for company just txt back your name and age to opt in enjoy the community [num] p sms,1
Free msg: Single? Find a partner in your area! 1000s of real people are waiting to chat now!Send CHAT to 62220Cncl send STOPCS 08717890890£1.50 per msg,free msg single find a partner in your area [num] s of real people are waiting to chat now send chat to [num] cncl send stopcs [num] [num] [num] per msg,1
Or I guess  &lt;#&gt;  min,or i guess lt gt min,0
Do you want a New Nokia 3510i Colour Phone Delivered Tomorrow? With 200 FREE minutes to any mobile + 100 FREE text + FREE camcorder Reply or Call 08000930705,do you want a new nokia [num] i colour phone delivered tomorrow with [num] free minutes to any mobile [num] free text free camcorder reply or call [num],1
U wake up already? Thanx 4 e tau sar piah it's quite nice.,u wake up already thanx [num] e tau sar piah it s quite nice,0
I jokin oni lar.. Ü busy then i wun disturb ü.,i jokin oni lar busy then i wun disturb,0
That's good. Lets thank God. Please complete the drug. Have lots of water. And have a beautiful day.,that s good lets thank god please complete the drug have lots of water and have a beautiful day,0
Die... I accidentally deleted e msg i suppose 2 put in e sim archive. Haiz... I so sad...,die i accidentally deleted e msg i suppose [num] put in e sim archive haiz i so sad,0
Dun need to use dial up juz open da browser n surf...,dun need to use dial up juz open da browser n surf,0
i felt so...not any conveying reason.. Ese he... What about me?,i felt so not any conveying reason ese he what about me,0
It's justbeen overa week since we broke up and already our brains are going to mush!,it s justbeen overa week since we broke up and already our brains are going to mush,0
Shuhui say change 2 suntec steamboat? U noe where? Where r u now?,shuhui say change [num] suntec steamboat u noe where where r u now,0
My slave! I want you to take 2 or 3 pictures of yourself today in bright light on your cell phone! Bright light!,my slave i want you to take [num] or [num] pictures of yourself today in bright light on your cell phone bright light,0
Shall I bring us a bottle of wine to keep us amused? Only joking! I‘ll bring one anyway,shall i bring us a bottle of wine to keep us amused only joking i ll bring one anyway,0
We got a divorce. Lol. She.s here,we got a divorce lol she s here,0
We still on for tonight?,we still on for tonight,0
I'm on my way home. Went to change batt 4 my watch then go shop a bit lor.,i m on my way home went to change batt [num] my watch then go shop a bit lor,0
I will cme i want to go to hos 2morow. After that i wil cme. This what i got from her dear what to do. She didnt say any time,i will cme i want to go to hos [num] morow after that i wil cme this what i got from her dear what to do she didnt say any time,0
When are you going to ride your bike?,when are you going to ride your bike,0
Have you started in skye,have you started in skye,0
I'm meeting Darren...,i m meeting darren,0
Is ur lecture over?,is ur lecture over,0
"'Wnevr i wana fal in luv vth my books, My bed fals in luv vth me..!'' . Yen madodu, nav pretsorginta, nammanna pretsovru important alwa....!!:) Gud eveB-).",wnevr i wana fal in luv vth my books my bed fals in luv vth me yen madodu nav pretsorginta nammanna pretsovru important alwa gud eveb,0
Ic. There are a lotta childporn cars then.,ic there are a lotta childporn cars then,0
December only! Had your mobile 11mths+? You are entitled to update to the latest colour camera mobile for Free! Call The Mobile Update Co FREE on 08002986906 ,december only had your mobile [num] mths you are entitled to update to the latest colour camera mobile for free call the mobile update co free on [num],1
Not a drop in the tank,not a drop in the tank,0
Dude im no longer a pisces. Im an aquarius now.,dude im no longer a pisces im an aquarius now,0
HI ITS JESS I DONT KNOW IF YOU ARE AT WORK BUT CALL ME WHEN U CAN IM AT HOME ALL EVE. XXX,hi its jess i dont know if you are at work but call me when u can im at home all eve xxx,0
"Awesome, I'll see you in a bit",awesome i ll see you in a bit,0
There are some nice pubs near here or there is Frankie n Bennys near the warner cinema?,there are some nice pubs near here or there is frankie n bennys near the warner cinema,0
"Probably gonna be here for a while, see you later tonight &lt;)",probably gonna be here for a while see you later tonight lt,0
X course it 2yrs. Just so her messages on messenger lik you r sending me,x course it [num] yrs just so her messages on messenger lik you r sending me,0
Doesn't g have class early tomorrow and thus shouldn't be trying to smoke at  &lt;#&gt;,doesn t g have class early tomorrow and thus shouldn t be trying to smoke at lt gt,0
You are a winner U have been specially selected 2 receive £1000 or a 4* holiday (flights inc) speak to a live operator 2 claim 0871277810910p/min (18+) ,you are a winner u have been specially selected [num] receive [num] or a [num] holiday flights inc speak to a live operator [num] claim [num] p min [num],1
Is ur changes 2 da report big? Cos i've already made changes 2 da previous report.,is ur changes [num] da report big cos i ve already made changes [num] da previous report,0
"Hey Boys. Want hot XXX pics sent direct 2 ur phone? Txt PORN to 69855, 24Hrs free and then just 50p per day. To stop text STOPBCM SF WC1N3XX",hey boys want hot xxx pics sent direct [num] ur phone txt porn to [num] [num] hrs free and then just [num] p per day to stop text stopbcm sf wc [num] n [num] xx,1
07732584351 - Rodger Burns - MSG = We tried to call you re your reply to our sms for a free nokia mobile + free camcorder. Please call now 08000930705 for delivery tomorrow,[num] rodger burns msg we tried to call you re your reply to our sms for a free nokia mobile free camcorder please call now [num] for delivery tomorrow,1
Petey boy whereare you me and all your friendsare in theKingshead come down if you canlove Nic,petey boy whereare you me and all your friendsare in thekingshead come down if you canlove nic,0
I just saw ron burgundy captaining a party boat so yeah,i just saw ron burgundy captaining a party boat so yeah,0
"Cool, we shall go and see, have to go to tip anyway. Are you at home, got something to drop in later? So lets go to town tonight! Maybe mum can take us in.",cool we shall go and see have to go to tip anyway are you at home got something to drop in later so lets go to town tonight maybe mum can take us in,0
"Feb  &lt;#&gt;  is ""I LOVE U"" day. Send dis to all ur ""VALUED FRNDS"" evn me. If 3 comes back u'll gt married d person u luv! If u ignore dis u will lose ur luv 4 Evr",feb lt gt is i love u day send dis to all ur valued frnds evn me if [num] comes back u ll gt married d person u luv if u ignore dis u will lose ur luv [num] evr,0
"Helloooo... Wake up..! ""Sweet"" ""morning"" ""welcomes"" ""You"" ""Enjoy"" ""This Day"" ""with full of joy"".. ""GUD MRNG"".",helloooo wake up sweet morning welcomes you enjoy this day with full of joy gud mrng,0
"Hello lover! How goes that new job? Are you there now? Are you happy? Do you think of me? I wake, my slave and send you a teasing kiss from across the sea",hello lover how goes that new job are you there now are you happy do you think of me i wake my slave and send you a teasing kiss from across the sea,0
Da my birthdate in certificate is in april but real date is today. But dont publish it. I shall give you a special treat if you keep the secret. Any way thanks for the wishes,da my birthdate in certificate is in april but real date is today but dont publish it i shall give you a special treat if you keep the secret any way thanks for the wishes,0
U calling me right? Call my hand phone...,u calling me right call my hand phone,0
Thats cool! Sometimes slow and gentle. Sonetimes rough and hard :),thats cool sometimes slow and gentle sonetimes rough and hard,0
"449050000301 You have won a £2,000 price! To claim, call 09050000301.",[num] you have won a [num] [num] price to claim call [num],1
Its not that time of the month nor mid of the time?,its not that time of the month nor mid of the time,0
"You've won tkts to the EURO2004 CUP FINAL or £800 CASH, to collect CALL 09058099801 b4190604, POBOX 7876150ppm",you ve won tkts to the euro [num] cup final or [num] cash to collect call [num] b [num] pobox [num] ppm,1
"Awesome, think we can get an 8th at usf some time tonight?",awesome think we can get an [num] th at usf some time tonight,0
FREE for 1st week! No1 Nokia tone 4 ur mob every week just txt NOKIA to 87077 Get txting and tell ur mates. zed POBox 36504 W45WQ norm150p/tone 16+,free for [num] st week no [num] nokia tone [num] ur mob every week just txt nokia to [num] get txting and tell ur mates zed pobox [num] w [num] wq norm [num] p tone [num],1
Hi. I'm always online on yahoo and would like to chat with you someday,hi i m always online on yahoo and would like to chat with you someday,0
"Auction round 4. The highest bid is now £54. Next maximum bid is £71. To bid, send BIDS e. g. 10 (to bid £10) to 83383. Good luck.",auction round [num] the highest bid is now [num] next maximum bid is [num] to bid send bids e g [num] to bid [num] to [num] good luck,1
Hey come online! Use msn... We are all there,hey come online use msn we are all there,0
Thanx a lot 4 ur help!,thanx a lot [num] ur help,0
Thank you baby! I cant wait to taste the real thing...,thank you baby i cant wait to taste the real thing,0
Cos i want it to be your thing,cos i want it to be your thing,0
Hmm thinking lor...,hmm thinking lor,0
"Just arrived, see you in a couple days &lt;3",just arrived see you in a couple days lt [num],0
Somebody set up a website where you can play hold em using eve online spacebucks,somebody set up a website where you can play hold em using eve online spacebucks,0
Chk in ur belovd ms dict,chk in ur belovd ms dict,0
Slept? I thinkThis time ( &lt;#&gt;  pm) is not dangerous,slept i thinkthis time lt gt pm is not dangerous,0
Yeah confirmed for you staying at  that weekend,yeah confirmed for you staying at that weekend,0
Ok. Me watching tv too.,ok me watching tv too,0
Oh god i am happy to see your message after 3 days,oh god i am happy to see your message after [num] days,0
Talk sexy!! Make new friends or fall in love in the worlds most discreet text dating service. Just text VIP to 83110 and see who you could meet.,talk sexy make new friends or fall in love in the worlds most discreet text dating service just text vip to [num] and see who you could meet,1
"The gas station is like a block away from my house, you'll drive right by it since armenia ends at swann and you have to take howard",the gas station is like a block away from my house you ll drive right by it since armenia ends at swann and you have to take howard,0
Well there's a pattern emerging of my friends telling me to drive up and come smoke with them and then telling me that I'm a weed fiend/make them smoke too much/impede their doing other things so you see how I'm hesitant,well there s a pattern emerging of my friends telling me to drive up and come smoke with them and then telling me that i m a weed fiend make them smoke too much impede their doing other things so you see how i m hesitant,0
<Forwarded from 448712404000>Please CALL 08712404000 immediately as there is an urgent message waiting for you.,forwarded from [num] please call [num] immediately as there is an urgent message waiting for you,1
K sure am in my relatives home. Sms me de. Pls:-),k sure am in my relatives home sms me de pls,0
Its sarcasm.. .nt scarcasim,its sarcasm nt scarcasim,0
What do U want for Xmas? How about 100 free text messages & a new video phone with half price line rental? Call free now on 0800 0721072 to find out more!,what do u want for xmas how about [num] free text messages a new video phone with half price line rental call free now on [num] [num] to find out more,1
Hey so whats the plan this sat? ,hey so whats the plan this sat,0
The search 4 happiness is 1 of d main sources of unhappiness! Accept life the way it comes! U will find happiness in every moment u live.,the search [num] happiness is [num] of d main sources of unhappiness accept life the way it comes u will find happiness in every moment u live,0
"I had been hoping i would not have to send you this message. My rent is due and i dont have enough for it. My reserves are completely gone. Its a loan i need and was hoping you could her. The balance is  &lt;#&gt; . Is there a way i could get that from you, till mid march when i hope to pay back.",i had been hoping i would not have to send you this message my rent is due and i dont have enough for it my reserves are completely gone its a loan i need and was hoping you could her the balance is lt gt is there a way i could get that from you till mid march when i hope to pay back,0
"A boy was late 2 home. His father: ""POWER OF FRNDSHIP""",a boy was late [num] home his father power of frndship,0
"Haha I heard that, text me when you're around",haha i heard that text me when you re around,0
Am in film ill call you later.,am in film ill call you later,0
As if i wasn't having enough trouble sleeping.,as if i wasn t having enough trouble sleeping,0
Sweet heart how are you?,sweet heart how are you,0
I can't describe how lucky you are that I'm actually awake by noon,i can t describe how lucky you are that i m actually awake by noon,0
Ok. There may be a free gym about.,ok there may be a free gym about,0
"Faith makes things possible,Hope makes things work,Love makes things beautiful,May you have all three this Christmas!Merry Christmas!",faith makes things possible hope makes things work love makes things beautiful may you have all three this christmas merry christmas,0
"Had your mobile 10 mths? Update to the latest Camera/Video phones for FREE. KEEP UR SAME NUMBER, Get extra free mins/texts. Text YES for a call",had your mobile [num] mths update to the latest camera video phones for free keep ur same number get extra free mins texts text yes for a call,1
Can ü send me a copy of da report?,can send me a copy of da report,0
Congrats kano..whr s the treat maga?,congrats kano whr s the treat maga,0
"Thats a bit weird, even ?- where is the do supposed to be happening? But good idea, sure they will be in pub!",thats a bit weird even where is the do supposed to be happening but good idea sure they will be in pub,0
Ok u can take me shopping when u get paid =D,ok u can take me shopping when u get paid d,0
Auntie huai juan never pick up her phone,auntie huai juan never pick up her phone,0
R u saying i should re order the slippers cos i had to pay for returning it.,r u saying i should re order the slippers cos i had to pay for returning it,0
i can call in  &lt;#&gt;  min if thats ok,i can call in lt gt min if thats ok,0
Then. You are eldest know.,then you are eldest know,0
Wylie update: my weed dealer carlos went to freedom and had a class with lunsford,wylie update my weed dealer carlos went to freedom and had a class with lunsford,0
I dont want to hear anything,i dont want to hear anything,0
Nothing will ever be easy. But don't be looking for a reason not to take a risk on life and love,nothing will ever be easy but don t be looking for a reason not to take a risk on life and love,0
K tell me anything about you.,k tell me anything about you,0
"Aight, I'm chillin in a friend's room so text me when you're on the way",aight i m chillin in a friend s room so text me when you re on the way,0
Mmmm.... I cant wait to lick it!,mmmm i cant wait to lick it,0
No no. I will check all rooms befor activities,no no i will check all rooms befor activities,0
Get me out of this dump heap. My mom decided to come to lowes. BORING.,get me out of this dump heap my mom decided to come to lowes boring,0
I'm done...,i m done,0
How stupid to say that i challenge god.You dont think at all on what i write instead you respond immed.,how stupid to say that i challenge god you dont think at all on what i write instead you respond immed,0
"Ups which is 3days also, and the shipping company that takes 2wks. The other way is usps which takes a week but when it gets to lag you may have to bribe nipost to get your stuff.",ups which is [num] days also and the shipping company that takes [num] wks the other way is usps which takes a week but when it gets to lag you may have to bribe nipost to get your stuff,0
I'll probably be around mu a lot,i ll probably be around mu a lot,0
"OH YEAH,AND HAV A GREAT TIME IN NEWQUAY-SEND ME A POSTCARD !1 LOOK AFTER ALL THE GIRLS WHILE IM GONE(U KNOW THE 1IM TALKIN BOUT!)xx",oh yeah and hav a great time in newquay send me a postcard [num] look after all the girls while im gone u know the [num] im talkin bout xx,0
Whatsup there. Dont u want to sleep,whatsup there dont u want to sleep,0
Thank you princess! I want to see your nice juicy booty...,thank you princess i want to see your nice juicy booty,0
Where are you ? You said you would be here when I woke ... :-(,where are you you said you would be here when i woke,0
PISS IS TALKING IS SOMEONE THAT REALISE U THAT POINT THIS AT IS IT.(NOW READ IT BACKWARDS),piss is talking is someone that realise u that point this at is it now read it backwards,0
"HI HUN! IM NOT COMIN 2NITE-TELL EVERY1 IM SORRY 4 ME, HOPE U AVA GOODTIME!OLI RANG MELNITE IFINK IT MITE B SORTED,BUT IL EXPLAIN EVERYTHIN ON MON.L8RS.x",hi hun im not comin [num] nite tell every [num] im sorry [num] me hope u ava goodtime oli rang melnite ifink it mite b sorted but il explain everythin on mon l [num] rs x,0
"Me also da, i feel yesterday night  wait til 2day night dear.",me also da i feel yesterday night wait til [num] day night dear,0
Should I be stalking u?,should i be stalking u,0
I cant wait to see you! How were the photos were useful? :),i cant wait to see you how were the photos were useful,0
I wont touch you with out your permission.,i wont touch you with out your permission,0
"Actually nvm, got hella cash, we still on for  &lt;#&gt; ish?",actually nvm got hella cash we still on for lt gt ish,0
Anything lor. Juz both of us lor.,anything lor juz both of us lor,0
Dear good morning now only i am up,dear good morning now only i am up,0
Ok lor...,ok lor,0
Yeah imma come over cause jay wants to do some drugs,yeah imma come over cause jay wants to do some drugs,0
Just sing HU. I think its also important to find someone female that know the place well preferably a citizen that is also smart to help you navigate through. Even things like choosing a phone plan require guidance. When in doubt ask especially girls.,just sing hu i think its also important to find someone female that know the place well preferably a citizen that is also smart to help you navigate through even things like choosing a phone plan require guidance when in doubt ask especially girls,0
We confirm eating at esplanade?,we confirm eating at esplanade,0
"Oh, i will get paid. The most outstanding one is for a commercial i did for Hasbro...in AUGUST! They made us jump through so many hoops to get paid. Still not.",oh i will get paid the most outstanding one is for a commercial i did for hasbro in august they made us jump through so many hoops to get paid still not,0
Near kalainar tv office.thenampet,near kalainar tv office thenampet,0
"Sorry my roommates took forever, it ok if I come by now?",sorry my roommates took forever it ok if i come by now,0
"U've been selected to stay in 1 of 250 top British hotels - FOR NOTHING! Holiday valued at £350! Dial 08712300220 to claim - National Rate Call. Bx526, SW73SS",u ve been selected to stay in [num] of [num] top british hotels for nothing holiday valued at [num] dial [num] to claim national rate call bx [num] sw [num] ss,1
Not heard from U4 a while. Call me now am here all night with just my knickers on. Make me beg for it like U did last time 01223585236 XX Luv Nikiyu4.net,not heard from u [num] a while call me now am here all night with just my knickers on make me beg for it like u did last time [num] xx luv nikiyu [num] net,1
"Just got part Nottingham - 3 hrs 63miles. Good thing i love my man so much, but only doing 40mph. Hey ho",just got part nottingham [num] hrs [num] miles good thing i love my man so much but only doing [num] mph hey ho,0
Yup i thk so until e shop closes lor.,yup i thk so until e shop closes lor,0
O i played smash bros  &lt;#&gt;  religiously.,o i played smash bros lt gt religiously,0
At WHAT TIME should i come tomorrow,at what time should i come tomorrow,0
Appt is at &lt;TIME&gt; am. Not my fault u don't listen. I told u twice,appt is at lt time gt am not my fault u don t listen i told u twice,0
Are you comingdown later?,are you comingdown later,0
Why nothing. Ok anyway give me treat,why nothing ok anyway give me treat,0
"Nope, I'm still in the market",nope i m still in the market,0
I love you both too :-),i love you both too,0
"Hi, the SEXYCHAT girls are waiting for you to text them. Text now for a great night chatting. send STOP to stop this service",hi the sexychat girls are waiting for you to text them text now for a great night chatting send stop to stop this service,1
Watching tv lor...,watching tv lor,0
Phony £350 award - Todays Voda numbers ending XXXX are selected to receive a £350 award. If you have a match please call 08712300220 quoting claim code 3100 standard rates app,phony [num] award todays voda numbers ending xxxx are selected to receive a [num] award if you have a match please call [num] quoting claim code [num] standard rates app,1
Dear reached railway. What happen to you,dear reached railway what happen to you,0
Hi Harish's rent has been transfred to ur Acnt.,hi harish s rent has been transfred to ur acnt,0
if you text on your way to cup stop that should work. And that should be BUS,if you text on your way to cup stop that should work and that should be bus,0
"Okey dokey, i‘ll be over in a bit just sorting some stuff out.",okey dokey i ll be over in a bit just sorting some stuff out,0
Pls what's the full name of joke's school cos fees in university of florida seem to actually be  &lt;#&gt; k. Pls holla back,pls what s the full name of joke s school cos fees in university of florida seem to actually be lt gt k pls holla back,0
Miserable. They don't tell u that the side effects of birth control are massive gut wrenching cramps for the first 2 months. I didn't sleep at all last night.,miserable they don t tell u that the side effects of birth control are massive gut wrenching cramps for the first [num] months i didn t sleep at all last night,0
U sick still can go shopping?,u sick still can go shopping,0
No did you check? I got his detailed message now,no did you check i got his detailed message now,0
You didnt complete your gist oh.,you didnt complete your gist oh,0
He like not v shock leh. Cos telling shuhui is like telling leona also. Like dat almost all know liao. He got ask me abt ur reaction lor.,he like not v shock leh cos telling shuhui is like telling leona also like dat almost all know liao he got ask me abt ur reaction lor,0
I know she called me,i know she called me,0
Quite ok but a bit ex... U better go eat smth now else i'll feel guilty...,quite ok but a bit ex u better go eat smth now else i ll feel guilty,0
thanks for the temales it was wonderful. Thank. Have a great week.,thanks for the temales it was wonderful thank have a great week,0
Tell dear what happen to you. Why you talking to me like an alian,tell dear what happen to you why you talking to me like an alian,0
"Do you ever notice that when you're driving, anyone going slower than you is an idiot and everyone driving faster than you is a maniac?",do you ever notice that when you re driving anyone going slower than you is an idiot and everyone driving faster than you is a maniac,1
I've been searching for the right words to thank you for this breather. I promise i wont take your help for granted and will fulfil my promise. You have been wonderful and a blessing at all times.,i ve been searching for the right words to thank you for this breather i promise i wont take your help for granted and will fulfil my promise you have been wonderful and a blessing at all times,0
"Hello.How u doing?What u been up 2?When will u b moving out of the flat, cos I will need to arrange to pick up the lamp, etc. Take care. Hello caroline!",hello how u doing what u been up [num] when will u b moving out of the flat cos i will need to arrange to pick up the lamp etc take care hello caroline,0
Show ur colours! Euro 2004 2-4-1 Offer! Get an England Flag & 3Lions tone on ur phone! Click on the following service message for info!,show ur colours euro [num] [num] [num] [num] offer get an england flag [num] lions tone on ur phone click on the following service message for info,1
Love that holiday Monday feeling even if I have to go to the dentists in an hour,love that holiday monday feeling even if i have to go to the dentists in an hour,0
WHORE YOU ARE UNBELIEVABLE.,whore you are unbelievable,0
Y dun cut too short leh. U dun like ah? She failed. She's quite sad.,y dun cut too short leh u dun like ah she failed she s quite sad,0
I dont know why she.s not getting your messages,i dont know why she s not getting your messages,0
I thk 50 shd be ok he said plus minus 10.. Did ü leave a line in between paragraphs?,i thk [num] shd be ok he said plus minus [num] did leave a line in between paragraphs,0
"Ill call u 2mrw at ninish, with my address that icky American freek wont stop callin me 2 bad Jen k eh?",ill call u [num] mrw at ninish with my address that icky american freek wont stop callin me [num] bad jen k eh,0
Yes. Last  practice,yes last practice,0
We tried to contact you re our offer of New Video Phone 750 anytime any network mins HALF PRICE Rental camcorder call 08000930705 or reply for delivery Wed,we tried to contact you re our offer of new video phone [num] anytime any network mins half price rental camcorder call [num] or reply for delivery wed,1
"I got another job! The one at the hospital doing data analysis or something, starts on monday! Not sure when my thesis will got finished",i got another job the one at the hospital doing data analysis or something starts on monday not sure when my thesis will got finished,0
"Don't worry, * is easy once have ingredients!",don t worry is easy once have ingredients,0
Hello. Damn this christmas thing. I think i have decided to keep this mp3 that doesnt work.,hello damn this christmas thing i think i have decided to keep this mp [num] that doesnt work,0
"Good good, billy mates all gone. Just been jogging, again! Did enjoy concert?",good good billy mates all gone just been jogging again did enjoy concert,0
It's ok i wun b angry. Msg u aft i come home tonight.,it s ok i wun b angry msg u aft i come home tonight,0
Lol I would but my mom would have a fit and tell the whole family how crazy and terrible I am,lol i would but my mom would have a fit and tell the whole family how crazy and terrible i am,0
This is all just creepy and crazy to me.,this is all just creepy and crazy to me,0
Nan sonathaya soladha. Why boss?,nan sonathaya soladha why boss,0
Stop calling everyone saying I might have cancer. My throat hurts to talk. I can't be answering everyones calls. If I get one more call I'm not babysitting on Monday,stop calling everyone saying i might have cancer my throat hurts to talk i can t be answering everyones calls if i get one more call i m not babysitting on monday,0
Do u noe wat time e place dat sells 4d closes?,do u noe wat time e place dat sells [num] d closes,0
No go. No openings for that room 'til after thanksgiving without an upcharge.,no go no openings for that room til after thanksgiving without an upcharge,0
Hi its in durban are you still on this number,hi its in durban are you still on this number,0
"My mobile number.pls sms ur mail id.convey regards to achan,amma.Rakhesh.Qatar",my mobile number pls sms ur mail id convey regards to achan amma rakhesh qatar,0
"What's up bruv, hope you had a great break. Do have a rewarding semester.",what s up bruv hope you had a great break do have a rewarding semester,0
R u still working now?,r u still working now,0
"TheMob>Hit the link to get a premium Pink Panther game, the new no. 1 from Sugababes, a crazy Zebra animation or a badass Hoody wallpaper-all 4 FREE!",themob hit the link to get a premium pink panther game the new no [num] from sugababes a crazy zebra animation or a badass hoody wallpaper all [num] free,1
Hope you enjoyed your new content. text stop to 61610 to unsubscribe. help:08712400602450p Provided by tones2you.co.uk,hope you enjoyed your new content text stop to [num] to unsubscribe help [num] p provided by tones [num] you co uk,1
"All done, all handed in. Don't know if mega shop in asda counts as celebration but thats what i'm doing!",all done all handed in don t know if mega shop in asda counts as celebration but thats what i m doing,0
"(No promises on when though, haven't even gotten dinner yet)",no promises on when though haven t even gotten dinner yet,0
And now electricity just went out fml.,and now electricity just went out fml,0
Am not working but am up to eyes in philosophy so will text u later when a bit more free for chat...,am not working but am up to eyes in philosophy so will text u later when a bit more free for chat,0
Dunno lei ü all decide lor. How abt leona? Oops i tot ben is going n i msg him.,dunno lei all decide lor how abt leona oops i tot ben is going n i msg him,0
What class of  &lt;#&gt;  reunion?,what class of lt gt reunion,0
"Friendship is not a game to play, It is not a word to say, It doesn\'t start on March and ends on May, It is tomorrow, yesterday, today and e",friendship is not a game to play it is not a word to say it doesn t start on march and ends on may it is tomorrow yesterday today and e,0
What time you thinkin of goin?,what time you thinkin of goin,0
"Its ok, if anybody asks abt me, u tel them..:-P",its ok if anybody asks abt me u tel them p,0
Msgs r not time pass.They silently say that I am thinking of U right now and also making U think of me at least 4 a moment. Gd nt.swt drms @Shesil,msgs r not time pass they silently say that i am thinking of u right now and also making u think of me at least [num] a moment gd nt swt drms shesil,0
Aslamalaikkum....insha allah tohar beeen muht albi mufti mahfuuz...meaning same here....,aslamalaikkum insha allah tohar beeen muht albi mufti mahfuuz meaning same here,0
Howz pain.it will come down today.do as i said ystrday.ice and medicine.,howz pain it will come down today do as i said ystrday ice and medicine,0
I wanna watch that movie,i wanna watch that movie,0
I thought slide is enough.,i thought slide is enough,0
Take us out shopping and Mark will distract Isaiah.=D,take us out shopping and mark will distract isaiah d,0
"BangBabes Ur order is on the way. U SHOULD receive a Service Msg 2 download UR content. If U do not, GoTo wap. bangb. tv on UR mobile internet/service menu",bangbabes ur order is on the way u should receive a service msg [num] download ur content if u do not goto wap bangb tv on ur mobile internet service menu,1
"I'm gonna be home soon and i don't want to talk about this stuff anymore tonight, k? I've cried enough today.",i m gonna be home soon and i don t want to talk about this stuff anymore tonight k i ve cried enough today,0
How are you enjoying this semester? Take care brother.,how are you enjoying this semester take care brother,0
Yupz... I've oredi booked slots 4 my weekends liao... ,yupz i ve oredi booked slots [num] my weekends liao,0
Don't b floppy... b snappy & happy! Only gay chat service with photo upload call 08718730666 (10p/min). 2 stop our texts call 08712460324,don t b floppy b snappy happy only gay chat service with photo upload call [num] [num] p min [num] stop our texts call [num],1
"ER, ENJOYIN INDIANS AT THE MO..yeP. SaLL gOoD HehE ;> hows bout u shexy? Pete Xx",er enjoyin indians at the mo yep sall good hehe hows bout u shexy pete xx,0
Would me smoking you out help us work through this difficult time,would me smoking you out help us work through this difficult time,0
"He is impossible to argue with and he always treats me like his sub, like he never released me ... Which he did and I will remind him of that if necessary",he is impossible to argue with and he always treats me like his sub like he never released me which he did and i will remind him of that if necessary,0
I luv u soo much u dont understand how special u r 2 me ring u 2morrow luv u xxx,i luv u soo much u don t understand how special u r [num] me ring u [num] morrow luv u xxx,0
Which channel:-):-):):-).,which channel,0
K..k..i'm also fine:)when will you complete the course?,k k i m also fine when will you complete the course,0
74355 XMAS iscoming & ur awarded either £500 CD gift vouchers & free entry 2 r £100 weekly draw txt MUSIC to 87066 TnC,[num] xmas iscoming ur awarded either [num] cd gift vouchers free entry [num] r [num] weekly draw txt music to [num] tnc,1
"sorry brah, just finished the last of my exams, what up",sorry brah just finished the last of my exams what up,0
"One of best dialogue in cute reltnship..!! ""Wen i Die, Dont Come Near My Body..!! Bcoz My Hands May Not Come 2 Wipe Ur Tears Off That Time..!Gud ni8",one of best dialogue in cute reltnship wen i die dont come near my body bcoz my hands may not come [num] wipe ur tears off that time gud ni [num],0
Was it something u ate?,was it something u ate,0
Have you seen who's back at Holby?!,have you seen who s back at holby,0
No dear i was sleeping :-P,no dear i was sleeping p,0
"Idk. You keep saying that you're not, but since he moved, we keep butting heads over freedom vs. responsibility. And i'm tired. I have so much other shit to deal with that i'm barely keeping myself together once this gets added to it.",idk you keep saying that you re not but since he moved we keep butting heads over freedom vs responsibility and i m tired i have so much other shit to deal with that i m barely keeping myself together once this gets added to it,0
"Nice. Wait...should you be texting right now? I'm not gonna pay your ticket, ya know!",nice wait should you be texting right now i m not gonna pay your ticket ya know,0
Thats cool. i am a gentleman and will treat you with dignity and respect.,thats cool i am a gentleman and will treat you with dignity and respect,0
Would really appreciate if you call me. Just need someone to talk to.,would really appreciate if you call me just need someone to talk to,0
R we going with the  &lt;#&gt;  bus?,r we going with the lt gt bus,0
Pls tell nelson that the bb's are no longer comin. The money i was expecting aint coming,pls tell nelson that the bb s are no longer comin the money i was expecting aint coming,0
Desires- u going to doctor 4 liver. And get a bit stylish. Get ur hair managed. Thats it.,desires u going to doctor [num] liver and get a bit stylish get ur hair managed thats it,0
Lol I was gonna last month. I cashed some in but I left &lt;#&gt; just in case. I was collecting more during the week cause they announced it on the blog.,lol i was gonna last month i cashed some in but i left lt gt just in case i was collecting more during the week cause they announced it on the blog,0
Free entry in 2 a wkly comp to win FA Cup final tkts 21st May 2005. Text FA to 87121 to receive entry question(std txt rate)T&C's apply 08452810075over18's,free entry in [num] a wkly comp to win fa cup final tkts [num] st may [num] text fa to [num] to receive entry question std txt rate t c s apply [num] over [num] s,1
All e best 4 ur driving tmr :-),all e best [num] ur driving tmr,0
Hey i've booked the 2 lessons on sun liao...,hey i ve booked the [num] lessons on sun liao,0
Is it your yahoo boys that bring in the perf? Or legal.,is it your yahoo boys that bring in the perf or legal,0
"We spend our days waiting for the ideal path to appear in front of us.. But what we forget is.. ""paths are made by walking.. not by waiting.."" Goodnight!",we spend our days waiting for the ideal path to appear in front of us but what we forget is paths are made by walking not by waiting goodnight,0
"Yup, leaving right now, be back soon",yup leaving right now be back soon,0
So gd got free ice cream... I oso wan...,so gd got free ice cream i oso wan,0
"How are you, my Love ? Are you with your brother ? Time to talk english with him ? *grins* Say : Hey Muhommad, Penny says hello from across the sea",how are you my love are you with your brother time to talk english with him grins say hey muhommad penny says hello from across the sea,0
"Yo, you at jp and hungry like a mofo?",yo you at jp and hungry like a mofo,0
One of the joys in lifeis waking up each daywith thoughts that somewhereSomeone cares enough tosend a warm morning greeting.. -,one of the joys in lifeis waking up each daywith thoughts that somewheresomeone cares enough tosend a warm morning greeting,0
"Sunshine Hols. To claim ur med holiday send a stamped self address envelope to Drinks on Us UK, PO Box 113, Bray, Wicklow, Eire. Quiz Starts Saturday! Unsub Stop",sunshine hols to claim ur med holiday send a stamped self address envelope to drinks on us uk po box [num] bray wicklow eire quiz starts saturday unsub stop,1
G wants to know where the fuck you are,g wants to know where the fuck you are,0
Wah... Okie okie... Muz make use of e unlimited... Haha... ,wah okie okie muz make use of e unlimited haha,0
Lol I know! Hey someone did a great inpersonation of flea on the forums. I love it!,lol i know hey someone did a great inpersonation of flea on the forums i love it,0
We're on the opposite side from where we dropped you off,we re on the opposite side from where we dropped you off,0
Thank you princess! You are so sexy...,thank you princess you are so sexy,0
"I need an 8th but I'm off campus atm, could I pick up in an hour or two?",i need an [num] th but i m off campus atm could i pick up in an hour or two,0
I would but I'm still cozy. And exhausted from last night.nobody went to school or work. Everything is closed.,i would but i m still cozy and exhausted from last night nobody went to school or work everything is closed,0
Will you come online today night,will you come online today night,0
"Well done, blimey, exercise, yeah, i kinda remember wot that is, hmm. ",well done blimey exercise yeah i kinda remember wot that is hmm,0
HOW ARE U? I HAVE MISSED U! I HAVENT BEEN UP 2 MUCH A BIT BORED WITH THE HOLIDAY WANT 2 GO BAK 2 COLLEGE! SAD ISNT IT?xx,how are u i have missed u i havent been up [num] much a bit bored with the holiday want [num] go bak [num] college sad isnt it xx,0
Ugh hopefully the asus ppl dont randomly do a reformat.,ugh hopefully the asus ppl dont randomly do a reformat,0
U have a secret admirer who is looking 2 make contact with U-find out who they R*reveal who thinks UR so special-call on 09058094565,u have a secret admirer who is looking [num] make contact with u find out who they r reveal who thinks ur so special call on [num],1
"As a valued customer, I am pleased to advise you that following recent review of your Mob No. you are awarded with a £1500 Bonus Prize, call 09066368470",as a valued customer i am pleased to advise you that following recent review of your mob no you are awarded with a [num] bonus prize call [num],1
Talk to g and x about that,talk to g and x about that,0
You will be receiving this week's Triple Echo ringtone shortly. Enjoy it!,you will be receiving this week s triple echo ringtone shortly enjoy it,1
GSOH? Good with SPAM the ladies?U could b a male gigolo? 2 join the uk's fastest growing mens club reply ONCALL. mjzgroup. 08714342399.2stop reply STOP. msg@£1.50rcvd,gsoh good with spam the ladies u could b a male gigolo [num] join the uk s fastest growing mens club reply oncall mjzgroup [num] [num] stop reply stop msg [num] [num] rcvd,1
"Lol ... Oh no babe, I wont be sliding into your place after midnight, but thanks for the invite",lol oh no babe i wont be sliding into your place after midnight but thanks for the invite,0
Oh ok..,oh ok,0
Prakesh is there know.,prakesh is there know,0
Shopping lor. Them raining mah hard 2 leave orchard.,shopping lor them raining mah hard [num] leave orchard,0
None of that's happening til you get here though,none of that s happening til you get here though,0
"Yeah, we can probably swing by once my roommate finishes up with his girl",yeah we can probably swing by once my roommate finishes up with his girl,0
"Sorry about earlier. Putting out fires.Are you around to talk after 9? Or do you actually have a life, lol!",sorry about earlier putting out fires are you around to talk after [num] or do you actually have a life lol,0
Cool. So how come you havent been wined and dined before?,cool so how come you havent been wined and dined before,0
If you are not coughing then its nothing,if you are not coughing then its nothing,0
I've told you everything will stop. Just dont let her get dehydrated.,i ve told you everything will stop just dont let her get dehydrated,0
I (Career Tel) have added u as a contact on INDYAROCKS.COM to send FREE SMS. To remove from phonebook - sms NO to  &lt;#&gt;,i career tel have added u as a contact on indyarocks com to send free sms to remove from phonebook sms no to lt gt,0
83039 62735=£450 UK Break AccommodationVouchers terms & conditions apply. 2 claim you mustprovide your claim number which is 15541 ,[num] [num] [num] uk break accommodationvouchers terms conditions apply [num] claim you mustprovide your claim number which is [num],1
"Dunno, my dad said he coming home 2 bring us out 4 lunch. Yup i go w u lor. I call u when i reach school lor...",dunno my dad said he coming home [num] bring us out [num] lunch yup i go w u lor i call u when i reach school lor,0
"Got fujitsu, ibm, hp, toshiba... Got a lot of model how to say...",got fujitsu ibm hp toshiba got a lot of model how to say,0
Babes I think I got ur brolly I left it in English wil bring it in 2mrw 4 u luv Franxx,babes i think i got ur brolly i left it in english wil bring it in [num] mrw [num] u luv franxx,0
XMAS Prize draws! We are trying to contact U. Todays draw shows that you have won a £2000 prize GUARANTEED. Call 09058094565 from land line. Valid 12hrs only,xmas prize draws we are trying to contact u todays draw shows that you have won a [num] prize guaranteed call [num] from land line valid [num] hrs only,1
Dear 0776xxxxxxx U've been invited to XCHAT. This is our final attempt to contact u! Txt CHAT to 86688 150p/MsgrcvdHG/Suite342/2Lands/Row/W1J6HL LDN 18yrs ,dear [num] xxxxxxx u ve been invited to xchat this is our final attempt to contact u txt chat to [num] [num] p msgrcvdhg suite [num] [num] lands row w [num] j [num] hl ldn [num] yrs,1
Yup it's at paragon... I havent decided whether 2 cut yet... Hee...,yup it s at paragon i havent decided whether [num] cut yet hee,0
I don't quite know what to do. I still can't get hold of anyone. I cud pick you up bout 7.30pm and we can see if they're in the pub?,i don t quite know what to do i still can t get hold of anyone i cud pick you up bout [num] [num] pm and we can see if they re in the pub,0
Just now saw your message.it k da:),just now saw your message it k da,0
Usually the person is unconscious that's in children but in adults they may just behave abnormally. I.ll call you now,usually the person is unconscious that s in children but in adults they may just behave abnormally i ll call you now,0
Jus telling u dat i'll b leaving 4 shanghai on 21st instead so we'll haf more time 2 meet up cya...,jus telling u dat i ll b leaving [num] shanghai on [num] st instead so we ll haf more time [num] meet up cya,0
Yes:)here tv is always available in work place..,yes here tv is always available in work place,0
S:-)kallis wont play in first two odi:-),s kallis wont play in first two odi,0
Dunno he jus say go lido. Same time 930.,dunno he jus say go lido same time [num],0
"URGENT! Your mobile No 077xxx WON a £2,000 Bonus Caller Prize on 02/06/03! This is the 2nd attempt to reach YOU! Call 09066362206 ASAP! BOX97N7QP, 150ppm",urgent your mobile no [num] xxx won a [num] [num] bonus caller prize on [num] [num] [num] this is the [num] nd attempt to reach you call [num] asap box [num] n [num] qp [num] ppm,1
*deep sigh* ... I miss you :-( ... I am really surprised you haven't gone to the net cafe yet to get to me ... Don't you miss me?,deep sigh i miss you i am really surprised you haven t gone to the net cafe yet to get to me don t you miss me,0
"I'm in a meeting, call me later at",i m in a meeting call me later at,0
O ic lol. Should play 9 doors sometime yo,o ic lol should play [num] doors sometime yo,0
Er yep sure. Props?,er yep sure props,0
Freemsg: 1-month unlimited free calls! Activate SmartCall Txt: CALL to No: 68866. Subscriptn3gbp/wk unlimited calls Help: 08448714184 Stop?txt stop landlineonly,freemsg [num] month unlimited free calls activate smartcall txt call to no [num] subscriptn [num] gbp wk unlimited calls help [num] stop txt stop landlineonly,1
"Babe, I need your advice",babe i need your advice,0
U free on sat rite? U wan 2 watch infernal affairs wif me n darren n mayb xy?,u free on sat rite u wan [num] watch infernal affairs wif me n darren n mayb xy,0
GRAN ONLYFOUND OUT AFEW DAYS AGO.CUSOON HONI,gran onlyfound out afew days ago cusoon honi,0
For The First Time In The History 'Need' 'Comfort' And 'Luxury' Are Sold At Same Price In India..!! Onion-Rs. &lt;#&gt;  Petrol-Rs. &lt;#&gt;  Beer-Rs. &lt;#&gt;  SHESIL  &lt;#&gt;,for the first time in the history need comfort and luxury are sold at same price in india onion rs lt gt petrol rs lt gt beer rs lt gt shesil lt gt,0
"A gram usually runs like  &lt;#&gt; , a half eighth is smarter though and gets you almost a whole second gram for  &lt;#&gt;",a gram usually runs like lt gt a half eighth is smarter though and gets you almost a whole second gram for lt gt,0
"Ya ok, vikky vl c witin  &lt;#&gt; mins and il reply u..",ya ok vikky vl c witin lt gt mins and il reply u,0
Busy here. Trying to finish for new year. I am looking forward to finally meeting you...,busy here trying to finish for new year i am looking forward to finally meeting you,0
Were trying to find a Chinese food place around here,were trying to find a chinese food place around here,0
Thanx 4 2day! U r a goodmate I THINK UR RITE SARY! ASUSUAL!1 U CHEERED ME UP! LOVE U FRANYxxxxx,thanx [num] [num] day u r a goodmate i think ur rite sary asusual [num] u cheered me up love u franyxxxxx,0
I take it the post has come then! You must have 1000s of texts now! Happy reading. My one from wiv hello caroline at the end is my favourite. Bless him,i take it the post has come then you must have [num] s of texts now happy reading my one from wiv hello caroline at the end is my favourite bless him,0
645,[num],0
Yes.mum lookin strong:),yes mum lookin strong,0
Hey pple...$700 or $900 for 5 nights...Excellent location wif breakfast hamper!!!,hey pple [num] or [num] for [num] nights excellent location wif breakfast hamper,0
Haiyoh... Maybe your hamster was jealous of million,haiyoh maybe your hamster was jealous of million,0
Okay name ur price as long as its legal! Wen can I pick them up? Y u ave x ams xx,okay name ur price as long as its legal wen can i pick them up y u ave x ams xx,0
"K, wat s tht incident?",k wat s tht incident,0
Where u been hiding stranger?,where u been hiding stranger,0
"The fact that you're cleaning shows you know why i'm upset. Your priority is constantly ""what i want to do,"" not ""what i need to do.""",the fact that you re cleaning shows you know why i m upset your priority is constantly what i want to do not what i need to do,0
I place all ur points on e cultures module already.,i place all ur points on e cultures module already,0
Did either of you have any idea's? Do you know of anyplaces doing something?,did either of you have any idea s do you know of anyplaces doing something,0
"Best msg: It's hard to be with a person, when u know that one more step foward will make u fall in love.. &amp; One step back can ruin ur friendship.. good night:-) ...",best msg it s hard to be with a person when u know that one more step foward will make u fall in love amp one step back can ruin ur friendship good night,0
Yup bathe liao...,yup bathe liao,0
Crucify is c not s. You should have told me earlier.,crucify is c not s you should have told me earlier,0
Idea will soon get converted to live:),idea will soon get converted to live,0
Okie.. Thanx..,okie thanx,0
"Ok omw now, you at castor?",ok omw now you at castor,0
Audrie lousy autocorrect,audrie lousy autocorrect,0
what I meant to say is cant wait to see u again getting bored of this bridgwater banter,what i meant to say is cant wait to see u again getting bored of this bridgwater banter,0
We not watching movie already. Xy wants 2 shop so i'm shopping w her now.,we not watching movie already xy wants [num] shop so i m shopping w her now,0
"Erm... Woodland avenue somewhere. Do you get the parish magazine, his telephone number will be in there.",erm woodland avenue somewhere do you get the parish magazine his telephone number will be in there,0
Try to do something dear. You read something for exams,try to do something dear you read something for exams,0
"What will we do in the shower, baby?",what will we do in the shower baby,0
"SMS SERVICES. for your inclusive text credits, pls goto www.comuk.net login= 3qxj9 unsubscribe with STOP, no extra charge. help 08702840625.COMUK. 220-CM2 9AE",sms services for your inclusive text credits pls goto [url] login [num] qxj [num] unsubscribe with stop no extra charge help [num] comuk [num] cm [num] [num] ae,1
Hmm ill have to think about it... ok you're forgiven! =D,hmm ill have to think about it ok you re forgiven d,0
Don know. I did't msg him recently.,don know i did t msg him recently,0
Still chance there. If you search hard you will get it..let have a try :),still chance there if you search hard you will get it let have a try,0
What's up. Do you want me to come online?,what s up do you want me to come online,0
Hey!!! I almost forgot ... Happy B-day babe ! I love ya!!,hey i almost forgot happy b day babe i love ya,0
Hello! How's you and how did saturday go? I was just texting to see if you'd decided to do anything tomo. Not that i'm trying to invite myself or anything!,hello how s you and how did saturday go i was just texting to see if you d decided to do anything tomo not that i m trying to invite myself or anything,0
Once free call me sir.,once free call me sir,0
There is os called ubandu which will run without installing in hard disk...you can use that os to copy the important files in system and give it to repair shop..,there is os called ubandu which will run without installing in hard disk you can use that os to copy the important files in system and give it to repair shop,0
So wats ur opinion abt him and how abt is character?,so wats ur opinion abt him and how abt is character,0
Thanks honey but still haven't heard anything I will leave it a bit longer so not 2 crowd him and will try later - great advice thanks hope cardiff is still there!,thanks honey but still haven t heard anything i will leave it a bit longer so not [num] crowd him and will try later great advice thanks hope cardiff is still there,0
That's the way you should stay oh.,that s the way you should stay oh,0
Pls call me da. What happen.,pls call me da what happen,0
No..he joined today itself.,no he joined today itself,0
Yep get with the program. You're slacking.,yep get with the program you re slacking,0
Ya just telling abt tht incident..,ya just telling abt tht incident,0
"Urgent! Please call 0906346330. Your ABTA complimentary 4* Spanish Holiday or £10,000 cash await collection SAE T&Cs BOX 47 PO19 2EZ 150ppm 18+",urgent please call [num] your abta complimentary [num] spanish holiday or [num] [num] cash await collection sae t cs box [num] po [num] [num] ez [num] ppm [num],1
I donno its in your genes or something,i donno its in your genes or something,0
"Oh right, ok. I'll make sure that i do loads of work during the day!  got a really nasty cough today and is dry n shot so that should really help it!",oh right ok i ll make sure that i do loads of work during the day got a really nasty cough today and is dry n shot so that should really help it,0
"Fuck babe, I miss you sooooo much !! I wish you were here to sleep with me ... My bed is so lonely ... I go now, to sleep ... To dream of you, my love ...",fuck babe i miss you sooooo much i wish you were here to sleep with me my bed is so lonely i go now to sleep to dream of you my love,0
Your account has been refilled successfully by INR  &lt;DECIMAL&gt; . Your KeralaCircle prepaid account balance is Rs  &lt;DECIMAL&gt; . Your Transaction ID is KR &lt;#&gt; .,your account has been refilled successfully by inr lt decimal gt your keralacircle prepaid account balance is rs lt decimal gt your transaction id is kr lt gt,0
Ron say fri leh. N he said ding tai feng cant make reservations. But he said wait lor.,ron say fri leh n he said ding tai feng cant make reservations but he said wait lor,0
"Congratulations! Thanks to a good friend U have WON the £2,000 Xmas prize. 2 claim is easy, just call 08718726978 NOW! Only 10p per minute. BT-national-rate",congratulations thanks to a good friend u have won the [num] [num] xmas prize [num] claim is easy just call [num] now only [num] p per minute bt national rate,1
URGENT This is our 2nd attempt to contact U. Your £900 prize from YESTERDAY is still awaiting collection. To claim CALL NOW 09061702893. ACL03530150PM,urgent this is our [num] nd attempt to contact u your [num] prize from yesterday is still awaiting collection to claim call now [num] acl [num] pm,1
Stop knowing me so well!,stop knowing me so well,0
Shall call now dear having food,shall call now dear having food,0
K.k.this month kotees birthday know?,k k this month kotees birthday know,0
7 lor... Change 2 suntec... Wat time u coming?,[num] lor change [num] suntec wat time u coming,0
My sis is catching e show in e afternoon so i'm not watching w her. So c u wan 2 watch today or tmr lor.,my sis is catching e show in e afternoon so i m not watching w her so c u wan [num] watch today or tmr lor,0
I taught that Ranjith sir called me. So only i sms like that. Becaus hes verifying about project. Prabu told today so only pa dont mistake me..,i taught that ranjith sir called me so only i sms like that becaus hes verifying about project prabu told today so only pa dont mistake me,0
"Good afternoon, my love. It was good to see your words on YM and get your tm. Very smart move, my slave ... *smiles* ... I drink my coffee and await you.",good afternoon my love it was good to see your words on ym and get your tm very smart move my slave smiles i drink my coffee and await you,0
"And that's fine, I got enough bud to last most of the night at least",and that s fine i got enough bud to last most of the night at least,0
A pure hearted person can have a wonderful smile that makes even his/her enemies to feel guilty for being an enemy.. So catch the world with your smile..:) GOODMORNING &amp; HAVE A SMILEY SUNDAY..:),a pure hearted person can have a wonderful smile that makes even his her enemies to feel guilty for being an enemy so catch the world with your smile goodmorning amp have a smiley sunday,0
Great News! Call FREEFONE 08006344447 to claim your guaranteed £1000 CASH or £2000 gift. Speak to a live operator NOW!,great news call freefone [num] to claim your guaranteed [num] cash or [num] gift speak to a live operator now,1
Ü takin linear algebra today?,takin linear algebra today,0
How come guoyang go n tell her? Then u told her?,how come guoyang go n tell her then u told her,0
Erutupalam thandiyachu,erutupalam thandiyachu,0
Hey mr whats the name of that bill brison book the one about language and words ,hey mr whats the name of that bill brison book the one about language and words,0
IMPORTANT MESSAGE. This is a final contact attempt. You have important messages waiting out our customer claims dept. Expires 13/4/04. Call 08717507382 NOW!,important message this is a final contact attempt you have important messages waiting out our customer claims dept expires [num] [num] [num] call [num] now,1
LMAO where's your fish memory when I need it?,lmao where s your fish memory when i need it,0
"House-Maid is the murderer, coz the man was murdered on  &lt;#&gt; th January.. As public holiday all govt.instituitions are closed,including post office..understand?",house maid is the murderer coz the man was murdered on lt gt th january as public holiday all govt instituitions are closed including post office understand,0
Bring home some Wendy =D,bring home some wendy d,0
You are gorgeous! keep those pix cumming :) thank you!,you are gorgeous keep those pix cumming thank you,0
Ü go home liao? Ask dad to pick me up at 6...,go home liao ask dad to pick me up at [num],0
Man this bus is so so so slow. I think you're gonna get there before me,man this bus is so so so slow i think you re gonna get there before me,0
Hi Princess! Thank you for the pics. You are very pretty. How are you?,hi princess thank you for the pics you are very pretty how are you,0
"Aiyo... U always c our ex one... I dunno abt mei, she haven reply... First time u reply so fast... Y so lucky not workin huh, got bao by ur sugardad ah...gee.. ",aiyo u always c our ex one i dunno abt mei she haven reply first time u reply so fast y so lucky not workin huh got bao by ur sugardad ah gee,0
This is ur face test ( 1 2 3 4 5 6 7 8 9  &lt;#&gt;  ) select any number i will tell ur face astrology.... am waiting. quick reply...,this is ur face test [num] [num] [num] [num] [num] [num] [num] [num] [num] lt gt select any number i will tell ur face astrology am waiting quick reply,0
"K I'm ready,  &lt;#&gt; ?",k i m ready lt gt,0
My sister going to earn more than me da.,my sister going to earn more than me da,0
Can. Dunno wat to get 4 her...,can dunno wat to get [num] her,0
Oic... Then better quickly go bathe n settle down...,oic then better quickly go bathe n settle down,0
"Omw back to tampa from west palm, you hear what happened?",omw back to tampa from west palm you hear what happened,0
What???? Hello wats talks email address?,what hello wats talks email address,0
Go fool dont cheat others ok,go fool dont cheat others ok,0
Okay lor... Will they still let us go a not ah? Coz they will not know until later. We drop our cards into the box right?,okay lor will they still let us go a not ah coz they will not know until later we drop our cards into the box right,0
Just glad to be talking to you.,just glad to be talking to you,0
That is wondar full flim.,that is wondar full flim,0
Yeah that's the impression I got,yeah that s the impression i got,0
U sleeping now.. Or you going to take? Haha.. I got spys wat.. Me online checking n replying mails lor..,u sleeping now or you going to take haha i got spys wat me online checking n replying mails lor,0
Ok thanx... Take care then...,ok thanx take care then,0
"You can stop further club tones by replying ""STOP MIX"" See my-tone.com/enjoy. html for terms. Club tones cost GBP4.50/week. MFL, PO Box 1146 MK45 2WT (2/3)",you can stop further club tones by replying stop mix see my tone com enjoy html for terms club tones cost gbp [num] [num] week mfl po box [num] mk [num] [num] wt [num] [num],1
Anything...,anything,0
K.k..how is your sister kids?,k k how is your sister kids,0
Great comedy..cant stop laughing da:),great comedy cant stop laughing da,0
What * u wearing?,what u wearing,0
Get your garden ready for summer with a FREE selection of summer bulbs and seeds worth £33:50 only with The Scotsman this Saturday. To stop go2 notxt.co.uk,get your garden ready for summer with a free selection of summer bulbs and seeds worth [num] [num] only with the scotsman this saturday to stop go [num] notxt co uk,1
What is this 'hex' place you talk of? Explain!,what is this hex place you talk of explain,0
From next month get upto 50% More Calls 4 Ur standard network charge 2 activate Call 9061100010 C Wire3.net 1st4Terms PoBox84 M26 3UZ Cost £1.50 min MobcudB more,from next month get upto [num] more calls [num] ur standard network charge [num] activate call [num] c wire [num] net [num] st [num] terms pobox [num] m [num] [num] uz cost [num] [num] min mobcudb more,1
Was actually about to send you a reminder today. Have a wonderful weekend,was actually about to send you a reminder today have a wonderful weekend,0
The battery is for mr adewale my uncle. Aka Egbon,the battery is for mr adewale my uncle aka egbon,0
"Dear friends, sorry for the late information. Today is the birthday of our loving Ar.Praveesh. for more details log on to face book and see. Its his number + &lt;#&gt; . Dont miss a delicious treat.",dear friends sorry for the late information today is the birthday of our loving ar praveesh for more details log on to face book and see its his number lt gt dont miss a delicious treat,0
Burger King - Wanna play footy at a top stadium? Get 2 Burger King before 1st Sept and go Large or Super with Coca-Cola and walk out a winner,burger king wanna play footy at a top stadium get [num] burger king before [num] st sept and go large or super with coca cola and walk out a winner,1
A £400 XMAS REWARD IS WAITING FOR YOU! Our computer has randomly picked you from our loyal mobile customers to receive a £400 reward. Just call 09066380611,a [num] xmas reward is waiting for you our computer has randomly picked you from our loyal mobile customers to receive a [num] reward just call [num],1
"Hello, yeah i've just got out of the bath and need to do my hair so i'll come up when i'm done, yeah?",hello yeah i ve just got out of the bath and need to do my hair so i ll come up when i m done yeah,0
"Jane babes not goin 2 wrk, feel ill after lst nite. Foned in already cover 4 me chuck.:-)",jane babes not goin [num] wrk feel ill after lst nite foned in already cover [num] me chuck,0
Why she wants to talk to me,why she wants to talk to me,0
Change windows logoff sound..,change windows logoff sound,0
I told your number to gautham..,i told your number to gautham,0
Am on the uworld site. Am i buying the qbank only or am i buying it with the self assessment also?,am on the uworld site am i buying the qbank only or am i buying it with the self assessment also,0
Actually i deleted my old website..now i m blogging at magicalsongs.blogspot.com,actually i deleted my old website now i m blogging at magicalsongs blogspot com,0
Wat r u doing now?,wat r u doing now,0
NO GIFTS!! You trying to get me to throw myself off a cliff or something?,no gifts you trying to get me to throw myself off a cliff or something,0
"[…] anyway, many good evenings to u! s",[ ] anyway many good evenings to u s,0
Lol now I'm after that hot air balloon!,lol now i m after that hot air balloon,0
"I get out of class in bsn in like  &lt;#&gt;  minutes, you know where advising is?",i get out of class in bsn in like lt gt minutes you know where advising is,0
"I'll text carlos and let you know, hang on",i ll text carlos and let you know hang on,0
Do you want a new Video handset? 750 any time any network mins? UNLIMITED TEXT? Camcorder? Reply or Call now 08000930705 for del Sat AM,do you want a new video handset [num] any time any network mins unlimited text camcorder reply or call now [num] for del sat am,1
Ur ringtone service has changed! 25 Free credits! Go to club4mobiles.com to choose content now! Stop? txt CLUB STOP to 87070. 150p/wk Club4 PO Box1146 MK45 2WT,ur ringtone service has changed [num] free credits go to club [num] mobiles com to choose content now stop txt club stop to [num] [num] p wk club [num] po box [num] mk [num] [num] wt,1
Company is very good.environment is terrific and food is really nice:),company is very good environment is terrific and food is really nice,0
I will reach office around  &lt;DECIMAL&gt; . &amp; my mobile have problem. You cann't get my voice. So call you asa i'll free,i will reach office around lt decimal gt amp my mobile have problem you cann t get my voice so call you asa i ll free,0
Juz now havent woke up so a bit blur blur... Can? Dad went out liao... I cant cum now oso...,juz now havent woke up so a bit blur blur can dad went out liao i cant cum now oso,0
Ugh fuck it I'm resubbing to eve,ugh fuck it i m resubbing to eve,0
"Mah b, I'll pick it up tomorrow",mah b i ll pick it up tomorrow,0
Had your mobile 11mths ? Update for FREE to Oranges latest colour camera mobiles & unlimited weekend calls. Call Mobile Upd8 on freefone 08000839402 or 2StopTxt,had your mobile [num] mths update for free to oranges latest colour camera mobiles unlimited weekend calls call mobile upd [num] on freefone [num] or [num] stoptxt,1
Jordan got voted out last nite!,jordan got voted out last nite,0
"If you're still up, maybe leave the credit card so I can get gas when I get back like he told me to",if you re still up maybe leave the credit card so i can get gas when i get back like he told me to,0
Also where's the piece,also where s the piece,0
K..i deleted my contact that why?,k i deleted my contact that why,0
:-( that's not v romantic!,that s not v romantic,0
I'm glad. You are following your dreams.,i m glad you are following your dreams,0
"Loan for any purpose £500 - £75,000. Homeowners + Tenants welcome. Have you been previously refused? We can still help. Call Free 0800 1956669 or text back 'help'",loan for any purpose [num] [num] [num] homeowners tenants welcome have you been previously refused we can still help call free [num] [num] or text back help,1
"Okey doke. I'm at home, but not dressed cos laying around ill! Speak to you later bout times and stuff. ",okey doke i m at home but not dressed cos laying around ill speak to you later bout times and stuff,0
Howz that persons story,howz that persons story,0
Hi Petey!noim ok just wanted 2 chat coz avent spoken 2 u 4 a long time-hope ur doin alrite.have good nit at js love ya am.x,hi petey noi m ok just wanted [num] chat coz avent spoken [num] u [num] a long time hope ur doin alrite have good nit at js love ya am x,0
"URGENT! Your mobile was awarded a £1,500 Bonus Caller Prize on 27/6/03. Our final attempt 2 contact U! Call 08714714011",urgent your mobile was awarded a [num] [num] bonus caller prize on [num] [num] [num] our final attempt [num] contact u call [num],1
"My friend just got here and says he's upping his order by a few grams (he's got $ &lt;#&gt; ), when can you get here?",my friend just got here and says he s upping his order by a few grams he s got lt gt when can you get here,0
Free Msg: Ringtone!From: http://tms. widelive.com/index. wml?id=1b6a5ecef91ff9*37819&first=true18:0430-JUL-05,free msg ringtone from [url] widelive com index wml id [num] b [num] a [num] ecef [num] ff [num] [num] first true [num] [num] jul [num],1
MMM ... Fuck .... Merry Christmas to me,mmm fuck merry christmas to me,0
Moby Pub Quiz.Win a £100 High Street prize if u know who the new Duchess of Cornwall will be? Txt her first name to 82277.unsub STOP £1.50 008704050406 SP,moby pub quiz win a [num] high street prize if u know who the new duchess of cornwall will be txt her first name to [num] unsub stop [num] [num] [num] sp,1
Want 2 get laid tonight? Want real Dogging locations sent direct 2 ur Mob? Join the UK's largest Dogging Network by txting MOAN to 69888Nyt. ec2a. 31p.msg@150p,want [num] get laid tonight want real dogging locations sent direct [num] ur mob join the uk s largest dogging network by txting moan to [num] nyt ec [num] a [num] p msg [num] p,1
I dont know ask to my brother. Nothing problem some thing that. Just i told .,i dont know ask to my brother nothing problem some thing that just i told,0
Dunno lei... I might b eatin wif my frens... If ü wan to eat then i wait 4 ü lar,dunno lei i might b eatin wif my frens if wan to eat then i wait [num] lar,0
"HOT LIVE FANTASIES call now 08707500020 Just 20p per min NTT Ltd, PO Box 1327 Croydon CR9 5WB 0870 is a national rate call",hot live fantasies call now [num] just [num] p per min ntt ltd po box [num] croydon cr [num] [num] wb [num] is a national rate call,1
No shoot me. I'm in the docs waiting room. :/,no shoot me i m in the docs waiting room,0
"HEY KATE, HOPE UR OK... WILL GIVE U A BUZ WEDLUNCH. GO OUTSOMEWHERE 4 ADRINK IN TOWN..CUD GO 2WATERSHD 4 A BIT? PPL FROMWRK WILL BTHERE. LOVE PETEXXX.",hey kate hope ur ok will give u a buz wedlunch go outsomewhere [num] adrink in town cud go [num] watershd [num] a bit ppl fromwrk will bthere love petexxx,0
"URGENT! Your Mobile No was awarded a £2,000 Bonus Caller Prize on 1/08/03! This is our 2nd attempt to contact YOU! Call 0871-4719-523 BOX95QU BT National Rate",urgent your mobile no was awarded a [num] [num] bonus caller prize on [num] [num] [num] this is our [num] nd attempt to contact you call [num] [num] [num] box [num] qu bt national rate,1
I dled 3d its very imp,i dled [num] d its very imp,0
Yetunde i'm in class can you not run water on it to make it ok. Pls now.,yetunde i m in class can you not run water on it to make it ok pls now,0
"He will, you guys close?",he will you guys close,0
More people are dogging in your area now. Call 09090204448 and join like minded guys. Why not arrange 1 yourself. There's 1 this evening. A£1.50 minAPN LS278BB,more people are dogging in your area now call [num] and join like minded guys why not arrange [num] yourself there s [num] this evening a [num] [num] minapn ls [num] bb,1
"Dear, will call Tmorrow.pls accomodate.",dear will call tmorrow pls accomodate,0
K..give back my thanks.,k give back my thanks,0
Tell your friends what you plan to do on Valentines day @ &lt;URL&gt;,tell your friends what you plan to do on valentines day lt url gt,0
"Haha yeah, 2 oz is kind of a shitload",haha yeah [num] oz is kind of a shitload,0
5 nights...We nt staying at port step liao...Too ex,[num] nights we nt staying at port step liao too ex,0
Then what about further plan?,then what about further plan,0
Ok. C u then.,ok c u then,0
"Haha figures, well I found the piece and priscilla's bowl",haha figures well i found the piece and priscilla s bowl,0
is your hamster dead? Hey so tmr i meet you at 1pm orchard mrt? ,is your hamster dead hey so tmr i meet you at [num] pm orchard mrt,0
Why de. You looking good only:-)..,why de you looking good only,0
I don't know u and u don't know me. Send CHAT to 86688 now and let's find each other! Only 150p/Msg rcvd. HG/Suite342/2Lands/Row/W1J6HL LDN. 18 years or over.,i don t know u and u don t know me send chat to [num] now and let s find each other only [num] p msg rcvd hg suite [num] [num] lands row w [num] j [num] hl ldn [num] years or over,1
"Oh, yes, I've just been a little under the weather so i've kind of been coccooning at home",oh yes i ve just been a little under the weather so i ve kind of been coccooning at home,0
I probably won't eat at all today. I think I'm gonna pop. How was your weekend? Did u miss me?,i probably won t eat at all today i think i m gonna pop how was your weekend did u miss me,0
What you need. You have a person to give na.,what you need you have a person to give na,0
What does the dance river do?,what does the dance river do,0
okmail: Dear Dave this is your final notice to collect your 4* Tenerife Holiday or #5000 CASH award! Call 09061743806 from landline. TCs SAE Box326 CW25WX 150ppm,okmail dear dave this is your final notice to collect your [num] tenerife holiday or [num] cash award call [num] from landline tcs sae box [num] cw [num] wx [num] ppm,1
Hi its Kate how is your evening? I hope i can see you tomorrow for a bit but i have to bloody babyjontet! Txt back if u can. :) xxx,hi its kate how is your evening i hope i can see you tomorrow for a bit but i have to bloody babyjontet txt back if u can xxx,0
"Nah can't help you there, I've never had an iphone",nah can t help you there i ve never had an iphone,0
And do you have any one that can teach me how to ship cars.,and do you have any one that can teach me how to ship cars,0
"Tee hee. Off to lecture, cheery bye bye.",tee hee off to lecture cheery bye bye,0
I am late. I will be there at,i am late i will be there at,0
Nutter. Cutter. Ctter. Cttergg. Cttargg. Ctargg. Ctagg. ie you,nutter cutter ctter cttergg cttargg ctargg ctagg ie you,0
U still painting ur wall?,u still painting ur wall,0
Somebody should go to andros and steal ice,somebody should go to andros and steal ice,0
"Open rebtel with firefox. When it loads just put plus sign in the user name place, and it will show you two numbers. The lower number is my number. Once you pick that number the pin will display okay!",open rebtel with firefox when it loads just put plus sign in the user name place and it will show you two numbers the lower number is my number once you pick that number the pin will display okay,0
I.ll hand her my phone to chat wit u,i ll hand her my phone to chat wit u,0
What's happening with you. Have you gotten a job and have you begun registration for permanent residency,what s happening with you have you gotten a job and have you begun registration for permanent residency,0
 &lt;#&gt;  mins but i had to stop somewhere first.,lt gt mins but i had to stop somewhere first,0
We have new local dates in your area - Lots of new people registered in YOUR AREA. Reply DATE to start now! 18 only www.flirtparty.us REPLYS150,we have new local dates in your area lots of new people registered in your area reply date to start now [num] only [url] replys [num],1
Idk. I'm sitting here in a stop and shop parking lot right now bawling my eyes out because i feel like i'm a failure in everything. Nobody wants me and now i feel like i'm failing you.,idk i m sitting here in a stop and shop parking lot right now bawling my eyes out because i feel like i m a failure in everything nobody wants me and now i feel like i m failing you,0
"Hey babe, my friend had to cancel, still up for a visit ?",hey babe my friend had to cancel still up for a visit,0
Want a new Video Phone? 750 anytime any network mins? Half price line rental free text for 3 months? Reply or call 08000930705 for free delivery,want a new video phone [num] anytime any network mins half price line rental free text for [num] months reply or call [num] for free delivery,1
Also maaaan are you missing out,also maaaan are you missing out,0
Don't forget though that I love you .... And I walk beside you. Watching over you and keeping your heart warm.,don t forget though that i love you and i walk beside you watching over you and keeping your heart warm,0
I have lost 10 kilos as of today!,i have lost [num] kilos as of today,0
"Just so that you know,yetunde hasn't sent money yet. I just sent her a text not to bother sending. So its over, you dont have to involve yourself in anything. I shouldn't have imposed anything on you in the first place so for that, i apologise.",just so that you know yetunde hasn t sent money yet i just sent her a text not to bother sending so its over you dont have to involve yourself in anything i shouldn t have imposed anything on you in the first place so for that i apologise,0
Dis is yijue. I jus saw ur mail. In case huiming havent sent u my num. Dis is my num.,dis is yijue i jus saw ur mail in case huiming havent sent u my num dis is my num,0
U too...,u too,0
This phone has the weirdest auto correct.,this phone has the weirdest auto correct,0
Aiyo please ü got time meh.,aiyo please got time meh,0
Nothin comes to my mind. Ü help me buy hanger lor. Ur laptop not heavy?,nothin comes to my mind help me buy hanger lor ur laptop not heavy,0
Ok then i come n pick u at engin?,ok then i come n pick u at engin,0
"Dear,Me at cherthala.in case u r coming cochin pls call bfore u start.i shall also reach accordingly.or tell me which day u r coming.tmorow i am engaged ans its holiday.",dear me at cherthala in case u r coming cochin pls call bfore u start i shall also reach accordingly or tell me which day u r coming tmorow i am engaged ans its holiday,0
Had your mobile 10 mths? Update to latest Orange camera/video phones for FREE. Save £s with Free texts/weekend calls. Text YES for a callback orno to opt out,had your mobile [num] mths update to latest orange camera video phones for free save s with free texts weekend calls text yes for a callback orno to opt out,1
"Hi hope u get this txt~journey hasnt been gd,now about 50 mins late I think.",hi hope u get this txt journey hasnt been gd now about [num] mins late i think,0
FREEMSG: Our records indicate you may be entitled to 3750 pounds for the Accident you had. To claim for free reply with YES to this msg. To opt out text STOP,freemsg our records indicate you may be entitled to [num] pounds for the accident you had to claim for free reply with yes to this msg to opt out text stop,1
"Don't Think About ""What u Have Got"" Think About ""How to Use It That You Have Got"" gooD ni8",don t think about what u have got think about how to use it that you have got good ni [num],0
Why do you ask princess?,why do you ask princess,0
But your brother transfered only  &lt;#&gt;  +  &lt;#&gt; . Pa.,but your brother transfered only lt gt lt gt pa,0
Already one guy loving you:-.,already one guy loving you,0
"all the lastest from Stereophonics, Marley, Dizzee Racal, Libertines and The Strokes! Win Nookii games with Flirt!! Click TheMob WAP Bookmark or text WAP to 82468",all the lastest from stereophonics marley dizzee racal libertines and the strokes win nookii games with flirt click themob wap bookmark or text wap to [num],1
How much did ur hdd casing cost.,how much did ur hdd casing cost,0
Ok. She'll be ok. I guess,ok she ll be ok i guess,0
....photoshop makes my computer shut down.,photoshop makes my computer shut down,0
No. Its not specialisation. Can work but its slave labor. Will look for it this month sha cos no shakara 4 beggar.,no its not specialisation can work but its slave labor will look for it this month sha cos no shakara [num] beggar,0
You dont know you jabo me abi.,you dont know you jabo me abi,0
Okie,okie,0
1000's of girls many local 2 u who r virgins 2 this & r ready 2 4fil ur every sexual need. Can u 4fil theirs? text CUTE to 69911(£1.50p. m),[num] s of girls many local [num] u who r virgins [num] this r ready [num] [num] fil ur every sexual need can u [num] fil theirs text cute to [num] [num] [num] p m,1
+449071512431 URGENT! This is the 2nd attempt to contact U!U have WON £1250 CALL 09071512433 b4 050703 T&CsBCM4235WC1N3XX. callcost 150ppm mobilesvary. max£7. 50,[num] urgent this is the [num] nd attempt to contact u u have won [num] call [num] b [num] [num] t csbcm [num] wc [num] n [num] xx callcost [num] ppm mobilesvary max [num] [num],1
Welcome! Please reply with your AGE and GENDER to begin. e.g 24M,welcome please reply with your age and gender to begin e g [num] m,1
I‘m parked next to a MINI!!!! When are you coming in today do you think?,i m parked next to a mini when are you coming in today do you think,0
Thanks for yesterday sir. You have been wonderful. Hope you enjoyed the burial. MojiBiola,thanks for yesterday sir you have been wonderful hope you enjoyed the burial mojibiola,0
"I'm back &amp; we're packing the car now, I'll let you know if there's room",i m back amp we re packing the car now i ll let you know if there s room,0
"idc get over here, you are not weaseling your way out of this shit twice in a row",idc get over here you are not weaseling your way out of this shit twice in a row,0
Did you see that film:),did you see that film,0
Ladies first and genus second k .,ladies first and genus second k,0
Compliments to you. Was away from the system. How your side.,compliments to you was away from the system how your side,0
Nothing just getting msgs by dis name wit different no's..,nothing just getting msgs by dis name wit different no s,0
I wnt to buy a BMW car urgently..its vry urgent.but hv a shortage of  &lt;#&gt; Lacs.there is no source to arng dis amt. &lt;#&gt; lacs..thats my prob,i wnt to buy a bmw car urgently its vry urgent but hv a shortage of lt gt lacs there is no source to arng dis amt lt gt lacs thats my prob,0
I'm in class. Will holla later,i m in class will holla later,0
"Hi this is Amy, we will be sending you a free phone number in a couple of days, which will give you an access to all the adult parties...",hi this is amy we will be sending you a free phone number in a couple of days which will give you an access to all the adult parties,1
Dear i am not denying your words please,dear i am not denying your words please,0
Ü ready then call me...,ready then call me,0
"Hello, my boytoy! I made it home and my constant thought is of you, my love. I hope your having a nice visit but I can't wait till you come home to me ...*kiss*",hello my boytoy i made it home and my constant thought is of you my love i hope your having a nice visit but i can t wait till you come home to me kiss,0
Lul im gettin some juicy gossip at the hospital. Two nurses are talking about how fat they are gettin. And one thinks shes obese. Oyea.,lul im gettin some juicy gossip at the hospital two nurses are talking about how fat they are gettin and one thinks shes obese oyea,0
I'll be late...,i ll be late,0
Call me when u're done...,call me when u re done,0
"Hey, a guy I know is breathing down my neck to get him some bud, anyway you'd be able to get a half track to usf tonight?",hey a guy i know is breathing down my neck to get him some bud anyway you d be able to get a half track to usf tonight,0
Love it! Daddy will make you scream with pleasure! I am going to slap your ass with my dick!,love it daddy will make you scream with pleasure i am going to slap your ass with my dick,0
Am on a train back from northampton so i'm afraid not! I'm staying skyving off today ho ho! Will be around wednesday though. Do you fancy the comedy club this week by the way?,am on a train back from northampton so i m afraid not i m staying skyving off today ho ho will be around wednesday though do you fancy the comedy club this week by the way,0
Then get some cash together and I'll text jason,then get some cash together and i ll text jason,0
Btw regarding that we should really try to see if anyone else can be our 4th guy before we commit to a random dude,btw regarding that we should really try to see if anyone else can be our [num] th guy before we commit to a random dude,0
No. 1 Nokia Tone 4 ur mob every week! Just txt NOK to 87021. 1st Tone FREE ! so get txtin now and tell ur friends. 150p/tone. 16 reply HL 4info,no [num] nokia tone [num] ur mob every week just txt nok to [num] [num] st tone free so get txtin now and tell ur friends [num] p tone [num] reply hl [num] info,1
"Im sorry bout last nite it wasnt ur fault it was me, spouse it was pmt or sumthin! U 4give me? I think u shldxxxx",im sorry bout last nite it wasn t ur fault it was me spouse it was pmt or sumthin u [num] give me i think u shldxxxx,0
Darren was saying dat if u meeting da ge den we dun meet 4 dinner. Cos later u leave xy will feel awkward. Den u meet him 4 lunch lor.,darren was saying dat if u meeting da ge den we dun meet [num] dinner cos later u leave xy will feel awkward den u meet him [num] lunch lor,0
"Mila, age23, blonde, new in UK. I look sex with UK guys. if u like fun with me. Text MTALK to 69866.18 . 30pp/txt 1st 5free. £1.50 increments. Help08718728876",mila age [num] blonde new in uk i look sex with uk guys if u like fun with me text mtalk to [num] [num] [num] pp txt [num] st [num] free [num] [num] increments help [num],1
Probably gonna swing by in a wee bit,probably gonna swing by in a wee bit,0
"So many people seems to be special at first sight, But only very few will remain special to you till your last sight.. Maintain them till life ends.. take cr da",so many people seems to be special at first sight but only very few will remain special to you till your last sight maintain them till life ends take cr da,0
He says hi and to get your ass back to south tampa (preferably at a kegger),he says hi and to get your ass back to south tampa preferably at a kegger,0
"Today's Offer! Claim ur £150 worth of discount vouchers! Text YES to 85023 now! SavaMob, member offers mobile! T Cs 08717898035. £3.00 Sub. 16 . Unsub reply X",today s offer claim ur [num] worth of discount vouchers text yes to [num] now savamob member offers mobile t cs [num] [num] [num] sub [num] unsub reply x,1
I think if he rule tamilnadu..then its very tough for our people.,i think if he rule tamilnadu then its very tough for our people,0
Too late. I said i have the website. I didn't i have or dont have the slippers,too late i said i have the website i didn t i have or dont have the slippers,0
Dunno dat's wat he told me. Ok lor...,dunno dat s wat he told me ok lor,0
"Oh fine, I'll be by tonight",oh fine i ll be by tonight,0
"She is our sister.. She belongs 2 our family.. She is d hope of tomorrow.. Pray 4 her,who was fated 4 d Shoranur train incident. Lets hold our hands together &amp; fuelled by love &amp; concern prior 2 her grief &amp; pain. Pls join in dis chain &amp; pass it. STOP VIOLENCE AGAINST WOMEN.",she is our sister she belongs [num] our family she is d hope of tomorrow pray [num] her who was fated [num] d shoranur train incident lets hold our hands together amp fuelled by love amp concern prior [num] her grief amp pain pls join in dis chain amp pass it stop violence against women,0
"HOT LIVE FANTASIES call now 08707509020 Just 20p per min NTT Ltd, PO Box 1327 Croydon CR9 5WB 0870 is a national rate call",hot live fantasies call now [num] just [num] p per min ntt ltd po box [num] croydon cr [num] [num] wb [num] is a national rate call,1
Gr8. So how do you handle the victoria island traffic. Plus when's the album due,gr [num] so how do you handle the victoria island traffic plus when s the album due,0
LORD OF THE RINGS:RETURN OF THE KING in store NOW!REPLY LOTR by 2 June 4 Chance 2 WIN LOTR soundtrack CDs StdTxtRate. Reply STOP to end txts,lord of the rings return of the king in store now reply lotr by [num] june [num] chance [num] win lotr soundtrack cds stdtxtrate reply stop to end txts,1
"Total disappointment, when I texted you was the craziest shit got :(",total disappointment when i texted you was the craziest shit got,0
Home so we can always chat,home so we can always chat,0
Yup i'm elaborating on the safety aspects and some other issues..,yup i m elaborating on the safety aspects and some other issues,0
U have a Secret Admirer who is looking 2 make contact with U-find out who they R*reveal who thinks UR so special-call on 09065171142-stopsms-08718727870150ppm,u have a secret admirer who is looking [num] make contact with u find out who they r reveal who thinks ur so special call on [num] stopsms [num] ppm,1
08714712388 between 10am-7pm Cost 10p,[num] between [num] am [num] pm cost [num] p,1
Dude while were makin those weirdy brownies my sister made awesome cookies. I took pics.,dude while were makin those weirdy brownies my sister made awesome cookies i took pics,0
"Sorry, I'll call later  &lt;#&gt; mins",sorry i ll call later lt gt mins,0
Mind blastin.. No more Tsunamis will occur from now on.. Rajnikant stopped swimming in Indian Ocean..:-D,mind blastin no more tsunamis will occur from now on rajnikant stopped swimming in indian ocean d,0
Yes I posted a couple of pics on fb. There's still snow outside too. I'm just waking up :),yes i posted a couple of pics on fb there s still snow outside too i m just waking up,0
"I've got ten bucks, jay is being noncomittal",i ve got ten bucks jay is being noncomittal,0
I did. One slice and one breadstick. Lol,i did one slice and one breadstick lol,0
Anything lor but toa payoh got place 2 walk meh...,anything lor but toa payoh got place [num] walk meh,0
Carlos'll be here in a minute if you still need to buy,carlos ll be here in a minute if you still need to buy,0
Yup. Thk of u oso boring wat.,yup thk of u oso boring wat,0
"Hmm well, night night ",hmm well night night,0
"Machan you go to gym tomorrow,  i wil come late goodnight.",machan you go to gym tomorrow i wil come late goodnight,0
Dear where you will be when i reach there,dear where you will be when i reach there,0
Our brand new mobile music service is now live. The free music player will arrive shortly. Just install on your phone to browse content from the top artists.,our brand new mobile music service is now live the free music player will arrive shortly just install on your phone to browse content from the top artists,1
"Oops I did have it,  &lt;#&gt; ?",oops i did have it lt gt,0
"Hello. No news on job, they are making me wait a fifth week! Yeah im up for some woozles and weasels... In exeter still, but be home about 3. ",hello no news on job they are making me wait a fifth week yeah im up for some woozles and weasels in exeter still but be home about [num],0
Ur cash-balance is currently 500 pounds - to maximize ur cash-in now send GO to 86688 only 150p/msg. CC 08718720201 HG/Suite342/2Lands Row/W1J6HL,ur cash balance is currently [num] pounds to maximize ur cash in now send go to [num] only [num] p msg cc [num] hg suite [num] [num] lands row w [num] j [num] hl,1
No he didn't. Spring is coming early yay!,no he didn t spring is coming early yay,0
Ok. Very good. Its all about making that money.,ok very good its all about making that money,0
No rushing. I'm not working. I'm in school so if we rush we go hungry.,no rushing i m not working i m in school so if we rush we go hungry,0
Am i that much dirty fellow?,am i that much dirty fellow,0
I think i am disturbing her da,i think i am disturbing her da,0
"tddnewsletter@emc1.co.uk (More games from TheDailyDraw) Dear Helen, Dozens of Free Games - with great prizesWith..",[email] more games from thedailydraw dear helen dozens of free games with great prizeswith,1
I'm now but have to wait till 2 for the bus to pick me.,i m now but have to wait till [num] for the bus to pick me,0
Didn't you get hep b immunisation in nigeria.,didn t you get hep b immunisation in nigeria,0
Anything lor is she coming?,anything lor is she coming,0
Been up to ne thing interesting. Did you have a good birthday? When are u wrking nxt? I started uni today.,been up to ne thing interesting did you have a good birthday when are u wrking nxt i started uni today,0
"Aight, sounds good. When do you want me to come down?",aight sounds good when do you want me to come down,0
"Thanx 4 the time weve spent 2geva, its bin mint! Ur my Baby and all I want is u!xxxx",thanx [num] the time we ve spent [num] geva its bin mint ur my baby and all i want is u xxxx,0
We have all rounder:)so not required:),we have all rounder so not required,0
I'm stuck in da middle of da row on da right hand side of da lt... ,i m stuck in da middle of da row on da right hand side of da lt,0
Yes princess! I want to make you happy...,yes princess i want to make you happy,0
"Not for possession, especially not first offense",not for possession especially not first offense,0
It took Mr owl 3 licks,it took mr owl [num] licks,0
Going on nothing great.bye,going on nothing great bye,0
Watch lor. I saw a few swatch one i thk quite ok. Ard 116 but i need 2nd opinion leh...,watch lor i saw a few swatch one i thk quite ok ard [num] but i need [num] nd opinion leh,0
"That's cool, I'll come by like  &lt;#&gt; ish",that s cool i ll come by like lt gt ish,0
Can't. I feel nauseous. I'm so pissed. I didn't eat any sweets all week cause today I was planning to pig out. I was dieting all week. And now I'm not hungry :/,can t i feel nauseous i m so pissed i didn t eat any sweets all week cause today i was planning to pig out i was dieting all week and now i m not hungry,0
Bull. Your plan was to go floating off to IKEA with me without a care in the world. So i have to live with your mess another day.,bull your plan was to go floating off to ikea with me without a care in the world so i have to live with your mess another day,0
Wanna get laid 2nite? Want real Dogging locations sent direct to ur mobile? Join the UK's largest Dogging Network. Txt PARK to 69696 now! Nyt. ec2a. 3lp £1.50/msg,wanna get laid [num] nite want real dogging locations sent direct to ur mobile join the uk s largest dogging network txt park to [num] now nyt ec [num] a [num] lp [num] [num] msg,1
From someone not to smoke when every time I've smoked in the last two weeks is because of you calling or texting me that you wanted to smoke,from someone not to smoke when every time i ve smoked in the last two weeks is because of you calling or texting me that you wanted to smoke,0
Dont hesitate. You know this is the second time she has had weakness like that. So keep i notebook of what she eat and did the day before or if anything changed the day before so that we can be sure its nothing,dont hesitate you know this is the second time she has had weakness like that so keep i notebook of what she eat and did the day before or if anything changed the day before so that we can be sure its nothing,0
I didnt get anything da,i didnt get anything da,0
"You have won ?1,000 cash or a ?2,000 prize! To claim, call09050000327",you have won [num] [num] cash or a [num] [num] prize to claim call [num],1
Don‘t give a flying monkeys wot they think and I certainly don‘t mind. Any friend of mine and all that!,don t give a flying monkeys wot they think and i certainly don t mind any friend of mine and all that,0
Dude just saw a parked car with its sunroof popped up. Sux,dude just saw a parked car with its sunroof popped up sux,0
"Like  &lt;#&gt; , same question",like lt gt same question,0
Mm you ask him to come its enough :-),mm you ask him to come its enough,0
DO NOT B LATE LOVE MUM,do not b late love mum,0
Hello hun how ru? Its here by the way. Im good. Been on 2 dates with that guy i met in walkabout so far. We have to meet up soon. Hows everyone else?,hello hun how ru its here by the way im good been on [num] dates with that guy i met in walkabout so far we have to meet up soon hows everyone else,0
Never try alone to take the weight of a tear that comes out of ur heart and falls through ur eyes... Always remember a STUPID FRIEND is here to share... BSLVYL,never try alone to take the weight of a tear that comes out of ur heart and falls through ur eyes always remember a stupid friend is here to share bslvyl,0
ARR birthday today:) i wish him to get more oscar.,arr birthday today i wish him to get more oscar,0
"Christmas is An occasion that is Celebrated as a Reflection of UR... Values..., Desires..., Affections...&amp; Traditions.... Have an ideal Christmas...",christmas is an occasion that is celebrated as a reflection of ur values desires affections amp traditions have an ideal christmas,0
And also I've sorta blown him off a couple times recently so id rather not text him out of the blue looking for weed,and also i ve sorta blown him off a couple times recently so id rather not text him out of the blue looking for weed,0
Ok i'm coming home now.,ok i m coming home now,0
Anything lor if they all go then i go lor...,anything lor if they all go then i go lor,0
In da car park ,in da car park,0
U should make a fb list,u should make a fb list,0
Not course. Only maths one day one chapter with in one month we can finish.,not course only maths one day one chapter with in one month we can finish,0
Finally the match heading towards draw as your prediction.,finally the match heading towards draw as your prediction,0
"Love isn't a decision, it's a feeling. If we could decide who to love, then, life would be much simpler, but then less magical",love isn t a decision it s a feeling if we could decide who to love then life would be much simpler but then less magical,0
So are you guys asking that i get that slippers again or its gone with last year,so are you guys asking that i get that slippers again or its gone with last year,0
K:)k:)good:)study well.,k k good study well,0
Well there's not a lot of things happening in Lindsay on New years *sighs* Some bars in Ptbo and the blue heron has something going,well there s not a lot of things happening in lindsay on new years sighs some bars in ptbo and the blue heron has something going,0
Thanks for picking up the trash.,thanks for picking up the trash,0
Hi da:)how is the todays class?,hi da how is the todays class,0
"Especially since i talk about boston all up in my personal statement, lol! I woulda changed that if i had realized it said nyc! It says boston now.",especially since i talk about boston all up in my personal statement lol i woulda changed that if i had realized it said nyc it says boston now,0
You got job in wipro:)you will get every thing in life in 2 or 3 years.,you got job in wipro you will get every thing in life in [num] or [num] years,0
"Thanks for your ringtone order, reference number X49.Your mobile will be charged 4.50. Should your tone not arrive please call customer services 09065989182",thanks for your ringtone order reference number x [num] your mobile will be charged [num] [num] should your tone not arrive please call customer services [num],1
"Get 3 Lions England tone, reply lionm 4 mono or lionp 4 poly. 4 more go 2 www.ringtones.co.uk, the original n best. Tones 3GBP network operator rates apply.",get [num] lions england tone reply lionm [num] mono or lionp [num] poly [num] more go [num] [url] the original n best tones [num] gbp network operator rates apply,1
Should I tell my friend not to come round til like  &lt;#&gt; ish?,should i tell my friend not to come round til like lt gt ish,0
"Hi the way I was with u 2day, is the normal way&this is the real me. UR unique&I hope I know u 4 the rest of mylife. Hope u find wot was lost.",hi the way i was with u [num] day is the normal way this is the real me ur unique i hope i know u [num] the rest of mylife hope u find wot was lost,0
I think its far more than that but find out. Check google maps for a place from your dorm.,i think its far more than that but find out check google maps for a place from your dorm,0
Hey i'm bored... So i'm thinking of u... So wat r u doing?,hey i m bored so i m thinking of u so wat r u doing,0
Shhhhh nobody is supposed to know!,shhhhh nobody is supposed to know,0
When i have stuff to sell i.ll tell you,when i have stuff to sell i ll tell you,0
Tell my  bad character which u Dnt lik in me. I'll try to change in  &lt;#&gt; . I ll add tat 2 my new year resolution. Waiting for ur reply.Be frank...good morning.,tell my bad character which u dnt lik in me i ll try to change in lt gt i ll add tat [num] my new year resolution waiting for ur reply be frank good morning,0
Good Morning my Dear........... Have a great &amp; successful day.,good morning my dear have a great amp successful day,0
GENT! We are trying to contact you. Last weekends draw shows that you won a £1000 prize GUARANTEED. Call 09064012160. Claim Code K52. Valid 12hrs only. 150ppm,gent we are trying to contact you last weekends draw shows that you won a [num] prize guaranteed call [num] claim code k [num] valid [num] hrs only [num] ppm,1
From here after The performance award is calculated every two month.not for current one month period..,from here after the performance award is calculated every two month not for current one month period,0
when you and derek done with class?,when you and derek done with class,0
u r a winner U ave been specially selected 2 receive £1000 cash or a 4* holiday (flights inc) speak to a live operator 2 claim 0871277810710p/min (18 ),u r a winner u ave been specially selected [num] receive [num] cash or a [num] holiday flights inc speak to a live operator [num] claim [num] p min [num],1
Sary just need Tim in the bollox &it hurt him a lot so he tol me!,sary just need tim in the bollox it hurt him a lot so he tol me,0
Why don't you go tell your friend you're not sure you want to live with him because he smokes too much then spend hours begging him to come smoke,why don t you go tell your friend you re not sure you want to live with him because he smokes too much then spend hours begging him to come smoke,0
Yup... From what i remb... I think should be can book... ,yup from what i remb i think should be can book,0
Let there be snow. Let there be snow. This kind of weather brings ppl together so friendships can grow.,let there be snow let there be snow this kind of weather brings ppl together so friendships can grow,0
"Well am officially in a philosophical hole, so if u wanna call am at home ready to be saved!",well am officially in a philosophical hole so if u wanna call am at home ready to be saved,0
Am okay. Will soon be over. All the best,am okay will soon be over all the best,0
No..few hours before.went to hair cut .,no few hours before went to hair cut,0
Oops. 4 got that bit.,oops [num] got that bit,0
I can do that! I want to please you both inside and outside the bedroom...,i can do that i want to please you both inside and outside the bedroom,0
Want the latest Video handset? 750 anytime any network mins? Half price line rental? Reply or call 08000930705 for delivery tomorrow,want the latest video handset [num] anytime any network mins half price line rental reply or call [num] for delivery tomorrow,1
"For ur chance to win a £250 cash every wk TXT: ACTION to 80608. T's&C's www.movietrivia.tv custcare 08712405022, 1x150p/wk.",for ur chance to win a [num] cash every wk txt action to [num] t s c s [url] custcare [num] [num] x [num] p wk,1
"If you want to mapquest it or something look up ""usf dogwood drive"", that's the tiny street where the parking lot is",if you want to mapquest it or something look up usf dogwood drive that s the tiny street where the parking lot is,0
And you! Will expect you whenever you text! Hope all goes well tomo ,and you will expect you whenever you text hope all goes well tomo,0
ALRITE SAM ITS NIC JUST CHECKIN THAT THIS IS UR NUMBER-SO IS IT?T.B*,alrite sam its nic just checkin that this is ur number so is it t b,0
IM REALY SOZ IMAT MY MUMS 2NITE WHAT ABOUT 2MORO ,im realy soz imat my mums [num] nite what about [num] moro,0
"Babe! How goes that day ? What are you up to ? I miss you already, my Love ... * loving kiss* ... I hope everything goes well.",babe how goes that day what are you up to i miss you already my love loving kiss i hope everything goes well,0
Can ü call me at 10:10 to make sure dat i've woken up...,can call me at [num] [num] to make sure dat i ve woken up,0
I'm going for bath will msg you next  &lt;#&gt;  min..,i m going for bath will msg you next lt gt min,0
Ok im not sure what time i finish tomorrow but i wanna spend the evening with you cos that would be vewy vewy lubly! Love me xxx,ok im not sure what time i finish tomorrow but i wanna spend the evening with you cos that would be vewy vewy lubly love me xxx,0
Yup. Izzit still raining heavily cos i'm in e mrt i can't c outside.,yup izzit still raining heavily cos i m in e mrt i can t c outside,0
"Dont worry, 1 day very big lambu ji vl come..til then enjoy batchlor party:-)",dont worry [num] day very big lambu ji vl come til then enjoy batchlor party,0
"Hm good morning, headache anyone? :-)",hm good morning headache anyone,0
No. To be nosy I guess. Idk am I over reacting if I'm freaked?,no to be nosy i guess idk am i over reacting if i m freaked,0
Buy one egg for me da..please:),buy one egg for me da please,0
"Thanks da thangam, i feel very very happy dear. I also miss you da.",thanks da thangam i feel very very happy dear i also miss you da,0
URGENT We are trying to contact you Last weekends draw shows u have won a £1000 prize GUARANTEED Call 09064017295 Claim code K52 Valid 12hrs 150p pm,urgent we are trying to contact you last weekends draw shows u have won a [num] prize guaranteed call [num] claim code k [num] valid [num] hrs [num] p pm,1
But i juz remembered i gotta bathe my dog today..,but i juz remembered i gotta bathe my dog today,0
Oh unintentionally not bad timing. Great. Fingers  the trains play along! Will give fifteen min warning.,oh unintentionally not bad timing great fingers the trains play along will give fifteen min warning,0
"Dear Sir,Salam Alaikkum.Pride and Pleasure meeting you today at the Tea Shop.We are pleased to send you our contact number at Qatar.Rakhesh an Indian.Pls save our Number.Respectful Regards.",dear sir salam alaikkum pride and pleasure meeting you today at the tea shop we are pleased to send you our contact number at qatar rakhesh an indian pls save our number respectful regards,0
Yes we were outside for like 2 hours. And I called my whole family to wake them up cause it started at 1 am,yes we were outside for like [num] hours and i called my whole family to wake them up cause it started at [num] am,0
Did he just say somebody is named tampa,did he just say somebody is named tampa,0
"Thanks for your ringtone order, reference number X49. Your mobile will be charged 4.50. Should your tone not arrive please call customer services 09065989182. From: [colour=red]text[/colour]TXTstar",thanks for your ringtone order reference number x [num] your mobile will be charged [num] [num] should your tone not arrive please call customer services [num] from [colour red]text[ colour]txtstar,1
 &lt;#&gt;  in mca. But not conform.,lt gt in mca but not conform,0
Yes! How is a pretty lady like you single?,yes how is a pretty lady like you single,0
"Not yet chikku..k, then wat abt tht guy did he stopped irritating or msging to u..",not yet chikku k then wat abt tht guy did he stopped irritating or msging to u,0
Lol that's different. I don't go trying to find every real life photo you ever took.,lol that s different i don t go trying to find every real life photo you ever took,0
"Fair enough, anything going on?",fair enough anything going on,0
Now am free call me pa.,now am free call me pa,0
"Aight, I'll text you when I'm back",aight i ll text you when i m back,0
"Sounds gd... Haha... Can... Wah, u yan jiu so fast liao...",sounds gd haha can wah u yan jiu so fast liao,0
I have to take exam with in march 3,i have to take exam with in march [num],0
I've got it down to a tea. not sure which flavour,i ve got it down to a tea not sure which flavour,0
Huh? 6 also cannot? Then only how many mistakes?,huh [num] also cannot then only how many mistakes,0
"Well the weather in cali's great. But its complexities are great. You need a car to move freely, its taxes are outrageous. But all in all its a great place. The sad part is i missing home.",well the weather in cali s great but its complexities are great you need a car to move freely its taxes are outrageous but all in all its a great place the sad part is i missing home,0
"Pete,is this your phone still? Its Jenny from college and Leanne.what are you up to now?:)",pete is this your phone still its jenny from college and leanne what are you up to now,0
Did you show him and wot did he say or could u not c him 4 dust?,did you show him and wot did he say or could u not c him [num] dust,0
"Watching cartoon, listening music &amp; at eve had to go temple &amp; church.. What about u?",watching cartoon listening music amp at eve had to go temple amp church what about u,0
Nt yet chikku..simple habba..hw abt u?,nt yet chikku simple habba hw abt u,0
Even u dont get in trouble while convincing..just tel him once or twice and just tel neglect his msgs dont c and read it..just dont reply,even u dont get in trouble while convincing just tel him once or twice and just tel neglect his msgs dont c and read it just dont reply,0
Except theres a chick with huge boobs.,except theres a chick with huge boobs,0
Cos darren say ü considering mah so i ask ü...,cos darren say considering mah so i ask,0
SMS SERVICES For your inclusive text credits pls gotto www.comuk.net login 3qxj9 unsubscribe with STOP no extra charge help 08702840625 comuk.220cm2 9AE,sms services for your inclusive text credits pls gotto [url] login [num] qxj [num] unsubscribe with stop no extra charge help [num] comuk [num] cm [num] [num] ae,1
E admin building there? I might b slightly earlier... I'll call u when i'm reaching...,e admin building there i might b slightly earlier i ll call u when i m reaching,0
Ok i also wan 2 watch e 9 pm show...,ok i also wan [num] watch e [num] pm show,0
Pass dis to all ur contacts n see wat u get! Red;i'm in luv wid u. Blue;u put a smile on my face. Purple;u r realy hot. Pink;u r so swt. Orange;i thnk i lyk u. Green;i realy wana go out wid u. Yelow;i wnt u bck. Black;i'm jealous of u. Brown;i miss you Nw plz giv me one color,pass dis to all ur contacts n see wat u get red i m in luv wid u blue u put a smile on my face purple u r realy hot pink u r so swt orange i thnk i lyk u green i realy wana go out wid u yelow i wnt u bck black i m jealous of u brown i miss you nw plz giv me one color,0
Please dont say like that. Hi hi hi,please dont say like that hi hi hi,0
I love ya too but try and budget your money better babe. Gary would freak on me if he knew,i love ya too but try and budget your money better babe gary would freak on me if he knew,0
Will do. Have a good day,will do have a good day,0
Pick you up bout 7.30ish? What time are  and that going?,pick you up bout [num] [num] ish what time are and that going,0
Not directly behind... Abt 4 rows behind ü...,not directly behind abt [num] rows behind,0
Better. Made up for Friday and stuffed myself like a pig yesterday. Now I feel bleh. But at least its not writhing pain kind of bleh.,better made up for friday and stuffed myself like a pig yesterday now i feel bleh but at least its not writhing pain kind of bleh,0
"Yep, at derek's house now, see you Sunday &lt;3",yep at derek s house now see you sunday lt [num],0
"You are guaranteed the latest Nokia Phone, a 40GB iPod MP3 player or a £500 prize! Txt word: COLLECT to No: 83355! IBHltd LdnW15H 150p/Mtmsgrcvd18+",you are guaranteed the latest nokia phone a [num] gb ipod mp [num] player or a [num] prize txt word collect to no [num] ibhltd ldnw [num] h [num] p mtmsgrcvd [num],1
"Aight, call me once you're close",aight call me once you re close,0
Its posible dnt live in  &lt;#&gt; century cm frwd n thnk different,its posible dnt live in lt gt century cm frwd n thnk different,0
You are a great role model. You are giving so much and i really wish each day for a miracle but God as a reason for everything and i must say i wish i knew why but i dont. I've looked up to you since i was young and i still do. Have a great day.,you are a great role model you are giving so much and i really wish each day for a miracle but god as a reason for everything and i must say i wish i knew why but i dont i ve looked up to you since i was young and i still do have a great day,0
Yes but I don't care cause I know its there!,yes but i don t care cause i know its there,0
How much are we getting?,how much are we getting,0
Its a big difference.  &lt;#&gt;  versus  &lt;#&gt;  every  &lt;#&gt; hrs,its a big difference lt gt versus lt gt every lt gt hrs,0
Eh u send wrongly lar...,eh u send wrongly lar,0
"Xmas & New Years Eve tickets are now on sale from the club, during the day from 10am till 8pm, and on Thurs, Fri & Sat night this week. They're selling fast!",xmas new years eve tickets are now on sale from the club during the day from [num] am till [num] pm and on thurs fri sat night this week they re selling fast,1
I got it before the new year cos yetunde said she wanted to surprise you with it but when i didnt see money i returned it mid january before the  &lt;#&gt; day return period ended.,i got it before the new year cos yetunde said she wanted to surprise you with it but when i didnt see money i returned it mid january before the lt gt day return period ended,0
"Haha awesome, I've been to 4u a couple times. Who all's coming?",haha awesome i ve been to [num] u a couple times who all s coming,0
"Goodmorning, Today i am late for  &lt;#&gt; min.",goodmorning today i am late for lt gt min,0
U attend ur driving lesson how many times a wk n which day?,u attend ur driving lesson how many times a wk n which day,0
"Goodmorning, today i am late for 1hr.",goodmorning today i am late for [num] hr,0
I wont get concentration dear you know you are my mind and everything :-),i wont get concentration dear you know you are my mind and everything,0
Is it ok if I stay the night here? Xavier has a sleeping bag and I'm getting tired,is it ok if i stay the night here xavier has a sleeping bag and i m getting tired,0
Once free call me sir. I am waiting for you.,once free call me sir i am waiting for you,0
K:)k:)what are detail you want to transfer?acc no enough?,k k what are detail you want to transfer acc no enough,0
I attended but nothing is there.,i attended but nothing is there,0
"Text me when you get off, don't call, my phones having problems",text me when you get off don t call my phones having problems,0
Just come home. I don't want u to be miserable,just come home i don t want u to be miserable,0
Oops i thk i dun haf enuff... I go check then tell ü..,oops i thk i dun haf enuff i go check then tell,0
Do you always celebrate NY's with your family ?,do you always celebrate ny s with your family,0
"Good FRIENDS CaRE for each Other.. CLoSE Friends UNDERSTaND each Other... and TRUE Friends STaY forever beyond words, beyond time. Gud ni8",good friends care for each other close friends understand each other and true friends stay forever beyond words beyond time gud ni [num],0
No just send to you. Bec you in temple na.,no just send to you bec you in temple na,0
Hi i won't b ard 4 christmas. But do enjoy n merry x'mas.,hi i won t b ard [num] christmas but do enjoy n merry x mas,0
Dai  &lt;#&gt;  naal eruku.,dai lt gt naal eruku,0
Our ride equally uneventful - not too many of those pesky cyclists around at that time of night ;).,our ride equally uneventful not too many of those pesky cyclists around at that time of night,0
"Yeah I should be able to, I'll text you when I'm ready to meet up",yeah i should be able to i ll text you when i m ready to meet up,0
This girl does not stay in bed. This girl doesn't need recovery time. Id rather pass out while having fun then be cooped up in bed,this girl does not stay in bed this girl doesn t need recovery time id rather pass out while having fun then be cooped up in bed,0
Cheers for the message Zogtorius. Ive been staring at my phone for an age deciding whether to text or not.,cheers for the message zogtorius i ve been staring at my phone for an age deciding whether to text or not,0
His frens go then he in lor. Not alone wif my mum n sis lor.,his frens go then he in lor not alone wif my mum n sis lor,0
Ok i thk i got it. Then u wan me 2 come now or wat?,ok i thk i got it then u wan me [num] come now or wat,0
Kinda. First one gets in at twelve! Aah. Speak tomo,kinda first one gets in at twelve aah speak tomo,0
Not yet chikku..wat abt u?,not yet chikku wat abt u,0
And whenever you and i see we can still hook up too.,and whenever you and i see we can still hook up too,0
"Hi there, 2nights ur lucky night! Uve been invited 2 XCHAT, the Uks wildest chat! Txt CHAT to 86688 now! 150p/MsgrcvdHG/Suite342/2Lands/Row/W1J6HL LDN 18yrs",hi there [num] nights ur lucky night uve been invited [num] xchat the uks wildest chat txt chat to [num] now [num] p msgrcvdhg suite [num] [num] lands row w [num] j [num] hl ldn [num] yrs,1
Dad says hurry the hell up,dad says hurry the hell up,0
Mum ask ü to buy food home...,mum ask to buy food home,0
I will treasure every moment we spend together...,i will treasure every moment we spend together,0
Whos this am in class:-),whos this am in class,0
oh ya... Got hip hop open. Haha i was thinking can go for jazz then zoom to cine... Actually tonight i'm free leh... And there's a kb lesson tonight,oh ya got hip hop open haha i was thinking can go for jazz then zoom to cine actually tonight i m free leh and there s a kb lesson tonight,0
"Storming msg: Wen u lift d phne, u say ""HELLO"" Do u knw wt is d real meaning of HELLO?? . . . It's d name of a girl..! . . . Yes.. And u knw who is dat girl?? ""Margaret Hello"" She is d girlfrnd f Grahmbell who invnted telphone... . . . . Moral:One can 4get d name of a person, bt not his girlfrnd... G o o d n i g h t . . .@",storming msg wen u lift d phne u say hello do u knw wt is d real meaning of hello it s d name of a girl yes and u knw who is dat girl margaret hello she is d girlfrnd f grahmbell who invnted telphone moral one can [num] get d name of a person bt not his girlfrnd g o o d n i g h t,0
Hey sathya till now we dint meet not even a single time then how can i saw the situation sathya.,hey sathya till now we dint meet not even a single time then how can i saw the situation sathya,0
Ok... Then r we meeting later?,ok then r we meeting later,0
sports fans - get the latest sports news str* 2 ur mobile 1 wk FREE PLUS a FREE TONE Txt SPORT ON to 8007 www.getzed.co.uk 0870141701216+ norm 4txt/120p ,sports fans get the latest sports news str [num] ur mobile [num] wk free plus a free tone txt sport on to [num] [url] [num] norm [num] txt [num] p,1
Wanna have a laugh? Try CHIT-CHAT on your mobile now! Logon by txting the word: CHAT and send it to No: 8883 CM PO Box 4217 London W1A 6ZF 16+ 118p/msg rcvd,wanna have a laugh try chit chat on your mobile now logon by txting the word chat and send it to no [num] cm po box [num] london w [num] a [num] zf [num] [num] p msg rcvd,1
Yar else i'll thk of all sorts of funny things.,yar else i ll thk of all sorts of funny things,0
Yar lor... Keep raining non stop... Or u wan 2 go elsewhere?,yar lor keep raining non stop or u wan [num] go elsewhere,0
I love working from home :),i love working from home,0
Draw va?i dont think so:),draw va i dont think so,0
HCL chennai requires FRESHERS for voice process.Excellent english needed.Salary upto  &lt;#&gt; .Call Ms.Suman  &lt;#&gt;  for Telephonic interview -via Indyarocks.com,hcl chennai requires freshers for voice process excellent english needed salary upto lt gt call ms suman lt gt for telephonic interview via indyarocks com,0
"Oh ! A half hour is much longer in Syria than Canada, eh ? Wow you must get SO much more work done in a day than us with all that extra time ! *grins*",oh a half hour is much longer in syria than canada eh wow you must get so much more work done in a day than us with all that extra time grins,0
Ok. I asked for money how far,ok i asked for money how far,0
Is xy going 4 e lunch?,is xy going [num] e lunch,0
"Ya they are well and fine., BBD(pooja) full pimples..even she become quite black..and ur rite here its too cold, wearing sweatter..",ya they are well and fine bbd pooja full pimples even she become quite black and ur rite here its too cold wearing sweatter,0
Later i guess. I needa do mcat study too.,later i guess i needa do mcat study too,0
You want to go? ,you want to go,0
Are you going to write ccna exam this week??,are you going to write ccna exam this week,0
Lmao but its so fun...,lmao but its so fun,0
Lol no ouch but wish i'd stayed out a bit longer,lol no ouch but wish i d stayed out a bit longer,0
Sex up ur mobile with a FREE sexy pic of Jordan! Just text BABE to 88600. Then every wk get a sexy celeb! PocketBabe.co.uk 4 more pics. 16 £3/wk 087016248,sex up ur mobile with a free sexy pic of jordan just text babe to [num] then every wk get a sexy celeb pocketbabe co uk [num] more pics [num] [num] wk [num],1
Ok i've sent u da latest version of da project.,ok i ve sent u da latest version of da project,0
Going thru a very different feeling.wavering decisions and coping up with the same is the same individual.time will heal everything i believe.,going thru a very different feeling wavering decisions and coping up with the same is the same individual time will heal everything i believe,0
Headin towards busetop,headin towards busetop,0
In which place do you want da.,in which place do you want da,0
No way I'm going back there!,no way i m going back there,0
Sorry i now then c ur msg... Yar lor so poor thing... But only 4 one night... Tmr u'll have a brand new room 2 sleep in...,sorry i now then c ur msg yar lor so poor thing but only [num] one night tmr u ll have a brand new room [num] sleep in,0
"That's good, because I need drugs",that s good because i need drugs,0
Are you staying in town ?,are you staying in town,0
"Hey there! Glad u r better now. I hear u treated urself to a digi cam, is it good? We r off at 9pm. Have a fab new year, c u in coupla wks!",hey there glad u r better now i hear u treated urself to a digi cam is it good we r off at [num] pm have a fab new year c u in coupla wks,0
"FREE RINGTONE text FIRST to 87131 for a poly or text GET to 87131 for a true tone! Help? 0845 2814032 16 after 1st free, tones are 3x£150pw to e£nd txt stop",free ringtone text first to [num] for a poly or text get to [num] for a true tone help [num] [num] [num] after [num] st free tones are [num] x [num] pw to e nd txt stop,1
And he's apparently bffs with carly quick now,and he s apparently bffs with carly quick now,0
How long does applebees fucking take,how long does applebees fucking take,0
Dunno y u ask me.,dunno y u ask me,0
"Uh, heads up we don't have THAT much left",uh heads up we don t have that much left,0
"I just got home babe, are you still awake ?",i just got home babe are you still awake,0
I take it we didn't have the phone callon Friday. Can we assume we won't have it this year now?,i take it we didn t have the phone callon friday can we assume we won t have it this year now,0
"complimentary 4 STAR Ibiza Holiday or £10,000 cash needs your URGENT collection. 09066364349 NOW from Landline not to lose out! Box434SK38WP150PPM18+",complimentary [num] star ibiza holiday or [num] [num] cash needs your urgent collection [num] now from landline not to lose out box [num] sk [num] wp [num] ppm [num],1
Get ur 1st RINGTONE FREE NOW! Reply to this msg with TONE. Gr8 TOP 20 tones to your phone every week just £1.50 per wk 2 opt out send STOP 08452810071 16,get ur [num] st ringtone free now reply to this msg with tone gr [num] top [num] tones to your phone every week just [num] [num] per wk [num] opt out send stop [num] [num],1
"Someone U know has asked our dating service 2 contact you! Cant Guess who? CALL 09058097189 NOW all will be revealed. POBox 6, LS15HB 150p ",someone u know has asked our dating service [num] contact you cant guess who call [num] now all will be revealed pobox [num] ls [num] hb [num] p,1
Cramps stopped. Going back to sleep,cramps stopped going back to sleep,0
And pls pls drink plenty plenty water,and pls pls drink plenty plenty water,0
"I'll get there at 3, unless you guys want me to come some time sooner",i ll get there at [num] unless you guys want me to come some time sooner,0
Don know..he is watching film in computer..,don know he is watching film in computer,0
Well keep in mind I've only got enough gas for one more round trip barring a sudden influx of cash,well keep in mind i ve only got enough gas for one more round trip barring a sudden influx of cash,0
Well boy am I glad G wasted all night at applebees for nothing,well boy am i glad g wasted all night at applebees for nothing,0
dating:i have had two of these. Only started after i sent a text to talk sport radio last week. Any connection do you think or coincidence?,dating i have had two of these only started after i sent a text to talk sport radio last week any connection do you think or coincidence,1
Ugh just got outta class,ugh just got outta class,0
Nope... Think i will go for it on monday... Sorry i replied so late,nope think i will go for it on monday sorry i replied so late,0
No I don't have cancer. Moms making a big deal out of a regular checkup aka pap smear,no i don t have cancer moms making a big deal out of a regular checkup aka pap smear,0
"Also sir, i sent you an email about how to log into the usc payment portal. I.ll send you another message that should explain how things are back home. Have a great weekend.",also sir i sent you an email about how to log into the usc payment portal i ll send you another message that should explain how things are back home have a great weekend,0
Well done ENGLAND! Get the official poly ringtone or colour flag on yer mobile! text TONE or FLAG to 84199 NOW! Opt-out txt ENG STOP. Box39822 W111WX £1.50,well done england get the official poly ringtone or colour flag on yer mobile text tone or flag to [num] now opt out txt eng stop box [num] w [num] wx [num] [num],1
You lifted my hopes with the offer of money. I am in need. Especially when the end of the month approaches and it hurts my studying. Anyways have a gr8 weekend,you lifted my hopes with the offer of money i am in need especially when the end of the month approaches and it hurts my studying anyways have a gr [num] weekend,0
You'd like that wouldn't you? Jerk!,you d like that wouldn t you jerk,0
Que pases un buen tiempo or something like that,que pases un buen tiempo or something like that,0
"Hi, wlcome back, did wonder if you got eaten by a lion or something, nothing much",hi wlcome back did wonder if you got eaten by a lion or something nothing much,0
Yup no more already... Thanx 4 printing n handing it up.,yup no more already thanx [num] printing n handing it up,0
Yes princess! I want to please you every night. Your wish is my command...,yes princess i want to please you every night your wish is my command,0
There the size of elephant tablets & u shove um up ur ass!!,there the size of elephant tablets u shove um up ur ass,0
When are you guys leaving?,when are you guys leaving,0
Aaooooright are you at work?,aaooooright are you at work,0
meet you in corporation st outside gap … you can see how my mind is working!,meet you in corporation st outside gap you can see how my mind is working,0
"She said,'' do u mind if I go into the bedroom for a minute ? '' ''OK'', I sed in a sexy mood. She came out 5 minuts latr wid a cake...n My Wife,",she said do u mind if i go into the bedroom for a minute ok i sed in a sexy mood she came out [num] minuts latr wid a cake n my wife,0
"I haven't forgotten you, i might have a couple bucks to send you tomorrow, k? I love ya too",i haven t forgotten you i might have a couple bucks to send you tomorrow k i love ya too,0
I've been trying to reach him without success,i ve been trying to reach him without success,0
LIFE has never been this much fun and great until you came in. You made it truly special for me. I won't forget you! enjoy @ one gbp/sms,life has never been this much fun and great until you came in you made it truly special for me i won t forget you enjoy one gbp sms,1
I dont know exactly could you ask chechi.,i dont know exactly could you ask chechi,0
Please call our customer service representative on 0800 169 6031 between 10am-9pm as you have WON a guaranteed £1000 cash or £5000 prize!,please call our customer service representative on [num] [num] [num] between [num] am [num] pm as you have won a guaranteed [num] cash or [num] prize,1
Kallis is ready for bat in 2nd innings,kallis is ready for bat in [num] nd innings,0
"accordingly. I repeat, just text the word ok on your mobile phone and send",accordingly i repeat just text the word ok on your mobile phone and send,1
Ya i knw u vl giv..its ok thanks kano..anyway enjoy wit ur family wit 1st salary..:-);-),ya i knw u vl giv its ok thanks kano anyway enjoy wit ur family wit [num] st salary,0
K...k...yesterday i was in cbe .,k k yesterday i was in cbe,0
get ready to moan and scream :),get ready to moan and scream,0
Sorry * was at the grocers.,sorry was at the grocers,0
Can do lor...,can do lor,0
Dare i ask... Any luck with sorting out the car?,dare i ask any luck with sorting out the car,0
"For you information, IKEA is spelled with all caps. That is not yelling. when you thought i had left you, you were sitting on the bed among the mess when i came in. i said we were going after you got home from class. please don't try and bullshit me. It makes me want to listen to you less.",for you information ikea is spelled with all caps that is not yelling when you thought i had left you you were sitting on the bed among the mess when i came in i said we were going after you got home from class please don t try and bullshit me it makes me want to listen to you less,0
* Will be september by then!,will be september by then,0
Maybe you should find something else to do instead???,maybe you should find something else to do instead,0
I'm okay. Chasing the dream. What's good. What are you doing next.,i m okay chasing the dream what s good what are you doing next,0
On the way to office da..,on the way to office da,0
Yup... I havent been there before... You want to go for the yoga? I can call up to book ,yup i havent been there before you want to go for the yoga i can call up to book,0
Hmmm.still we dont have opener?,hmmm still we dont have opener,0
Ok k..sry i knw 2 siva..tats y i askd..,ok k sry i knw [num] siva tats y i askd,0
"Xmas Offer! Latest Motorola, SonyEricsson & Nokia & FREE Bluetooth or DVD! Double Mins & 1000 Txt on Orange. Call MobileUpd8 on 08000839402 or call2optout/4QF2",xmas offer latest motorola sonyericsson nokia free bluetooth or dvd double mins [num] txt on orange call mobileupd [num] on [num] or call [num] optout [num] qf [num],1
Yes fine ,yes fine,0
Oh k k:)but he is not a big hitter.anyway good,oh k k but he is not a big hitter anyway good,0
1. Tension face 2. Smiling face 3. Waste face 4. Innocent face 5.Terror face 6.Cruel face 7.Romantic face 8.Lovable face 9.decent face  &lt;#&gt; .joker face.,[num] tension face [num] smiling face [num] waste face [num] innocent face [num] terror face [num] cruel face [num] romantic face [num] lovable face [num] decent face lt gt joker face,0
"Yar lor he wan 2 go c horse racing today mah, so eat earlier lor. I ate chicken rice. U?",yar lor he wan [num] go c horse racing today mah so eat earlier lor i ate chicken rice u,0
"Oh, then your phone phoned me but it disconnected",oh then your phone phoned me but it disconnected,0
Hi here. have birth at on the  to  at 8lb 7oz. Mother and baby doing brilliantly.,hi here have birth at on the to at [num] lb [num] oz mother and baby doing brilliantly,0
How abt making some of the pics bigger?,how abt making some of the pics bigger,0
"Congrats! 2 mobile 3G Videophones R yours. call 09063458130 now! videochat wid your mates, play java games, Dload polyPH music, noline rentl.",congrats [num] mobile [num] g videophones r yours call [num] now videochat wid your mates play java games dload polyph music noline rentl,1
Hi darlin did youPhone me? Im atHome if youwanna chat.,hi darlin did youphone me im athome if youwanna chat,0
"Tyler (getting an 8th) has to leave not long after 9, can you get here in like an hour?",tyler getting an [num] th has to leave not long after [num] can you get here in like an hour,0
Oh k. . I will come tomorrow,oh k i will come tomorrow,0
Let's pool our money together and buy a bunch of lotto tickets. If we win I get &lt;#&gt; % u get &lt;#&gt; %. Deal?,let s pool our money together and buy a bunch of lotto tickets if we win i get lt gt u get lt gt deal,0
Will it help if we propose going back again tomorrow,will it help if we propose going back again tomorrow,0
"Wishing you and your family Merry ""X"" mas and HAPPY NEW Year in advance..",wishing you and your family merry x mas and happy new year in advance,0
"I'll see, but prolly yeah",i ll see but prolly yeah,0
WHO ARE YOU SEEING?,who are you seeing,0
Keep yourself safe for me because I need you and I miss you already and I envy everyone that see's you in real life,keep yourself safe for me because i need you and i miss you already and i envy everyone that see s you in real life,0
Well i will watch shrek in 3D!!B),well i will watch shrek in [num] d b,0
Good morning princess! How are you?,good morning princess how are you,0
O. Well uv causes mutations. Sunscreen is like essential thesedays,o well uv causes mutations sunscreen is like essential thesedays,0
Still in customer place,still in customer place,0
Ok pa. Nothing problem:-),ok pa nothing problem,0
I want to be there so i can kiss you and feel you next to me,i want to be there so i can kiss you and feel you next to me,0
Hello which the site to download songs its urgent pls,hello which the site to download songs its urgent pls,0
"Last Chance! Claim ur £150 worth of discount vouchers today! Text SHOP to 85023 now! SavaMob, offers mobile! T Cs SavaMob POBOX84, M263UZ. £3.00 Sub. 16",last chance claim ur [num] worth of discount vouchers today text shop to [num] now savamob offers mobile t cs savamob pobox [num] m [num] uz [num] [num] sub [num],1
Sos! Any amount i can get pls.,sos any amount i can get pls,0
K..k...from tomorrow onwards started ah?,k k from tomorrow onwards started ah,0
Omg if its not one thing its another. My cat has worms :/ when does this bad day end?,omg if its not one thing its another my cat has worms when does this bad day end,0
Thank you. I like you as well...,thank you i like you as well,0
"Honey, can you pls find out how much they sell Predicte in Nigeria. And how many times can it be used. Its very important to have a reply before monday",honey can you pls find out how much they sell predicte in nigeria and how many times can it be used its very important to have a reply before monday,0
Nice talking to you! please dont forget my pix :) i want to see all of you...,nice talking to you please dont forget my pix i want to see all of you,0
When you are big..| God will bring success.,when you are big god will bring success,0
what are your new years plans?,what are your new years plans,0
"I just lov this line: ""Hurt me with the truth, I don't mind,i wil tolerat.bcs ur my someone..... But, Never comfort me with a lie"" gud ni8 and sweet dreams",i just lov this line hurt me with the truth i don t mind i wil tolerat bcs ur my someone but never comfort me with a lie gud ni [num] and sweet dreams,0
You do got a shitload of diamonds though,you do got a shitload of diamonds though,0
One day a crab was running on the sea shore..The waves came n cleared the footprints of the crab.. Crab asked: being my frnd y r u clearing my beautiful footprints? Waves replied: A fox was following ur footprints to catch you! thats y i cleared it off:) frndsship never lets u dwn :-) GUD nyt..,one day a crab was running on the sea shore the waves came n cleared the footprints of the crab crab asked being my frnd y r u clearing my beautiful footprints waves replied a fox was following ur footprints to catch you thats y i cleared it off frndsship never lets u dwn gud nyt,0
You all ready for * big day tomorrow?,you all ready for big day tomorrow,0
Sorry that was my uncle. I.ll keep in touch,sorry that was my uncle i ll keep in touch,0
"that would be good … I'll phone you tomo lunchtime, shall I, to organise something?",that would be good i ll phone you tomo lunchtime shall i to organise something,0
Free Top ringtone -sub to weekly ringtone-get 1st week free-send SUBPOLY to 81618-?3 per week-stop sms-08718727870,free top ringtone sub to weekly ringtone get [num] st week free send subpoly to [num] [num] per week stop sms [num],1
Yeah it's jus rite...,yeah it s jus rite,0
FREE for 1st week! No1 Nokia tone 4 ur mobile every week just txt NOKIA to 8077 Get txting and tell ur mates. www.getzed.co.uk POBox 36504 W45WQ 16+ norm150p/tone,free for [num] st week no [num] nokia tone [num] ur mobile every week just txt nokia to [num] get txting and tell ur mates [url] pobox [num] w [num] wq [num] norm [num] p tone,1
"Good afternoon, my love! How goes that day ? I hope maybe you got some leads on a job. I think of you, boytoy and send you a passionate kiss from across the sea",good afternoon my love how goes that day i hope maybe you got some leads on a job i think of you boytoy and send you a passionate kiss from across the sea,0
"Hiya , have u been paying money into my account? If so, thanks. Got a pleasant surprise when i checked my balance -u c, i don't get statements 4 that acc",hiya have u been paying money into my account if so thanks got a pleasant surprise when i checked my balance u c i don t get statements [num] that acc,0
it to 80488. Your 500 free text messages are valid until 31 December 2005.,it to [num] your [num] free text messages are valid until [num] december [num],1
Ok lor. Msg me b4 u call.,ok lor msg me b [num] u call,0
Huh so early.. Then ü having dinner outside izzit?,huh so early then having dinner outside izzit,0
Can you please send me my aunty's number,can you please send me my aunty s number,0
Then just eat a shit and wait for ur monkey face bitch.......... U asshole..................,then just eat a shit and wait for ur monkey face bitch u asshole,0
Send me your id and password,send me your id and password,0
What pa tell me.. I went to bath:-),what pa tell me i went to bath,0
Then we wait 4 u lor... No need 2 feel bad lar...,then we wait [num] u lor no need [num] feel bad lar,0
Cheers for the card ... Is it that time of year already?,cheers for the card is it that time of year already,0
HI DARLIN I HOPE YOU HAD A NICE NIGHT I WISH I HAD COME CANT WAIT TO SEE YOU LOVE FRAN PS I WANT DIRTY ANAL SEX AND I WANT A 10 MAN GANG BANG,hi darlin i hope you had a nice night i wish i had come cant wait to see you love fran ps i want dirty anal sex and i want a [num] man gang bang,0
Good afternoon starshine! How's my boytoy? Does he crave me yet? Ache to fuck me ? *sips cappuccino* I miss you babe *teasing kiss*,good afternoon starshine how s my boytoy does he crave me yet ache to fuck me sips cappuccino i miss you babe teasing kiss,0
Hai dear friends... This is my new &amp; present number..:) By Rajitha Raj (Ranju),hai dear friends this is my new amp present number by rajitha raj ranju,0
"Once a fishrman woke early in d mrng. It was very dark. He waited a while &amp; found a sack ful of stones. He strtd throwin thm in2 d sea 2 pass time. Atlast he had jus 1stone, sun rose up &amp; he found out tht those r nt stones, those were diamonds. Moral:""Dont wake up early in d mrng'' GOOD night",once a fishrman woke early in d mrng it was very dark he waited a while amp found a sack ful of stones he strtd throwin thm in [num] d sea [num] pass time atlast he had jus [num] stone sun rose up amp he found out tht those r nt stones those were diamonds moral dont wake up early in d mrng good night,0
What time is ur flight tmr?,what time is ur flight tmr,0
Hi ....My engagement has been fixd on  &lt;#&gt; th of next month. I know its really shocking bt....hmm njan vilikkam....t ws al of a sudn;-(.,hi my engagement has been fixd on lt gt th of next month i know its really shocking bt hmm njan vilikkam t ws al of a sudn,0
Crazy ar he's married. Ü like gd looking guys not me. My frens like say he's korean leona's fave but i dun thk he is. Aft some thinking mayb most prob i'll go.,crazy ar he s married like gd looking guys not me my frens like say he s korean leona s fave but i dun thk he is aft some thinking mayb most prob i ll go,0
"Congrats! 1 year special cinema pass for 2 is yours. call 09061209465 now! C Suprman V, Matrix3, StarWars3, etc all 4 FREE! bx420-ip4-5we. 150pm. Dont miss out! ",congrats [num] year special cinema pass for [num] is yours call [num] now c suprman v matrix [num] starwars [num] etc all [num] free bx [num] ip [num] [num] we [num] pm dont miss out,1
"hey, looks like I was wrong and one of the kappa guys numbers is still on my phone, if you want I can text him and see if he's around",hey looks like i was wrong and one of the kappa guys numbers is still on my phone if you want i can text him and see if he s around,0
"Er, hello, things didn‘t quite go to plan – is limping slowly home followed by aa and with exhaust hanging off",er hello things didn t quite go to plan is limping slowly home followed by aa and with exhaust hanging off,0
Well. Im computerless. Time to make some oreo truffles,well im computerless time to make some oreo truffles,0
If we win its really no 1 side for long time.,if we win its really no [num] side for long time,0
You do what all you like,you do what all you like,0
You unbelievable faglord,you unbelievable faglord,0
In that case I guess I'll see you at campus lodge,in that case i guess i ll see you at campus lodge,0
Then u drive lor.,then u drive lor,0
"Alright, see you in a bit",alright see you in a bit,0
"K will do, addie &amp; I are doing some art so I'll be here when you get home",k will do addie amp i are doing some art so i ll be here when you get home,0
Tell me they're female :V how're you throwing in? We're deciding what all to get now,tell me they re female v how re you throwing in we re deciding what all to get now,0
Ball is moving a lot.will spin in last :)so very difficult to bat:),ball is moving a lot will spin in last so very difficult to bat,0
FreeMsg: Txt: CALL to No: 86888 & claim your reward of 3 hours talk time to use from your phone now! Subscribe6GBP/mnth inc 3hrs 16 stop?txtStop,freemsg txt call to no [num] claim your reward of [num] hours talk time to use from your phone now subscribe [num] gbp mnth inc [num] hrs [num] stop txtstop,1
"OH MR SHEFFIELD! You wanna play THAT game, okay. You're the boss and I'm the nanny. You give me a raise and I'll give YOU one!!",oh mr sheffield you wanna play that game okay you re the boss and i m the nanny you give me a raise and i ll give you one,0
"Yep, the great loxahatchee xmas tree burning of  &lt;#&gt;  starts in an hour",yep the great loxahatchee xmas tree burning of lt gt starts in an hour,0
What are youdoing later? Sar xxx,what are youdoing later sar xxx,0
URGENT! This is the 2nd attempt to contact U!U have WON £1000CALL 09071512432 b4 300603t&csBCM4235WC1N3XX.callcost150ppmmobilesvary. max£7. 50,urgent this is the [num] nd attempt to contact u u have won [num] call [num] b [num] [num] t csbcm [num] wc [num] n [num] xx callcost [num] ppmmobilesvary max [num] [num],1
Yo do you know anyone  &lt;#&gt;  or otherwise able to buy liquor? Our guy flaked and right now if we don't get a hold of somebody its just 4 loko all night,yo do you know anyone lt gt or otherwise able to buy liquor our guy flaked and right now if we don t get a hold of somebody its just [num] loko all night,0
"No I'm good for the movie, is it ok if I leave in an hourish?",no i m good for the movie is it ok if i leave in an hourish,0
"Good afternoon loverboy ! How goes you day ? Any luck come your way? I think of you, sweetie and send my love across the sea to make you smile and happy",good afternoon loverboy how goes you day any luck come your way i think of you sweetie and send my love across the sea to make you smile and happy,0
:( but your not here....,but your not here,0
Am also doing in cbe only. But have to pay.,am also doing in cbe only but have to pay,0
Mobile Club: Choose any of the top quality items for your mobile. 7cfca1a,mobile club choose any of the top quality items for your mobile [num] cfca [num] a,1
Welp apparently he retired,welp apparently he retired,0
How come i din c ü... Yup i cut my hair...,how come i din c yup i cut my hair,0
Umma my life and vava umma love you lot dear,umma my life and vava umma love you lot dear,0
She's good. How are you. Where r u working now,she s good how are you where r u working now,0
You have an important customer service announcement from PREMIER.,you have an important customer service announcement from premier,1
"When you get free, call me",when you get free call me,0
"Usf I guess, might as well take 1 car",usf i guess might as well take [num] car,0
Ok. But i finish at 6.,ok but i finish at [num],0
Just taste fish curry :-P,just taste fish curry p,0
Wat's da model num of ur phone?,wat s da model num of ur phone,0
Well thats nice. Too bad i cant eat it,well thats nice too bad i cant eat it,0
Need a coffee run tomo?Can't believe it's that time of week already,need a coffee run tomo can t believe it s that time of week already,0
And popping &lt;#&gt; ibuprofens was no help.,and popping lt gt ibuprofens was no help,0
Anyway i'm going shopping on my own now. Cos my sis not done yet. Dun disturb u liao.,anyway i m going shopping on my own now cos my sis not done yet dun disturb u liao,0
"Sir Goodmorning, Once free call me.",sir goodmorning once free call me,0
What is the plural of the noun research?,what is the plural of the noun research,0
Ü no home work to do meh... ,no home work to do meh,0
Well I'm going to be an aunty!,well i m going to be an aunty,0
Is there a reason we've not spoken this year? Anyways have a great week and all the best in your exam,is there a reason we ve not spoken this year anyways have a great week and all the best in your exam,0
"It's ok, at least armand's still around",it s ok at least armand s still around,0
"Sorry, was in the bathroom, sup",sorry was in the bathroom sup,0
I anything lor...,i anything lor,0
Was actually sleeping and still might when u call back. So a text is gr8. You rock sis. Will send u a text wen i wake.,was actually sleeping and still might when u call back so a text is gr [num] you rock sis will send u a text wen i wake,0
It is only yesterday true true.,it is only yesterday true true,0
Spending new years with my brother and his family. Lets plan to meet next week. Are you ready to be spoiled? :),spending new years with my brother and his family lets plan to meet next week are you ready to be spoiled,0
Omg how did u know what I ate?,omg how did u know what i ate,0
ok. I am a gentleman and will treat you with dignity and respect.,ok i am a gentleman and will treat you with dignity and respect,0
Me fine..absolutly fine,me fine absolutly fine,0
She's fine. Good to hear from you. How are you my dear? Happy new year oh.,she s fine good to hear from you how are you my dear happy new year oh,0
Do you want 750 anytime any network mins 150 text and a NEW video phone for only five pounds per week call 08000776320 now or reply for delivery Tomorrow,do you want [num] anytime any network mins [num] text and a new video phone for only five pounds per week call [num] now or reply for delivery tomorrow,1
K:)all the best:)congrats...,k all the best congrats,0
They just talking thats it de. They wont any other.,they just talking thats it de they wont any other,0
Fuck babe ... What happened to you ? How come you never came back?,fuck babe what happened to you how come you never came back,0
Alex knows a guy who sells mids but he's down in south tampa and I don't think I could set it up before like 8,alex knows a guy who sells mids but he s down in south tampa and i don t think i could set it up before like [num],0
"Ditto. And you won't have to worry about me saying ANYTHING to you anymore. Like i said last night, you do whatever you want and i'll do the same. Peace.",ditto and you won t have to worry about me saying anything to you anymore like i said last night you do whatever you want and i ll do the same peace,0
They don't put that stuff on the roads to keep it from getting slippery over there?,they don t put that stuff on the roads to keep it from getting slippery over there,0
Lol I know! They're so dramatic. Schools already closed for tomorrow. Apparently we can't drive in the inch of snow were supposed to get.,lol i know they re so dramatic schools already closed for tomorrow apparently we can t drive in the inch of snow were supposed to get,0
Where you. What happen,where you what happen,0
Really... I tot ur paper ended long ago... But wat u copied jus now got use? U happy lar... I still haf 2 study :-(,really i tot ur paper ended long ago but wat u copied jus now got use u happy lar i still haf [num] study,0
Oh for fuck's sake she's in like tallahassee,oh for fuck s sake she s in like tallahassee,0
Hey they r not watching movie tonight so i'll prob b home early...,hey they r not watching movie tonight so i ll prob b home early,0
"Plz note: if anyone calling from a mobile Co. &amp; asks u to type # &lt;#&gt;  or # &lt;#&gt; . Do not do so. Disconnect the call,coz it iz an attempt of 'terrorist' to make use of the sim card no. Itz confirmd by nokia n motorola n has been verified by CNN IBN.",plz note if anyone calling from a mobile co amp asks u to type lt gt or lt gt do not do so disconnect the call coz it iz an attempt of terrorist to make use of the sim card no itz confirmd by nokia n motorola n has been verified by cnn ibn,0
"Its ok., i just askd did u knw tht no?",its ok i just askd did u knw tht no,0
Hey loverboy! I love you !! I had to tell ... I look at your picture and ache to feel you between my legs ... Fuck I want you ... I need you ... I crave you .,hey loverboy i love you i had to tell i look at your picture and ache to feel you between my legs fuck i want you i need you i crave you,0
"Do 1 thing! Change that sentence into: ""Because i want 2 concentrate in my educational career im leaving here..""",do [num] thing change that sentence into because i want [num] concentrate in my educational career im leaving here,0
Bbq this sat at mine from 6ish. Ur welcome 2 come,bbq this sat at mine from [num] ish ur welcome [num] come,0
In the end she might still vomit but its okay. Not everything will come out.,in the end she might still vomit but its okay not everything will come out,0
"Dear,regret i cudnt pick call.drove down frm ctla now at cochin home.left mobile in car..ente style ishtamayoo?happy bakrid!",dear regret i cudnt pick call drove down frm ctla now at cochin home left mobile in car ente style ishtamayoo happy bakrid,0
"Me not waking up until 4 in the afternoon, sup",me not waking up until [num] in the afternoon sup,0
Takin a shower now but yeah I'll leave when I'm done,takin a shower now but yeah i ll leave when i m done,0
Honey boo I'm missing u.,honey boo i m missing u,0
"Hack Chat. Get backdoor entry into 121 chat rooms at a fraction of the cost. Reply NEO69 or call 09050280520, to subscribe 25p pm. DPS, Bcm box 8027 Ldn, wc1n3xx",hack chat get backdoor entry into [num] chat rooms at a fraction of the cost reply neo [num] or call [num] to subscribe [num] p pm dps bcm box [num] ldn wc [num] n [num] xx,1
"Sir, I am waiting for your mail.",sir i am waiting for your mail,0
Oooh I got plenty of those!,oooh i got plenty of those,0
"Thanks, I'll keep that in mind",thanks i ll keep that in mind,0
Wat happened to the cruise thing,wat happened to the cruise thing,0
They said ü dun haf passport or smth like dat.. Or ü juz send to my email account..  ,they said dun haf passport or smth like dat or juz send to my email account,0
Pls speak to that customer machan.,pls speak to that customer machan,0
Kallis wont bat in 2nd innings.,kallis wont bat in [num] nd innings,0
"Yes, my reg is  Ciao!",yes my reg is ciao,0
Watching ajith film ah?,watching ajith film ah,0
How's it feel? Mr. Your not my real Valentine just my yo Valentine even tho u hardly play!!,how s it feel mr your not my real valentine just my yo valentine even tho u hardly play,0
K:)eng rocking in ashes:),k eng rocking in ashes,0
I know complain num only..bettr directly go to bsnl offc nd apply for it..,i know complain num only bettr directly go to bsnl offc nd apply for it,0
Hi mate its RV did u hav a nice hol just a message 3 say hello coz havent sent u 1 in ages started driving so stay off roads!RVx,hi mate its rv did u hav a nice hol just a message [num] say hello coz haven t sent u [num] in ages started driving so stay off roads rvx,0
We don call like  &lt;#&gt;  times oh. No give us hypertension oh.,we don call like lt gt times oh no give us hypertension oh,0
I cant keep talking to people if am not sure i can pay them if they agree to price. So pls tell me what you want to really buy and how much you are willing to pay,i cant keep talking to people if am not sure i can pay them if they agree to price so pls tell me what you want to really buy and how much you are willing to pay,0
Sun ah... Thk mayb can if dun have anythin on... Thk have to book e lesson... E pilates is at orchard mrt u noe hor...  ,sun ah thk mayb can if dun have anythin on thk have to book e lesson e pilates is at orchard mrt u noe hor,0
"True. It is passable. And if you get a high score and apply for phd, you get 5years of salary. So it makes life easier.",true it is passable and if you get a high score and apply for phd you get [num] years of salary so it makes life easier,0
Thats cool. Where should i cum? On you or in you? :),thats cool where should i cum on you or in you,0
Don't necessarily expect it to be done before you get back though because I'm just now headin out,don t necessarily expect it to be done before you get back though because i m just now headin out,0
Ok. I only ask abt e movie. U wan ktv oso?,ok i only ask abt e movie u wan ktv oso,0
Tell where you reached,tell where you reached,0
U GOIN OUT 2NITE?,u goin out [num] nite,0
Sounds great! Im going to sleep now. Have a good night!,sounds great im going to sleep now have a good night,0
You do your studies alone without anyones help. If you cant no need to study.,you do your studies alone without anyones help if you cant no need to study,0
"Just making dinner, you ?",just making dinner you,0
Did you stitch his trouser,did you stitch his trouser,0
Panasonic & BluetoothHdset FREE. Nokia FREE. Motorola FREE & DoubleMins & DoubleTxt on Orange contract. Call MobileUpd8 on 08000839402 or call 2optout,panasonic bluetoothhdset free nokia free motorola free doublemins doubletxt on orange contract call mobileupd [num] on [num] or call [num] optout,1
Yes! I am a one woman man! Please tell me your likes and dislikes in bed...,yes i am a one woman man please tell me your likes and dislikes in bed,0
Ur cash-balance is currently 500 pounds - to maximize ur cash-in now send GO to 86688 only 150p/msg. CC: 08718720201 PO BOX 114/14 TCR/W1,ur cash balance is currently [num] pounds to maximize ur cash in now send go to [num] only [num] p msg cc [num] po box [num] [num] tcr w [num],1
Wat time ü finish?,wat time finish,0
Lol its ok I didn't remember til last nite,lol its ok i didn t remember til last nite,0
Honestly i've just made a lovely cup of tea and promptly dropped my keys in it and then burnt my fingers getting them out!,honestly i ve just made a lovely cup of tea and promptly dropped my keys in it and then burnt my fingers getting them out,0
Boooo you always work. Just quit.,boooo you always work just quit,0
Someone has conacted our dating service and entered your phone because they fancy you!To find out who it is call from landline 09111030116. PoBox12n146tf15,someone has conacted our dating service and entered your phone because they fancy you to find out who it is call from landline [num] pobox [num] n [num] tf [num],1
"We made it! Eta at taunton is 12:30 as planned, hope that‘s still okday?! Good to see you! :-xx",we made it eta at taunton is [num] [num] as planned hope that s still okday good to see you xx,0
wamma get laid?want real doggin locations sent direct to your mobile? join the UKs largest dogging network. txt dogs to 69696 now!nyt. ec2a. 3lp £1.50/msg.,wamma get laid want real doggin locations sent direct to your mobile join the uks largest dogging network txt dogs to [num] now nyt ec [num] a [num] lp [num] [num] msg,1
Reckon need to be in town by eightish to walk from * carpark.,reckon need to be in town by eightish to walk from carpark,0
"Yeah, where's your class at?",yeah where s your class at,0
Just forced myself to eat a slice. I'm really not hungry tho. This sucks. Mark is getting worried. He knows I'm sick when I turn down pizza. Lol,just forced myself to eat a slice i m really not hungry tho this sucks mark is getting worried he knows i m sick when i turn down pizza lol,0
Just nw i came to hme da..,just nw i came to hme da,0
You were supposed to wake ME up &gt;:(,you were supposed to wake me up gt,0
"Hey , is * rite u put »10 evey mnth is that all?",hey is rite u put [num] evey mnth is that all,0
How will I creep on you now? ;_;,how will i creep on you now,0
Can you call me plz. Your number shows out of coveragd area. I have urgnt call in vasai &amp; have to reach before 4'o clock so call me plz,can you call me plz your number shows out of coveragd area i have urgnt call in vasai amp have to reach before [num] o clock so call me plz,0
"Rose for red,red for blood,blood for heart,heart for u. But u for me.... Send tis to all ur friends.. Including me.. If u like me.. If u get back, 1-u r poor in relation! 2-u need some 1 to support 3-u r frnd 2 many 4-some1 luvs u 5+- some1 is praying god to marry u.:-) try it....",rose for red red for blood blood for heart heart for u but u for me send tis to all ur friends including me if u like me if u get back [num] u r poor in relation [num] u need some [num] to support [num] u r frnd [num] many [num] some [num] luvs u [num] some [num] is praying god to marry u try it,0
Thanks for your subscription to Ringtone UK your mobile will be charged £5/month Please confirm by replying YES or NO. If you reply NO you will not be charged,thanks for your subscription to ringtone uk your mobile will be charged [num] month please confirm by replying yes or no if you reply no you will not be charged,1
Please da call me any mistake from my side sorry da. Pls da goto doctor.,please da call me any mistake from my side sorry da pls da goto doctor,0
Have you had a good day? Mine was really busy are you up to much tomorrow night?,have you had a good day mine was really busy are you up to much tomorrow night,0
I dont thnk its a wrong calling between us,i dont thnk its a wrong calling between us,0
Hey darlin.. i can pick u up at college if u tell me wen & where 2 mt.. love Pete xx,hey darlin i can pick u up at college if u tell me wen where [num] mt love pete xx,0
"Erm … ill pick you up at about 6.45pm. That'll give enough time to get there, park and that.",erm ill pick you up at about [num] [num] pm that ll give enough time to get there park and that,0
"Customer service announcement. We recently tried to make a delivery to you but were unable to do so, please call 07090298926 to re-schedule. Ref:9307622",customer service announcement we recently tried to make a delivery to you but were unable to do so please call [num] to re schedule ref [num],1
Dun b sad.. It's over.. Dun thk abt it already. Concentrate on ur other papers k.,dun b sad it s over dun thk abt it already concentrate on ur other papers k,0
Thought we could go out for dinner. I'll treat you! Seem ok?,thought we could go out for dinner i ll treat you seem ok,0
Now only i reached home. . . I am very tired now. . I will come tomorro,now only i reached home i am very tired now i will come tomorro,0
"Jolly good! By the way,  will give u tickets for sat eve 7.30. Speak before then x",jolly good by the way will give u tickets for sat eve [num] [num] speak before then x,0
Well done and ! luv ya all ,well done and luv ya all,0
Yeah he got in at 2 and was v apologetic. n had fallen out and she was actin like spoilt child and he got caught up in that. Till 2! But we won't go there! Not doing too badly cheers. You? ,yeah he got in at [num] and was v apologetic n had fallen out and she was actin like spoilt child and he got caught up in that till [num] but we won t go there not doing too badly cheers you,0
How much she payed. Suganya.,how much she payed suganya,0
"That's very rude, you on campus?",that s very rude you on campus,0
So how's the weather over there?,so how s the weather over there,0
Id onluy matters when getting on from offcampus,id onluy matters when getting on from offcampus,0
Please ask mummy to call father,please ask mummy to call father,0
There's no point hangin on to mr not right if he's not makin u happy,there s no point hangin on to mr not right if he s not makin u happy,0
Hey ! Don't forget ... You are MINE ... For ME ... My possession ... MY property ... MMM ... *childish smile* ...,hey don t forget you are mine for me my possession my property mmm childish smile,0
Guess what! Somebody you know secretly fancies you! Wanna find out who it is? Give us a call on 09065394514 From Landline DATEBox1282EssexCM61XN 150p/min 18,guess what somebody you know secretly fancies you wanna find out who it is give us a call on [num] from landline datebox [num] essexcm [num] xn [num] p min [num],1
"Sir, I have been late in paying rent for the past few months and had to pay a $ &lt;#&gt;  charge. I felt it would be inconsiderate of me to nag about something you give at great cost to yourself and that's why i didnt speak up. I however am in a recession and wont be able to pay the charge this month hence my askin well ahead of month's end. Can you please help. Thanks",sir i have been late in paying rent for the past few months and had to pay a lt gt charge i felt it would be inconsiderate of me to nag about something you give at great cost to yourself and that s why i didnt speak up i however am in a recession and wont be able to pay the charge this month hence my askin well ahead of month s end can you please help thanks,0
Yes. They replied my mail. I'm going to the management office later. Plus will in to bank later also.or on wednesday.,yes they replied my mail i m going to the management office later plus will in to bank later also or on wednesday,0
Hey mr  and I are going to the sea view and having a couple of gays I mean games! Give me a bell when ya finish ,hey mr and i are going to the sea view and having a couple of gays i mean games give me a bell when ya finish,0
"Sun cant come to earth but send luv as rays. cloud cant come to river but send luv as rain. I cant come to meet U, but can send my care as msg to U. Gud evng",sun cant come to earth but send luv as rays cloud cant come to river but send luv as rain i cant come to meet u but can send my care as msg to u gud evng,0
Are you driving or training?,are you driving or training,0
"Mmmmm ... It was sooooo good to wake to your words this morning, my Love!! Mmmm fuck ... I love you too, my Lion ... *devouring kiss from across the sea*",mmmmm it was sooooo good to wake to your words this morning my love mmmm fuck i love you too my lion devouring kiss from across the sea,0
"Happy new year to u and ur family...may this new year bring happiness , stability and tranquility to ur vibrant colourful life:):)",happy new year to u and ur family may this new year bring happiness stability and tranquility to ur vibrant colourful life,0
Ok I'm gonna head up to usf in like fifteen minutes,ok i m gonna head up to usf in like fifteen minutes,0
Forgot to tell ü smth.. Can ü like number the sections so that it's clearer..,forgot to tell smth can like number the sections so that it s clearer,0
Sac needs to carry on:),sac needs to carry on,0
Talk With Yourself Atleast Once In A Day...!!! Otherwise You Will Miss Your Best FRIEND In This WORLD...!!! -Shakespeare- SHESIL  &lt;#&gt;,talk with yourself atleast once in a day otherwise you will miss your best friend in this world shakespeare shesil lt gt,0
"Yeah, probably but not sure. Ilol let u know, but personally I wuldnt bother, then again if ur goin to then I mite as well!!",yeah probably but not sure ilol let u know but personally i wuldnt bother then again if ur goin to then i mite as well,0
"Response is one of d powerful weapon 2 occupy a place in others 'HEART'... So, always give response 2 who cares 4 U""... Gud night..swt dreams..take care",response is one of d powerful weapon [num] occupy a place in others heart so always give response [num] who cares [num] u gud night swt dreams take care,0
"If i let you do this, i want you in the house by 8am.",if i let you do this i want you in the house by [num] am,0
K do I need a login or anything,k do i need a login or anything,0
Are you willing to go for apps class.,are you willing to go for apps class,0
Hi where you. You in home or calicut?,hi where you you in home or calicut,0
"This weeks SavaMob member offers are now accessible. Just call 08709501522 for details! SavaMob, POBOX 139, LA3 2WU. Only £1.50/week. SavaMob - offers mobile!",this weeks savamob member offers are now accessible just call [num] for details savamob pobox [num] la [num] [num] wu only [num] [num] week savamob offers mobile,1
Did u see what I posted on your Facebook?,did u see what i posted on your facebook,0
It is a good thing I'm now getting the connection to bw,it is a good thing i m now getting the connection to bw,0
"Jay told me already, will do",jay told me already will do,0
PLEASSSSSSSEEEEEE TEL ME V AVENT DONE SPORTSx,pleassssssseeeeee tel me v avent done sportsx,0
SMS. ac Sptv: The New Jersey Devils and the Detroit Red Wings play Ice Hockey. Correct or Incorrect? End? Reply END SPTV,sms ac sptv the new jersey devils and the detroit red wings play ice hockey correct or incorrect end reply end sptv,1
Also that chat was awesome but don't make it regular unless you can see her in person,also that chat was awesome but don t make it regular unless you can see her in person,0
"LookAtMe!: Thanks for your purchase of a video clip from LookAtMe!, you've been charged 35p. Think you can do better? Why not send a video in a MMSto 32323.",lookatme thanks for your purchase of a video clip from lookatme you ve been charged [num] p think you can do better why not send a video in a mmsto [num],1
Oh ho. Is this the first time u use these type of words,oh ho is this the first time u use these type of words,0
"Sorry pa, i dont knw who ru pa?",sorry pa i dont knw who ru pa,0
Kit Strip - you have been billed 150p. Netcollex Ltd. PO Box 1013 IG11 OJA,kit strip you have been billed [num] p netcollex ltd po box [num] ig [num] oja,1
No current and food here. I am alone also,no current and food here i am alone also,0
Are you available for soiree on June 3rd?,are you available for soiree on june [num] rd,0
Ugh its been a long day. I'm exhausted. Just want to cuddle up and take a nap,ugh its been a long day i m exhausted just want to cuddle up and take a nap,0
What happened to our yo date?,what happened to our yo date,0
Yar lor... How u noe? U used dat route too?,yar lor how u noe u used dat route too,0
So the sun is anti sleep medicine.,so the sun is anti sleep medicine,0
I dont have any of your file in my bag..i was in work when you called me.i 'll tell you if i find anything in my room.,i dont have any of your file in my bag i was in work when you called me i ll tell you if i find anything in my room,0
Where r we meeting?,where r we meeting,0
Future is not what we planned for tomorrow.....! it is the result of what we do today...! Do the best in present... enjoy the future.,future is not what we planned for tomorrow it is the result of what we do today do the best in present enjoy the future,0
That's a shame! Maybe cld meet for few hrs tomo?,that s a shame maybe cld meet for few hrs tomo,0
You stayin out of trouble stranger!!saw Dave the other day hes sorted now!still with me bloke when u gona get a girl MR!ur mum still Thinks we will get 2GETHA! ,you stayin out of trouble stranger saw dave the other day he s sorted now still with me bloke when u gona get a girl mr ur mum still thinks we will get [num] getha,0
Are you ok. What happen to behave like this,are you ok what happen to behave like this,0
Boy; I love u Grl: Hogolo Boy: gold chain kodstini Grl: Agalla Boy: necklace madstini Grl: agalla Boy: Hogli 1 mutai eerulli kodthini! Grl: I love U kano;-),boy i love u grl hogolo boy gold chain kodstini grl agalla boy necklace madstini grl agalla boy hogli [num] mutai eerulli kodthini grl i love u kano,0
East coast,east coast,0
ILL B DOWN SOON,ill b down soon,0
U say leh... Of course nothing happen lar. Not say v romantic jus a bit only lor. I thk e nite scenery not so nice leh.,u say leh of course nothing happen lar not say v romantic jus a bit only lor i thk e nite scenery not so nice leh,0
I'm really not up to it still tonight babe,i m really not up to it still tonight babe,0
If he started searching he will get job in few days.he have great potential and talent.,if he started searching he will get job in few days he have great potential and talent,0
What i told before i tell. Stupid hear after i wont tell anything to you. You dad called to my brother and spoken. Not with me.,what i told before i tell stupid hear after i wont tell anything to you you dad called to my brother and spoken not with me,0
Yo you around? A friend of mine's lookin to pick up later tonight,yo you around a friend of mine s lookin to pick up later tonight,0
"I'm nt goin, got somethin on, unless they meetin 4 dinner lor... Haha, i wonder who will go tis time...",i m nt goin got somethin on unless they meetin [num] dinner lor haha i wonder who will go tis time,0
I'm really sorry I lit your hair on fire,i m really sorry i lit your hair on fire,0
"Orange brings you ringtones from all time Chart Heroes, with a free hit each week! Go to Ringtones & Pics on wap. To stop receiving these tips reply STOP.",orange brings you ringtones from all time chart heroes with a free hit each week go to ringtones pics on wap to stop receiving these tips reply stop,1
No b4 Thursday,no b [num] thursday,0
Also remember to get dobby's bowl from your car,also remember to get dobby s bowl from your car,0
CERI U REBEL! SWEET DREAMZ ME LITTLE BUDDY!! C YA 2MORO! WHO NEEDS BLOKES,ceri u rebel sweet dreamz me little buddy c ya [num] moro who needs blokes,0
"Thank you so much. When we skyped wit kz and sura, we didnt get the pleasure of your company. Hope you are good. We've given you ultimatum oh! We are countin down to aburo. Enjoy! This is the message i sent days ago",thank you so much when we skyped wit kz and sura we didnt get the pleasure of your company hope you are good we ve given you ultimatum oh we are countin down to aburo enjoy this is the message i sent days ago,0
Can come my room but cannot come my house cos my house still messy... Haha...,can come my room but cannot come my house cos my house still messy haha,0
"Ok. Can be later showing around 8-8:30 if you want + cld have drink before. Wld prefer not to spend money on nosh if you don't mind, as doing that nxt wk.",ok can be later showing around [num] [num] [num] if you want cld have drink before wld prefer not to spend money on nosh if you don t mind as doing that nxt wk,0
At home watching tv lor.,at home watching tv lor,0
Just seeing your missed call my dear brother. Do have a gr8 day.,just seeing your missed call my dear brother do have a gr [num] day,0
Have you emigrated or something? Ok maybe 5.30 was a bit hopeful...,have you emigrated or something ok maybe [num] [num] was a bit hopeful,0
Just checking in on you. Really do miss seeing Jeremiah. Do have a great month,just checking in on you really do miss seeing jeremiah do have a great month,0
Anyway holla at me whenever you're around because I need an excuse to go creep on people in sarasota,anyway holla at me whenever you re around because i need an excuse to go creep on people in sarasota,0
No. It's not pride. I'm almost  &lt;#&gt;  years old and shouldn't be takin money from my kid. You're not supposed to have to deal with this stuff. This is grownup stuff--why i don't tell you.,no it s not pride i m almost lt gt years old and shouldn t be takin money from my kid you re not supposed to have to deal with this stuff this is grownup stuff why i don t tell you,0
K:)i will give my kvb acc details:),k i will give my kvb acc details,0
-PLS STOP bootydelious (32/F) is inviting you to be her friend. Reply YES-434 or NO-434 See her: www.SMS.ac/u/bootydelious STOP? Send STOP FRND to 62468,pls stop bootydelious [num] f is inviting you to be her friend reply yes [num] or no [num] see her [url] stop send stop frnd to [num],1
Ok lor thanx... Ü in school?,ok lor thanx in school,0
Ha! I wouldn't say that I just didn't read anything into way u seemed. I don't like 2 be judgemental....i save that for fridays in the pub!,ha i wouldn t say that i just didn t read anything into way u seemed i don t like [num] be judgemental i save that for fridays in the pub,0
"LOL .. *grins* .. I'm not babe, but thanks for thinking of me!",lol grins i m not babe but thanks for thinking of me,0
Was doing my test earlier. I appreciate you. Will call you tomorrow.,was doing my test earlier i appreciate you will call you tomorrow,0
"Forgot it takes me 3 years to shower, sorry. Where you at/your phone dead yet?",forgot it takes me [num] years to shower sorry where you at your phone dead yet,0
No we sell it all so we'll have tons if coins. Then sell our coins to someone thru paypal. Voila! Money back in life pockets:),no we sell it all so we ll have tons if coins then sell our coins to someone thru paypal voila money back in life pockets,0
"Sir, I need AXIS BANK account no and bank address.",sir i need axis bank account no and bank address,0
"A famous quote : when you develop the ability to listen to 'anything' unconditionally without losing your temper or self confidence, it means you are ......... 'MARRIED'",a famous quote when you develop the ability to listen to anything unconditionally without losing your temper or self confidence it means you are married,0
Me hungry buy some food good lei... But mum n yun dun wan juz buy a little bit... ,me hungry buy some food good lei but mum n yun dun wan juz buy a little bit,0
RCT' THNQ Adrian for U text. Rgds Vatian,rct thnq adrian for u text rgds vatian,1
"4 tacos + 1 rajas burrito, right?",[num] tacos [num] rajas burrito right,0
"Sir, i am waiting for your call.",sir i am waiting for your call,0
U wan 2 haf lunch i'm in da canteen now.,u wan [num] haf lunch i m in da canteen now,0
"Urgent! Please call 09066612661 from your landline, your complimentary 4* Lux Costa Del Sol holiday or £1000 CASH await collection. ppm 150 SAE T&Cs James 28, EH74RR",urgent please call [num] from your landline your complimentary [num] lux costa del sol holiday or [num] cash await collection ppm [num] sae t cs james [num] eh [num] rr,1
Quite lor. But dun tell him wait he get complacent...,quite lor but dun tell him wait he get complacent,0
Jus finish watching tv... U?,jus finish watching tv u,0
Finish liao... U?,finish liao u,0
Studying. But i.ll be free next weekend.,studying but i ll be free next weekend,0
I'm fine. Hope you are good. Do take care.,i m fine hope you are good do take care,0
New car and house for my parents.:)i have only new job in hand:),new car and house for my parents i have only new job in hand,0
I am joining today formally.Pls keep praying.will talk later.,i am joining today formally pls keep praying will talk later,0
Gr8 new service - live sex video chat on your mob - see the sexiest dirtiest girls live on ur phone - 4 details text horny to 89070 to cancel send STOP to 89070,gr [num] new service live sex video chat on your mob see the sexiest dirtiest girls live on ur phone [num] details text horny to [num] to cancel send stop to [num],1
Anything lor... U decide...,anything lor u decide,0
Went fast asleep dear.take care.,went fast asleep dear take care,0
I.ll give her once i have it. Plus she said grinule greet you whenever we speak,i ll give her once i have it plus she said grinule greet you whenever we speak,0
"HELLOGORGEOUS, HOWS U? MY FONE WAS ON CHARGE LST NITW WEN U TEXD ME. HOPEU AD A NICE WKEND AS IM SURE U DID LOOKIN 4WARD 2 C-IN U 2MRW LUV JAZ",hellogorgeous hows u my fone was on charge lst nitw wen u texd me hopeu ad a nice wkend as im sure u did lookin [num] ward [num] c in u [num] mrw luv jaz,0
If u dun drive then how i go 2 sch.,if u dun drive then how i go [num] sch,0
Anything lar...,anything lar,0
Should i buy him a blackberry bold 2 or torch. Should i buy him new or used. Let me know. Plus are you saying i should buy the  &lt;#&gt; g wifi ipad. And what are you saying about the about the  &lt;#&gt; g?,should i buy him a blackberry bold [num] or torch should i buy him new or used let me know plus are you saying i should buy the lt gt g wifi ipad and what are you saying about the about the lt gt g,0
If you were/are free i can give. Otherwise nalla adi entey nattil kittum,if you were are free i can give otherwise nalla adi entey nattil kittum,0
Then wat r u doing now? Busy wif work?,then wat r u doing now busy wif work,0
Are you angry with me. What happen dear,are you angry with me what happen dear,0
says the  &lt;#&gt;  year old with a man and money. I'm down to my last  &lt;#&gt; . Still waiting for that check.,says the lt gt year old with a man and money i m down to my last lt gt still waiting for that check,0
You will go to walmart. I.ll stay.,you will go to walmart i ll stay,0
Tmrw. Im finishing 9 doors,tmrw im finishing [num] doors,0
"Aight, let me know when you're gonna be around usf",aight let me know when you re gonna be around usf,0
Pls speak with me. I wont ask anything other then you friendship.,pls speak with me i wont ask anything other then you friendship,0
alright tyler's got a minor crisis and has to be home sooner than he thought so be here asap,alright tyler s got a minor crisis and has to be home sooner than he thought so be here asap,0
Ya! when are ü taking ure practical lessons? I start in june..  ,ya when are taking ure practical lessons i start in june,0
How? Izzit still raining?,how izzit still raining,0
"Geeee ... I miss you already, you know ? Your all I can think about. Fuck, I can't wait till next year when we will be together ... *loving kiss*",geeee i miss you already you know your all i can think about fuck i can t wait till next year when we will be together loving kiss,0
Do you want a NEW video phone750 anytime any network mins 150 text for only five pounds per week call 08000776320 now or reply for delivery tomorrow,do you want a new video phone [num] anytime any network mins [num] text for only five pounds per week call [num] now or reply for delivery tomorrow,1
"That's the trouble with classes that go well - you're due a dodgey one … Expecting mine tomo! See you for recovery, same time, same place ",that s the trouble with classes that go well you re due a dodgey one expecting mine tomo see you for recovery same time same place,0
Ugh. Gotta drive back to sd from la. My butt is sore.,ugh gotta drive back to sd from la my butt is sore,0
Or i go home first lar ü wait 4 me lor.. I put down my stuff first..,or i go home first lar wait [num] me lor i put down my stuff first,0
"Awesome, text me when you're restocked",awesome text me when you re restocked,0
"Yeah work is fine, started last week, all the same stuff as before, dull but easy and guys are fun!",yeah work is fine started last week all the same stuff as before dull but easy and guys are fun,0
"Yo, I'm at my parents' gettin cash. Good news: we picked up a downstem",yo i m at my parents gettin cash good news we picked up a downstem,0
Wow v v impressed. Have funs shopping!,wow v v impressed have funs shopping,0
Shall i get my pouch?,shall i get my pouch,0
"Sorry, I'll call later in meeting.",sorry i ll call later in meeting,0
Boo. How's things? I'm back at home and a little bored already :-(,boo how s things i m back at home and a little bored already,0
Yes.he have good crickiting mind,yes he have good crickiting mind,0
"Arngd marriage is while u r walkin unfortuntly a snake bites u. bt love marriage is dancing in frnt of d snake &amp; sayin Bite me, bite me.",arngd marriage is while u r walkin unfortuntly a snake bites u bt love marriage is dancing in frnt of d snake amp sayin bite me bite me,0
Amazing : If you rearrange these letters it gives the same meaning... Dormitory = Dirty room Astronomer = Moon starer The eyes = They see Election results = Lies lets recount Mother-in-law = Woman Hitler Eleven plus two =Twelve plus one Its Amazing... !:-),amazing if you rearrange these letters it gives the same meaning dormitory dirty room astronomer moon starer the eyes they see election results lies lets recount mother in law woman hitler eleven plus two twelve plus one its amazing,0
I'm putting it on now. It should be ready for  &lt;TIME&gt; ,i m putting it on now it should be ready for lt time gt,0
Lol I would but despite these cramps I like being a girl.,lol i would but despite these cramps i like being a girl,0
I notice you like looking in the shit mirror youre turning into a right freak,i notice you like looking in the shit mirror youre turning into a right freak,0
No messages on her phone. I'm holding it now,no messages on her phone i m holding it now,0
She told to hr that he want posting in chennai:)because i'm working here:),she told to hr that he want posting in chennai because i m working here,0
All these nice new shirts and the only thing I can wear them to is nudist themed ;_; you in mu?,all these nice new shirts and the only thing i can wear them to is nudist themed you in mu,0
Me too. Mark is taking forever to pick up my prescription and the pain is coming back.,me too mark is taking forever to pick up my prescription and the pain is coming back,0
"She was supposed to be but couldn't make it, she's still in town though",she was supposed to be but couldn t make it she s still in town though,0
Are you going to wipro interview today?,are you going to wipro interview today,0
"Yeah, that's fine! It's £6 to get in, is that ok? ",yeah that s fine it s [num] to get in is that ok,0
So now my dad is gonna call after he gets out of work and ask all these crazy questions.,so now my dad is gonna call after he gets out of work and ask all these crazy questions,0
"Mum, hope you are having a great day. Hoping this text meets you well and full of life. Have a great day. Abiola",mum hope you are having a great day hoping this text meets you well and full of life have a great day abiola,0
No wonder... Cos i dun rem seeing a silver car... But i thk i saw a black one...,no wonder cos i dun rem seeing a silver car but i thk i saw a black one,0
Cause I'm not freaky lol,cause i m not freaky lol,0
Yes.i'm in office da:),yes i m in office da,0
Good. Good job. I like entrepreneurs,good good job i like entrepreneurs,0
Fine if thats the way u feel. Thats the way its gota b,fine if that s the way u feel that s the way its gota b,0
"Hi hope u r both ok, he said he would text and he hasn't, have u seen him, let me down gently please ",hi hope u r both ok he said he would text and he hasn t have u seen him let me down gently please,0
Babe ? I lost you ... Will you try rebooting ?,babe i lost you will you try rebooting,0
I ain't answerin no phone at what is actually a pretty reasonable hour but I'm sleepy,i ain t answerin no phone at what is actually a pretty reasonable hour but i m sleepy,0
I love your ass! Do you enjoy doggy style? :),i love your ass do you enjoy doggy style,0
We're finally ready fyi,we re finally ready fyi,0
Pls accept me for one day. Or am begging you change the number.,pls accept me for one day or am begging you change the number,0
You know what hook up means right?,you know what hook up means right,0
Please CALL 08712402902 immediately as there is an urgent message waiting for you.,please call [num] immediately as there is an urgent message waiting for you,1
LOL what happens in Vegas stays in vegas,lol what happens in vegas stays in vegas,0
As a Registered Subscriber yr draw 4 a £100 gift voucher will b entered on receipt of a correct ans. When are the next olympics. Txt ans to 80062,as a registered subscriber yr draw [num] a [num] gift voucher will b entered on receipt of a correct ans when are the next olympics txt ans to [num],1
"HOT LIVE FANTASIES call now 08707509020 Just 20p per min NTT Ltd, PO Box 1327 Croydon CR9 5WB 0870..k",hot live fantasies call now [num] just [num] p per min ntt ltd po box [num] croydon cr [num] [num] wb [num] k,1
Text & meet someone sexy today. U can find a date or even flirt its up to U. Join 4 just 10p. REPLY with NAME & AGE eg Sam 25. 18 -msg recd@thirtyeight pence,text meet someone sexy today u can find a date or even flirt its up to u join [num] just [num] p reply with name age eg sam [num] [num] msg recd thirtyeight pence,1
What is important is that you prevent dehydration by giving her enough fluids,what is important is that you prevent dehydration by giving her enough fluids,0
Squeeeeeze!! This is christmas hug.. If u lik my frndshp den hug me back.. If u get 3 u r cute:) 6 u r luvd:* 9 u r so lucky;) None? People hate u:,squeeeeeze this is christmas hug if u lik my frndshp den hug me back if u get [num] u r cute [num] u r luvd [num] u r so lucky none people hate u,0
"Just checked out, heading out to drop off my stuff now",just checked out heading out to drop off my stuff now,0
K... Must book a not huh? so going for yoga basic on sunday?,k must book a not huh so going for yoga basic on sunday,0
I've reached home n i bathe liao... U can call me now...,i ve reached home n i bathe liao u can call me now,0
I am taking you for italian food. How about a pretty dress with no panties? :),i am taking you for italian food how about a pretty dress with no panties,0
they released another Italian one today and it has a cosign option,they released another italian one today and it has a cosign option,0
He is a womdarfull actor,he is a womdarfull actor,0
+123 Congratulations - in this week's competition draw u have won the £1450 prize to claim just call 09050002311 b4280703. T&Cs/stop SMS 08718727868. Over 18 only 150ppm,[num] congratulations in this week s competition draw u have won the [num] prize to claim just call [num] b [num] t cs stop sms [num] over [num] only [num] ppm,1
Then why no one talking to me,then why no one talking to me,0
"Spook up your mob with a Halloween collection of a logo & pic message plus a free eerie tone, txt CARD SPOOK to 8007 zed 08701417012150p per logo/pic",spook up your mob with a halloween collection of a logo pic message plus a free eerie tone txt card spook to [num] zed [num] p per logo pic,1
Hi:)cts employee how are you?,hi cts employee how are you,0
"That's what I love to hear :V see you sundayish, then",that s what i love to hear v see you sundayish then,0
"I.ll always be there, even if its just in spirit. I.ll get a bb soon. Just trying to be sure i need it.",i ll always be there even if its just in spirit i ll get a bb soon just trying to be sure i need it,0
Really do hope the work doesnt get stressful. Have a gr8 day.,really do hope the work doesnt get stressful have a gr [num] day,0
S:-)if we have one good partnership going we will take lead:),s if we have one good partnership going we will take lead,0
If u sending her home first it's ok lor. I'm not ready yet.,if u sending her home first it s ok lor i m not ready yet,0
I think u have the wrong number.,i think u have the wrong number,0
<Forwarded from 21870000>Hi - this is your Mailbox Messaging SMS alert. You have 40 matches. Please call back on 09056242159 to retrieve your messages and matches cc100p/min,forwarded from [num] hi this is your mailbox messaging sms alert you have [num] matches please call back on [num] to retrieve your messages and matches cc [num] p min,1
Leave it de:-). Start Prepare for next:-)..,leave it de start prepare for next,0
When/where do I pick you up,when where do i pick you up,0
Yo we are watching a movie on netflix,yo we are watching a movie on netflix,0
Enjoy the jamster videosound gold club with your credits for 2 new videosounds+2 logos+musicnews! get more fun from jamster.co.uk! 16+only Help? call: 09701213186 ,enjoy the jamster videosound gold club with your credits for [num] new videosounds [num] logos musicnews get more fun from jamster co uk [num] only help call [num],1
Hope this text meets you smiling. If not then let this text give you a reason to smile. Have a beautiful day.,hope this text meets you smiling if not then let this text give you a reason to smile have a beautiful day,0
Hey... are you going to quit soon? Xuhui and i working till end of the month ,hey are you going to quit soon xuhui and i working till end of the month,0
What do u want when i come back?.a beautiful necklace as a token of my heart for you.thats what i will give but ONLY to MY WIFE OF MY LIKING.BE THAT AND SEE..NO ONE can give you that.dont call me.i will wait till i come.,what do u want when i come back a beautiful necklace as a token of my heart for you thats what i will give but only to my wife of my liking be that and see no one can give you that dont call me i will wait till i come,0
Dear good morning how you feeling dear,dear good morning how you feeling dear,0
Oh k.k..where did you take test?,oh k k where did you take test,0
S:)no competition for him.,s no competition for him,0
Take something for pain. If it moves however to any side in the next 6hrs see a doctor.,take something for pain if it moves however to any side in the next [num] hrs see a doctor,0
"Sir, hope your day is going smoothly. i really hoped i wont have to bother you about this. I have some bills that i can't settle this month. I am out of all extra cash. I know this is a challenging time for you also but i have to let you know.",sir hope your day is going smoothly i really hoped i wont have to bother you about this i have some bills that i can t settle this month i am out of all extra cash i know this is a challenging time for you also but i have to let you know,0
Nah dub but je still buff,nah dub but je still buff,0
Am only searching for good dual sim mobile pa.,am only searching for good dual sim mobile pa,0
Those ducking chinchillas,those ducking chinchillas,0
And of course you should make a stink!,and of course you should make a stink,0
That means from february to april i'll be getting a place to stay down there so i don't have to hustle back and forth during audition season as i have since my sister moved away from harlem.,that means from february to april i ll be getting a place to stay down there so i don t have to hustle back and forth during audition season as i have since my sister moved away from harlem,0
"* Was a nice day and, impressively, i was sensible, went home early and now feel fine. Or am i just boring?! When's yours, i can't remember.",was a nice day and impressively i was sensible went home early and now feel fine or am i just boring when s yours i can t remember,0
"Aight, tomorrow around  &lt;#&gt;  it is",aight tomorrow around lt gt it is,0
What you did in  leave.,what you did in leave,0
Yeah so basically any time next week you can get away from your mom &amp; get up before 3,yeah so basically any time next week you can get away from your mom amp get up before [num],0
Ü still got lessons?  Ü in sch?,still got lessons in sch,0
Also remember the beads don't come off. Ever.,also remember the beads don t come off ever,0
Ü called dad oredi...,called dad oredi,0
No it's waiting in e car dat's bored wat. Cos wait outside got nothing 2 do. At home can do my stuff or watch tv wat.,no it s waiting in e car dat s bored wat cos wait outside got nothing [num] do at home can do my stuff or watch tv wat,0
"HEY THERE BABE, HOW U DOIN? WOT U UP 2 2NITE LOVE ANNIE X.",hey there babe how u doin wot u up [num] [num] nite love annie x,0
"THATS ALRITE GIRL, U KNOW GAIL IS NEVA WRONG!!TAKE CARE SWEET AND DONT WORRY.C U L8TR HUN!LOVE Yaxxx",that s alrite girl u know gail is neva wrong take care sweet and don t worry c u l [num] tr hun love yaxxx,0
"Dear Voucher Holder, To claim this weeks offer, at you PC please go to http://www.e-tlp.co.uk/expressoffer Ts&Cs apply. To stop texts, txt STOP to 80062",dear voucher holder to claim this weeks offer at you pc please go to [url] ts cs apply to stop texts txt stop to [num],1
Check with nuerologist.,check with nuerologist,0
Argh why the fuck is nobody in town ;_;,argh why the fuck is nobody in town,0
URGENT! We are trying to contact U. Todays draw shows that you have won a £800 prize GUARANTEED. Call 09050001808 from land line. Claim M95. Valid12hrs only,urgent we are trying to contact u todays draw shows that you have won a [num] prize guaranteed call [num] from land line claim m [num] valid [num] hrs only,1
thesmszone.com lets you send free anonymous and masked messages..im sending this message from there..do you see the potential for abuse???,thesmszone com lets you send free anonymous and masked messages im sending this message from there do you see the potential for abuse,1
", im .. On the snowboarding trip. I was wondering if your planning to get everyone together befor we go..a meet and greet kind of affair? Cheers, ",im on the snowboarding trip i was wondering if your planning to get everyone together befor we go a meet and greet kind of affair cheers,0
Got smaller capacity one? Quite ex...,got smaller capacity one quite ex,0
"FreeMsg Hey there darling it's been 3 week's now and no word back! I'd like some fun you up for it still? Tb ok! XxX std chgs to send, £1.50 to rcv",freemsg hey there darling it s been [num] week s now and no word back i d like some fun you up for it still tb ok xxx std chgs to send [num] [num] to rcv,1
It should take about  &lt;#&gt;  min,it should take about lt gt min,0
Smile in Pleasure Smile in Pain Smile when trouble pours like Rain Smile when sum1 Hurts U Smile becoz SOMEONE still Loves to see u Smiling!!,smile in pleasure smile in pain smile when trouble pours like rain smile when sum [num] hurts u smile becoz someone still loves to see u smiling,0
PRIVATE! Your 2003 Account Statement for 07815296484 shows 800 un-redeemed S.I.M. points. Call 08718738001 Identifier Code 41782 Expires 18/11/04 ,private your [num] account statement for [num] shows [num] un redeemed s i m points call [num] identifier code [num] expires [num] [num] [num],1
I jus reached home. I go bathe first. But my sis using net tell u when she finishes k...,i jus reached home i go bathe first but my sis using net tell u when she finishes k,0
Back in brum! Thanks for putting us up and keeping us all and happy. See you soon ,back in brum thanks for putting us up and keeping us all and happy see you soon,0
No let me do the math. Your not good at it.,no let me do the math your not good at it,0
Hi dis is yijue i would be happy to work wif ü all for gek1510...,hi dis is yijue i would be happy to work wif all for gek [num],0
Beautiful truth : Expression of the face could Be seen by everyone... But the depression of heart Could be understood only By the Loved ones.. Gud Ni8;-),beautiful truth expression of the face could be seen by everyone but the depression of heart could be understood only by the loved ones gud ni [num],0
R u meeting da ge at nite tmr?,r u meeting da ge at nite tmr,0
"Could you not read me, my Love ? I answered you",could you not read me my love i answered you,0
Dear are you angry i was busy dear,dear are you angry i was busy dear,0
Cool. I am  &lt;#&gt;  inches long. hope you like them big!,cool i am lt gt inches long hope you like them big,0
"YEH I AM DEF UP4 SOMETHING SAT,JUST GOT PAYED2DAY & I HAVBEEN GIVEN A£50 PAY RISE 4MY WORK & HAVEBEEN MADE PRESCHOOLCO-ORDINATOR 2I AM FEELINGOOD LUV",yeh i am def up [num] something sat just got payed [num] day i havbeen given a [num] pay rise [num] my work havebeen made preschoolco ordinator [num] i am feelingood luv,0
"No, I was trying it all weekend ;V",no i was trying it all weekend v,0
Aah! A cuddle would be lush! I'd need lots of tea and soup before any kind of fumbling!,aah a cuddle would be lush i d need lots of tea and soup before any kind of fumbling,0
Hi Dear Call me its urgnt. I don't know whats your problem. You don't want to work or if you have any other problem at least tell me. Wating for your reply.,hi dear call me its urgnt i don t know whats your problem you don t want to work or if you have any other problem at least tell me wating for your reply,0
I'm home...,i m home,0
"Yalru lyfu astne chikku.. Bt innu mundhe lyf ali halla ke bilo (marriage)program edhae, so lyf is nt yet ovr chikku..ali vargu lyfu meow meow:-D",yalru lyfu astne chikku bt innu mundhe lyf ali halla ke bilo marriage program edhae so lyf is nt yet ovr chikku ali vargu lyfu meow meow d,0
You best watch what you say cause I get drunk as a motherfucker,you best watch what you say cause i get drunk as a motherfucker,0
Most of the tiime when i don't let you hug me it's so i don't break into tears.,most of the tiime when i don t let you hug me it s so i don t break into tears,0
"Okies... I'll go yan jiu too... We can skip ard oso, go cine den go mrt one, blah blah blah... ",okies i ll go yan jiu too we can skip ard oso go cine den go mrt one blah blah blah,0
"Well, I meant as opposed to my drunken night of before",well i meant as opposed to my drunken night of before,0
"Win the newest “Harry Potter and the Order of the Phoenix (Book 5) reply HARRY, answer 5 questions - chance to be the first among readers!",win the newest harry potter and the order of the phoenix book [num] reply harry answer [num] questions chance to be the first among readers,1
Have you bookedthe hut? And also your time off? How are you by the way?,have you bookedthe hut and also your time off how are you by the way,0
"By the way, i've put a skip right outside the front of the house so you can see which house it is. Just pull up before it.",by the way i ve put a skip right outside the front of the house so you can see which house it is just pull up before it,0
Its hard to believe things like this. All can say lie but think twice before saying anything to me.,its hard to believe things like this all can say lie but think twice before saying anything to me,0
Update_Now - 12Mths Half Price Orange line rental: 400mins...Call MobileUpd8 on 08000839402 or call2optout=J5Q,update now [num] mths half price orange line rental [num] mins call mobileupd [num] on [num] or call [num] optout j [num] q,1
What's nannys address?,what s nannys address,0
"Haha better late than ever, any way I could swing by?",haha better late than ever any way i could swing by,0
"Yeah go on then, bored and depressed sittin waitin for phone to ring... Hope the wind drops though, scary",yeah go on then bored and depressed sittin waitin for phone to ring hope the wind drops though scary,0
Hi. || Do u want | to join me with sts later? || Meeting them at five. || Call u after class.,hi do u want to join me with sts later meeting them at five call u after class,0
Noice. Text me when you're here,noice text me when you re here,0
Have you not finished work yet or something?,have you not finished work yet or something,0
FROM 88066 LOST £12 HELP,from [num] lost [num] help,1
How many licks does it take to get to the center of a tootsie pop?,how many licks does it take to get to the center of a tootsie pop,0
Ü all write or wat..,all write or wat,0
Err... Cud do. I'm going to  at 8pm. I haven't got a way to contact him until then.,err cud do i m going to at [num] pm i haven t got a way to contact him until then,0
"Dear Hero,i am leaving to qatar tonite for an apt opportunity.pls do keep in touch at  &lt;EMAIL&gt; ,kerala",dear hero i am leaving to qatar tonite for an apt opportunity pls do keep in touch at lt email gt kerala,0
Hanging out with my brother and his family,hanging out with my brother and his family,0
Ok which your another number,ok which your another number,0
Refused a loan? Secured or Unsecured? Can't get credit? Call free now 0800 195 6669 or text back 'help' & we will!,refused a loan secured or unsecured can t get credit call free now [num] [num] [num] or text back help we will,1
"Aight, can you text me the address?",aight can you text me the address,0
"Dude u knw also telugu..thts gud..k, gud nyt..",dude u knw also telugu thts gud k gud nyt,0
Yup next stop.,yup next stop,0
Hey tmr meet at bugis 930 ?,hey tmr meet at bugis [num],0
Urgent! Please call 09061213237 from a landline. £5000 cash or a 4* holiday await collection. T &Cs SAE PO Box 177 M227XY. 16+,urgent please call [num] from a landline [num] cash or a [num] holiday await collection t cs sae po box [num] m [num] xy [num],1
"1000's flirting NOW! Txt GIRL or BLOKE & ur NAME & AGE, eg GIRL ZOE 18 to 8007 to join and get chatting!",[num] s flirting now txt girl or bloke ur name age eg girl zoe [num] to [num] to join and get chatting,1
"Just sent again. Do you scream and moan in bed, princess?",just sent again do you scream and moan in bed princess,0
Just do what ever is easier for you,just do what ever is easier for you,0
I'm aight. Wat's happening on your side.,i m aight wat s happening on your side,0
IM GONNAMISSU SO MUCH!!I WOULD SAY IL SEND U A POSTCARD BUTTHERES ABOUTAS MUCH CHANCE OF MEREMEMBERIN ASTHERE IS OFSI NOT BREAKIN HIS CONTRACT!! LUV Yaxx,im gonnamissu so much i would say il send u a postcard buttheres aboutas much chance of merememberin asthere is ofsi not breakin his contract luv yaxx,0
Did u receive my msg?,did u receive my msg,0
Ya had just now.onion roast.,ya had just now onion roast,0
If You mean the website. Yes.,if you mean the website yes,0
cud u tell ppl im gona b a bit l8 cos 2 buses hav gon past cos they were full & im still waitin 4 1. Pete x,cud u tell ppl im gona b a bit l [num] cos [num] buses hav gon past cos they were full im still waitin [num] [num] pete x,0
Ok both our days. So what are you making for dinner tonite? Am I invited?,ok both our days so what are you making for dinner tonite am i invited,0
My birthday is on feb  &lt;#&gt;  da. .,my birthday is on feb lt gt da,0
You should know now. So how's anthony. Are you bringing money. I've school fees to pay and rent and stuff like that. Thats why i need your help. A friend in need....|,you should know now so how s anthony are you bringing money i ve school fees to pay and rent and stuff like that thats why i need your help a friend in need,0
&lt;#&gt; ISH MINUTES WAS 5 MINUTES AGO. WTF.,lt gt ish minutes was [num] minutes ago wtf,0
How i noe... Did ü specify da domain as nusstu... Ü still in sch...,how i noe did specify da domain as nusstu still in sch,0
Your unique user ID is 1172. For removal send STOP to 87239 customer services 08708034412,your unique user id is [num] for removal send stop to [num] customer services [num],1
Pls pls find out from aunt nike.,pls pls find out from aunt nike,0
Get the official ENGLAND poly ringtone or colour flag on yer mobile for tonights game! Text TONE or FLAG to 84199. Optout txt ENG STOP Box39822 W111WX £1.50,get the official england poly ringtone or colour flag on yer mobile for tonights game text tone or flag to [num] optout txt eng stop box [num] w [num] wx [num] [num],1
That seems unnecessarily hostile,that seems unnecessarily hostile,0
"Bears Pic Nick, and Tom, Pete and ... Dick. In fact, all types try gay chat with photo upload call 08718730666 (10p/min). 2 stop texts call 08712460324",bears pic nick and tom pete and dick in fact all types try gay chat with photo upload call [num] [num] p min [num] stop texts call [num],1
Oh is it! Which brand?,oh is it which brand,0
Hi juan. Im coming home on fri hey. Of course i expect a welcome party and lots of presents. Ill phone u when i get back. Loads of love nicky x x x x x x x x x,hi juan im coming home on fri hey of course i expect a welcome party and lots of presents ill phone u when i get back loads of love nicky x x x x x x x x x,0
I dont understand your message.,i dont understand your message,0
"Solve d Case : A Man Was Found Murdered On  &lt;DECIMAL&gt; . &lt;#&gt;  AfterNoon. 1,His wife called Police. 2,Police questioned everyone. 3,Wife: Sir,I was sleeping, when the murder took place. 4.Cook: I was cooking. 5.Gardener: I was picking vegetables. 6.House-Maid: I went 2 d post office. 7.Children: We went 2 play. 8.Neighbour: We went 2 a marriage. Police arrested d murderer Immediately. Who's It? Reply With Reason, If U r Brilliant.",solve d case a man was found murdered on lt decimal gt lt gt afternoon [num] his wife called police [num] police questioned everyone [num] wife sir i was sleeping when the murder took place [num] cook i was cooking [num] gardener i was picking vegetables [num] house maid i went [num] d post office [num] children we went [num] play [num] neighbour we went [num] a marriage police arrested d murderer immediately who s it reply with reason if u r brilliant,0
Like a personal sized or what,like a personal sized or what,0
"Call me when you/carlos is/are here, my phone's vibrate is acting up and I might not hear texts",call me when you carlos is are here my phone s vibrate is acting up and i might not hear texts,0
"Buzz! Hey, my Love ! I think of you and hope your day goes well. Did you sleep in ? I miss you babe. I long for the moment we are together again*loving smile*",buzz hey my love i think of you and hope your day goes well did you sleep in i miss you babe i long for the moment we are together again loving smile,0
U are subscribed to the best Mobile Content Service in the UK for £3 per 10 days until you send STOP to 82324. Helpline 08706091795,u are subscribed to the best mobile content service in the uk for [num] per [num] days until you send stop to [num] helpline [num],1
How come?,how come,0
He is world famamus....,he is world famamus,0
Sorry i'm not free...,sorry i m not free,0
Oh k :)why you got job then whats up?,oh k why you got job then whats up,0
Done it but internet connection v slow and can‘t send it. Will try again later or first thing tomo.,done it but internet connection v slow and can t send it will try again later or first thing tomo,0
"Bill, as in: Are there any letters for me. i’m expecting one from orange that isn’t a bill but may still say orange on it.",bill as in are there any letters for me i m expecting one from orange that isn t a bill but may still say orange on it,0
I will take care of financial problem.i will help:),i will take care of financial problem i will help,0
Me i'm not workin. Once i get job...,me i m not workin once i get job,0
Should I have picked up a receipt or something earlier,should i have picked up a receipt or something earlier,0
"I prefer my free days... Tues, wed, fri oso can... Ü ask those workin lor...",i prefer my free days tues wed fri oso can ask those workin lor,0
"Thursday night? Yeah, sure thing, we'll work it out then",thursday night yeah sure thing we ll work it out then,0
You bad girl. I can still remember them,you bad girl i can still remember them,0
Ok,ok,0
"I think we're going to finn's now, come",i think we re going to finn s now come,0
Its like that hotel dusk game i think. You solve puzzles in a area thing,its like that hotel dusk game i think you solve puzzles in a area thing,0
I want to tell you how bad I feel that basically the only times I text you lately are when I need drugs,i want to tell you how bad i feel that basically the only times i text you lately are when i need drugs,0
Send to someone else :-),send to someone else,0
Yup... Ok i go home look at the timings then i msg ü again... Xuhui going to learn on 2nd may too but her lesson is at 8am,yup ok i go home look at the timings then i msg again xuhui going to learn on [num] nd may too but her lesson is at [num] am,0
"Oh my god! I've found your number again! I'm so glad, text me back xafter this msgs cst std ntwk chg £1.50",oh my god i ve found your number again i m so glad text me back xafter this msgs cst std ntwk chg [num] [num],1
"whatever, im pretty pissed off.",whatever im pretty pissed off,0
"Thank you, winner notified by sms. Good Luck! No future marketing reply STOP to 84122 customer services 08450542832",thank you winner notified by sms good luck no future marketing reply stop to [num] customer services [num],1
They r giving a second chance to rahul dengra.,they r giving a second chance to rahul dengra,0
What to think no one saying clearly. Ok leave no need to ask her. I will go if she come or not,what to think no one saying clearly ok leave no need to ask her i will go if she come or not,0
"Urgent! call 09066612661 from landline. Your complementary 4* Tenerife Holiday or £10,000 cash await collection SAE T&Cs PO Box 3 WA14 2PX 150ppm 18+ Sender: Hol Offer",urgent call [num] from landline your complementary [num] tenerife holiday or [num] [num] cash await collection sae t cs po box [num] wa [num] [num] px [num] ppm [num] sender hol offer,1
Tell me whos this pls:-),tell me whos this pls,0
Weightloss! No more girl friends. Make loads of money on ebay or something. And give thanks to God.,weightloss no more girl friends make loads of money on ebay or something and give thanks to god,0
U repeat e instructions again. Wat's e road name of ur house?,u repeat e instructions again wat s e road name of ur house,0
"No, its true..k,Do u knw dis no. &lt;#&gt; ?",no its true k do u knw dis no lt gt,0
PRIVATE! Your 2003 Account Statement for shows 800 un-redeemed S. I. M. points. Call 08718738002 Identifier Code: 48922 Expires 21/11/04,private your [num] account statement for shows [num] un redeemed s i m points call [num] identifier code [num] expires [num] [num] [num],1
Life spend with someone for a lifetime may be meaningless but a few moments spent with someone who really love you means more than life itself..,life spend with someone for a lifetime may be meaningless but a few moments spent with someone who really love you means more than life itself,0
Ryder unsold.now gibbs.,ryder unsold now gibbs,0
Ok lor... But buy wat?,ok lor but buy wat,0
Much better now thanks lol,much better now thanks lol,0
"Rose needs water, season needs change, poet needs imagination..My phone needs ur sms and i need ur lovely frndship forever....",rose needs water season needs change poet needs imagination my phone needs ur sms and i need ur lovely frndship forever,0
"Will u meet ur dream partner soon? Is ur career off 2 a flyng start? 2 find out free, txt HORO followed by ur star sign, e. g. HORO ARIES",will u meet ur dream partner soon is ur career off [num] a flyng start [num] find out free txt horo followed by ur star sign e g horo aries,1
"Yes..but they said its IT.,",yes but they said its it,0
Have a safe trip to Nigeria. Wish you happiness and very soon company to share moments with,have a safe trip to nigeria wish you happiness and very soon company to share moments with,0
Please sen :)my kind advice :-)please come here and try:-),please sen my kind advice please come here and try,0
I re-met alex nichols from middle school and it turns out he's dealing!,i re met alex nichols from middle school and it turns out he s dealing,0
Wat so late still early mah. Or we juz go 4 dinner lor. Aiya i dunno...,wat so late still early mah or we juz go [num] dinner lor aiya i dunno,0
K still are you loving me.,k still are you loving me,0
You can never do NOTHING,you can never do nothing,0
I'm done oredi...,i m done oredi,0
Tell them the drug dealer's getting impatient,tell them the drug dealer s getting impatient,0
Hello darlin ive finished college now so txt me when u finish if u can love Kate xxx,hello darlin ive finished college now so txt me when u finish if u can love kate xxx,0
"Yeah, in fact he just asked if we needed anything like an hour ago. When and how much?",yeah in fact he just asked if we needed anything like an hour ago when and how much,0
Or maybe my fat fingers just press all these buttons and it doesn't know what to do.,or maybe my fat fingers just press all these buttons and it doesn t know what to do,0
Lol your always so convincing.,lol your always so convincing,0
Easy ah?sen got selected means its good..,easy ah sen got selected means its good,0
Ok i shall talk to him,ok i shall talk to him,0
Ü come lt 25 n pass to me lar,come lt [num] n pass to me lar,0
I have 2 docs appointments next week.:/ I'm tired of them shoving stuff up me. Ugh why couldn't I have had a normal body?,i have [num] docs appointments next week i m tired of them shoving stuff up me ugh why couldn t i have had a normal body,0
"Mum, i've sent you many many messages since i got here. I just want to know that you are actually getting them. Do enjoy the rest of your day.",mum i ve sent you many many messages since i got here i just want to know that you are actually getting them do enjoy the rest of your day,0
Hui xin is in da lib.,hui xin is in da lib,0
Some of them told accenture is not confirm. Is it true.,some of them told accenture is not confirm is it true,0
Will do. Was exhausted on train this morning. Too much wine and pie. You sleep well too,will do was exhausted on train this morning too much wine and pie you sleep well too,0
"I keep seeing weird shit and bein all ""woah"" then realising it's actually reasonable and I'm all ""oh""",i keep seeing weird shit and bein all woah then realising it s actually reasonable and i m all oh,0
"House-Maid is the murderer, coz the man was murdered on  &lt;#&gt; th January.. As public holiday all govt.instituitions are closed,including post office..",house maid is the murderer coz the man was murdered on lt gt th january as public holiday all govt instituitions are closed including post office,0
I am in office:)whats the matter..msg me now.i will call you at break:).,i am in office whats the matter msg me now i will call you at break,0
K..then come wenever u lik to come and also tel vikky to come by getting free time..:-),k then come wenever u lik to come and also tel vikky to come by getting free time,0
"Keep ur problems in ur heart, b'coz nobody will fight for u. Only u &amp; u have to fight for ur self &amp; win the battle. -VIVEKANAND- G 9t.. SD..
ham	Yeah, give me a call if you've got a minute
ham	HI BABE UAWAKE?FEELLIKW SHIT.JUSTFOUND OUT VIA ALETTER THATMUM GOTMARRIED 4thNOV.BEHIND OURBACKS  FUCKINNICE!SELFISH,DEVIOUSBITCH.ANYWAY,IL CALL U""",keep ur problems in ur heart b coz nobody will fight for u only u amp u have to fight for ur self amp win the battle vivekanand g [num] t sd ham yeah give me a call if you ve got a minute ham hi babe uawake feellikw shit justfound out via aletter thatmum gotmarried [num] thnov behind ourbacks fuckinnice selfish deviousbitch anyway i l call u,0
"Haha, that was the first person I was gonna ask",haha that was the first person i was gonna ask,0
Eh den sat u book e kb liao huh...,eh den sat u book e kb liao huh,0
Now that you have started dont stop. Just pray for more good ideas and anything i see that can help you guys i.ll forward you a link.,now that you have started dont stop just pray for more good ideas and anything i see that can help you guys i ll forward you a link,0
Sure! I am driving but will reach my destination soon.,sure i am driving but will reach my destination soon,0
"Get 3 Lions England tone, reply lionm 4 mono or lionp 4 poly. 4 more go 2 www.ringtones.co.uk, the original n best. Tones 3GBP network operator rates apply",get [num] lions england tone reply lionm [num] mono or lionp [num] poly [num] more go [num] [url] the original n best tones [num] gbp network operator rates apply,1
Free tones Hope you enjoyed your new content. text stop to 61610 to unsubscribe. help:08712400602450p Provided by tones2you.co.uk,free tones hope you enjoyed your new content text stop to [num] to unsubscribe help [num] p provided by tones [num] you co uk,1
"Waqt se pehle or naseeb se zyada kisi ko kuch nahi milta,Zindgi wo nahi he jo hum sochte hai Zindgi wo hai jo ham jeetey hai..........",waqt se pehle or naseeb se zyada kisi ko kuch nahi milta zindgi wo nahi he jo hum sochte hai zindgi wo hai jo ham jeetey hai,0
Thanks. Fills me with complete calm and reassurance! ,thanks fills me with complete calm and reassurance,0
Dont know you bring some food,dont know you bring some food,0
K.k:)apo k.good movie.,k k apo k good movie,0
Lol no. Just trying to make your day a little more interesting,lol no just trying to make your day a little more interesting,0
How to Make a girl Happy? It's not at all difficult to make girls happy. U only need to be... 1. A friend 2. Companion 3. Lover 4. Chef . . .  &lt;#&gt; . Good listener  &lt;#&gt; . Organizer  &lt;#&gt; . Good boyfriend  &lt;#&gt; . Very clean  &lt;#&gt; . Sympathetic  &lt;#&gt; . Athletic  &lt;#&gt; . Warm . . .  &lt;#&gt; . Courageous  &lt;#&gt; . Determined  &lt;#&gt; . True  &lt;#&gt; . Dependable  &lt;#&gt; . Intelligent . . .  &lt;#&gt; . Psychologist  &lt;#&gt; . Pest exterminator  &lt;#&gt; . Psychiatrist  &lt;#&gt; . Healer . .  &lt;#&gt; . Stylist  &lt;#&gt; . Driver . . Aaniye pudunga venaam..,how to make a girl happy it s not at all difficult to make girls happy u only need to be [num] a friend [num] companion [num] lover [num] chef lt gt good listener lt gt organizer lt gt good boyfriend lt gt very clean lt gt sympathetic lt gt athletic lt gt warm lt gt courageous lt gt determined lt gt true lt gt dependable lt gt intelligent lt gt psychologist lt gt pest exterminator lt gt psychiatrist lt gt healer lt gt stylist lt gt driver aaniye pudunga venaam,0
Wewa is 130. Iriver 255. All 128 mb.,wewa is [num] iriver [num] all [num] mb,0
I will spoil you in bed as well :),i will spoil you in bed as well,0
"Science tells that chocolate will melt under the sunlight. Please don't walk under the sunlight. BCoz,I don't want to loss a sweet friend.",science tells that chocolate will melt under the sunlight please don t walk under the sunlight bcoz i don t want to loss a sweet friend,0
Haha... Hope ü can hear the receipt sound... Gd luck!,haha hope can hear the receipt sound gd luck,0
Tomarrow i want to got to court. At  &lt;DECIMAL&gt; . So you come to bus stand at 9.,tomarrow i want to got to court at lt decimal gt so you come to bus stand at [num],0
Nothing lor... A bit bored too... Then y dun u go home early 2 sleep today...,nothing lor a bit bored too then y dun u go home early [num] sleep today,0
My exam is for february 4. Wish you a great day.,my exam is for february [num] wish you a great day,0
Oh sorry please its over,oh sorry please its over,0
Come by our room at some point so we can iron out the plan for this weekend,come by our room at some point so we can iron out the plan for this weekend,0
Please CALL 08712402972 immediately as there is an urgent message waiting for you,please call [num] immediately as there is an urgent message waiting for you,1
This msg is for your mobile content order It has been resent as previous attempt failed due to network error Queries to customersqueries@netvision.uk.com,this msg is for your mobile content order it has been resent as previous attempt failed due to network error queries to [email],1
THANX4 TODAY CER IT WAS NICE 2 CATCH UP BUT WE AVE 2 FIND MORE TIME MORE OFTEN OH WELL TAKE CARE C U SOON.C,thanx [num] today cer it was nice [num] catch up but we ave [num] find more time more often oh well take care c u soon c,0
sexy sexy cum and text me im wet and warm and ready for some porn! u up for some fun? THIS MSG IS FREE RECD MSGS 150P INC VAT 2 CANCEL TEXT STOP,sexy sexy cum and text me im wet and warm and ready for some porn u up for some fun this msg is free recd msgs [num] p inc vat [num] cancel text stop,1
Remember to ask alex about his pizza,remember to ask alex about his pizza,0
I accidentally brought em home in the box,i accidentally brought em home in the box,0
"Haha awesome, omw back now then",haha awesome omw back now then,0
"Hungry gay guys feeling hungry and up 4 it, now. Call 08718730555 just 10p/min. To stop texts call 08712460324 (10p/min)",hungry gay guys feeling hungry and up [num] it now call [num] just [num] p min to stop texts call [num] [num] p min,1
Thanks for your message. I really appreciate your sacrifice. I'm not sure of the process of direct pay but will find out on my way back from the test tomorrow. I'm in class now. Do have a wonderful day.,thanks for your message i really appreciate your sacrifice i m not sure of the process of direct pay but will find out on my way back from the test tomorrow i m in class now do have a wonderful day,0
URGENT! We are trying to contact you. Last weekends draw shows that you have won a £900 prize GUARANTEED. Call 09061701939. Claim code S89. Valid 12hrs only,urgent we are trying to contact you last weekends draw shows that you have won a [num] prize guaranteed call [num] claim code s [num] valid [num] hrs only,1
"This is the 2nd time we have tried 2 contact u. U have won the £750 Pound prize. 2 claim is easy, call 087187272008 NOW1! Only 10p per minute. BT-national-rate.",this is the [num] nd time we have tried [num] contact u u have won the [num] pound prize [num] claim is easy call [num] now [num] only [num] p per minute bt national rate,1
Ard 4 lor...,ard [num] lor,0
Did you try making another butt.,did you try making another butt,0
Si si. I think ill go make those oreo truffles.,si si i think ill go make those oreo truffles,0
i want to grasp your pretty booty :),i want to grasp your pretty booty,0
"You might want to pull out more just in case and just plan on not spending it if you can, I don't have much confidence in derek and taylor's money management",you might want to pull out more just in case and just plan on not spending it if you can i don t have much confidence in derek and taylor s money management,0
That's y we haf to combine n c how lor...,that s y we haf to combine n c how lor,0
Hope you are having a great new semester. Do wish you the very best. You are made for greatness.,hope you are having a great new semester do wish you the very best you are made for greatness,0
Ok i am on the way to home hi hi,ok i am on the way to home hi hi,0
But we havent got da topic yet rite?,but we havent got da topic yet rite,0
My house here e sky quite dark liao... If raining then got excuse not 2 run already rite... Hee...,my house here e sky quite dark liao if raining then got excuse not [num] run already rite hee,0
I surely dont forgot to come:)i will always be in touch in with you:-),i surely dont forgot to come i will always be in touch in with you,0
"Yeah, we got one lined up for us",yeah we got one lined up for us,0
You have been specially selected to receive a 2000 pound award! Call 08712402050 BEFORE the lines close. Cost 10ppm. 16+. T&Cs apply. AG Promo,you have been specially selected to receive a [num] pound award call [num] before the lines close cost [num] ppm [num] t cs apply ag promo,1
staff.science.nus.edu.sg/~phyhcmk/teaching/pc1323,staff science nus edu sg phyhcmk teaching pc [num],0
Horrible u eat macs eat until u forgot abt me already rite... U take so long 2 reply. I thk it's more toot than b4 so b prepared. Now wat shall i eat?,horrible u eat macs eat until u forgot abt me already rite u take so long [num] reply i thk it s more toot than b [num] so b prepared now wat shall i eat,0
Dear got train and seat mine lower seat,dear got train and seat mine lower seat,0
You are right though. I can't give you the space you want and need. This is really starting to become an issue. I was going to suggest setting a definite move out--if i'm still there-- after greece. But maybe you are ready and should do it now.,you are right though i can t give you the space you want and need this is really starting to become an issue i was going to suggest setting a definite move out if i m still there after greece but maybe you are ready and should do it now,0
I'm in office now . I will call you  &lt;#&gt;  min:),i m in office now i will call you lt gt min,0
U call me alter at 11 ok.,u call me alter at [num] ok,0
ALRITE HUNNY!WOT U UP 2 2NITE? DIDNT END UP GOIN DOWN TOWN JUS DA PUB INSTEAD! JUS CHILLIN AT DA MO IN ME BEDROOM!LOVE JEN XXX.,alrite hunny wot u up [num] [num] nite didnt end up goin down town jus da pub instead jus chillin at da mo in me bedroom love jen xxx,0
"It's fine, imma get a drink or somethin. Want me to come find you?",it s fine imma get a drink or somethin want me to come find you,0
Ok no problem... Yup i'm going to sch at 4 if i rem correctly...,ok no problem yup i m going to sch at [num] if i rem correctly,0
My computer just fried the only essential part we don't keep spares of because my fucking idiot roommates looovvve leaving the thing running on full  &lt;#&gt; /7,my computer just fried the only essential part we don t keep spares of because my fucking idiot roommates looovvve leaving the thing running on full lt gt [num],0
No I'm in the same boat. Still here at my moms. Check me out on yo. I'm half naked.,no i m in the same boat still here at my moms check me out on yo i m half naked,0
"Today is ""song dedicated day.."" Which song will u dedicate for me? Send this to all ur valuable frnds but first rply me...",today is song dedicated day which song will u dedicate for me send this to all ur valuable frnds but first rply me,0
"URGENT! Last weekend's draw shows that you have won £1000 cash or a Spanish holiday! CALL NOW 09050000332 to claim. T&C: RSTM, SW7 3SS. 150ppm",urgent last weekend s draw shows that you have won [num] cash or a spanish holiday call now [num] to claim t c rstm sw [num] [num] ss [num] ppm,1
Sian... Aft meeting supervisor got work 2 do liao... U working now?,sian aft meeting supervisor got work [num] do liao u working now,0
Monthly password for wap. mobsi.com is 391784. Use your wap phone not PC.,monthly password for wap mobsi com is [num] use your wap phone not pc,1
XCLUSIVE@CLUBSAISAI 2MOROW 28/5 SOIREE SPECIALE ZOUK WITH NICHOLS FROM PARIS.FREE ROSES 2 ALL LADIES !!! info: 07946746291/07880867867 ,xclusive clubsaisai [num] morow [num] [num] soiree speciale zouk with nichols from paris free roses [num] all ladies info [num] [num],1
"Hmmm.. Thk sure got time to hop ard... Ya, can go 4 free abt... Muz call u to discuss liao... ",hmmm thk sure got time to hop ard ya can go [num] free abt muz call u to discuss liao,0
"Beautiful Truth against Gravity.. Read carefully: ""Our heart feels light when someone is in it.. But it feels very heavy when someone leaves it.."" GOOD NIGHT",beautiful truth against gravity read carefully our heart feels light when someone is in it but it feels very heavy when someone leaves it good night,0
"Thk shld b can... Ya, i wana go 4 lessons... Haha, can go for one whole stretch...",thk shld b can ya i wana go [num] lessons haha can go for one whole stretch,0
"Please protect yourself from e-threats. SIB never asks for sensitive information like Passwords,ATM/SMS PIN thru email. Never share your password with anybody.",please protect yourself from e threats sib never asks for sensitive information like passwords atm sms pin thru email never share your password with anybody,0
If you ask her or she say any please message.,if you ask her or she say any please message,0
Txt: CALL to No: 86888 & claim your reward of 3 hours talk time to use from your phone now! Subscribe6GBP/mnth inc 3hrs 16 stop?txtStop www.gamb.tv,txt call to no [num] claim your reward of [num] hours talk time to use from your phone now subscribe [num] gbp mnth inc [num] hrs [num] stop txtstop [url],1
No i am not having not any movies in my laptop,no i am not having not any movies in my laptop,0
Yeah but which is worse for i,yeah but which is worse for i,0
I like to talk pa but am not able to. I dont know y.,i like to talk pa but am not able to i dont know y,0
Finished class where are you.,finished class where are you,0
Kothi print out marandratha.,kothi print out marandratha,0
"Some friends want me to drive em someplace, probably take a while",some friends want me to drive em someplace probably take a while,0
S now only i took tablets . Reaction morning only.,s now only i took tablets reaction morning only,0
For the most sparkling shopping breaks from 45 per person; call 0121 2025050 or visit www.shortbreaks.org.uk,for the most sparkling shopping breaks from [num] per person call [num] [num] or visit [url],1
That would be great. We'll be at the Guild. Could meet on Bristol road or somewhere - will get in touch over weekend. Our plans take flight! Have a good week,that would be great we ll be at the guild could meet on bristol road or somewhere will get in touch over weekend our plans take flight have a good week,0
"Carlos took a while (again), we leave in a minute",carlos took a while again we leave in a minute,0
Total video converter free download type this in google search:),total video converter free download type this in google search,0
Ok how you dear. Did you call chechi,ok how you dear did you call chechi,0
Also are you bringing galileo or dobby,also are you bringing galileo or dobby,0
Moji i love you more than words. Have a rich day,moji i love you more than words have a rich day,0
"Congrats! 2 mobile 3G Videophones R yours. call 09061744553 now! videochat wid ur mates, play java games, Dload polyH music, noline rentl. bx420. ip4. 5we. 150pm",congrats [num] mobile [num] g videophones r yours call [num] now videochat wid ur mates play java games dload polyh music noline rentl bx [num] ip [num] [num] we [num] pm,1
I am going to film 2day da. At 6pm. Sorry da.,i am going to film [num] day da at [num] pm sorry da,0
Play w computer? Aiyah i tok 2 u lor?,play w computer aiyah i tok [num] u lor,0
No de.am seeing in online shop so that i asked.,no de am seeing in online shop so that i asked,0
Reply with your name and address and YOU WILL RECEIVE BY POST a weeks completely free accommodation at various global locations www.phb1.com ph:08700435505150p,reply with your name and address and you will receive by post a weeks completely free accommodation at various global locations [url] ph [num] p,1
Send me your resume:-),send me your resume,0
I might go 2 sch. Yar at e salon now v boring.,i might go [num] sch yar at e salon now v boring,0
Not able to do anything.,not able to do anything,0
Sorry . I will be able to get to you. See you in the morning.,sorry i will be able to get to you see you in the morning,0
Yup having my lunch buffet now.. U eat already?,yup having my lunch buffet now u eat already,0
I wish! I don't think its gonna snow that much. But it will be more than those flurries we usually get that melt before they hit the ground. Eek! We haven't had snow since &lt;#&gt; before I was even born!,i wish i don t think its gonna snow that much but it will be more than those flurries we usually get that melt before they hit the ground eek we haven t had snow since lt gt before i was even born,0
Do u ever get a song stuck in your head for no reason and it won't go away til u listen to it like 5 times?,do u ever get a song stuck in your head for no reason and it won t go away til u listen to it like [num] times,0
Ok. How many should i buy.,ok how many should i buy,0
Ha... U jus ate honey ar? So sweet...,ha u jus ate honey ar so sweet,0
U studying in sch or going home? Anyway i'll b going 2 sch later.,u studying in sch or going home anyway i ll b going [num] sch later,0
"Hey j! r u feeling any better, hopeSo hunny. i amnow feelin ill & ithink i may have tonsolitusaswell! damn iam layin in bedreal bored. lotsof luv me xxxx",hey j r u feeling any better hopeso hunny i amnow feelin ill ithink i may have tonsolitusaswell damn iam layin in bedreal bored lotsof luv me xxxx,0
Hi :)finally i completed the course:),hi finally i completed the course,0
"Hi, Mobile no.  &lt;#&gt;  has added you in their contact list on www.fullonsms.com It s a great place to send free sms to people For more visit fullonsms.com",hi mobile no lt gt has added you in their contact list on [url] it s a great place to send free sms to people for more visit fullonsms com,0
URGENT! We are trying to contact U. Todays draw shows that you have won a £800 prize GUARANTEED. Call 09050003091 from land line. Claim C52. Valid 12hrs only,urgent we are trying to contact u todays draw shows that you have won a [num] prize guaranteed call [num] from land line claim c [num] valid [num] hrs only,1
Do you want 750 anytime any network mins 150 text and a NEW VIDEO phone for only five pounds per week call 08002888812 or reply for delivery tomorrow,do you want [num] anytime any network mins [num] text and a new video phone for only five pounds per week call [num] or reply for delivery tomorrow,1
Jay is snickering and tells me that x is totally fucking up the chords as we speak,jay is snickering and tells me that x is totally fucking up the chords as we speak,0
Were gonna go get some tacos,were gonna go get some tacos,0
It means u could not keep ur words.,it means u could not keep ur words,0
I will once i get home,i will once i get home,0
Or just do that 6times,or just do that [num] times,0
Lol great now im getting hungry.,lol great now im getting hungry,0
I'm at home. Please call,i m at home please call,0
Am slow in using biola's fne,am slow in using biola s fne,0
On ma way to school. Can you pls send me ashley's number,on ma way to school can you pls send me ashley s number,0
Just hopeing that wasn‘t too pissed up to remember and has gone off to his sisters or something!,just hopeing that wasn t too pissed up to remember and has gone off to his sisters or something,0
My sister got placed in birla soft da:-),my sister got placed in birla soft da,0
A link to your picture has been sent. You can also use http://alto18.co.uk/wave/wave.asp?o=44345,a link to your picture has been sent you can also use [url],1
"Me, i dont know again oh",me i dont know again oh,0
Shall i come to get pickle,shall i come to get pickle,0
I've not sent it. He can send me.,i ve not sent it he can send me,0
Just finished eating. Got u a plate. NOT leftovers this time.,just finished eating got u a plate not leftovers this time,0
Y bishan lei... I tot ü say lavender? ,y bishan lei i tot say lavender,0
I will come tomorrow di,i will come tomorrow di,0
I'm vivek:)i got call from your number.,i m vivek i got call from your number,0
Want 2 get laid tonight? Want real Dogging locations sent direct 2 ur mob? Join the UK's largest Dogging Network bt Txting GRAVEL to 69888! Nt. ec2a. 31p.msg@150p,want [num] get laid tonight want real dogging locations sent direct [num] ur mob join the uk s largest dogging network bt txting gravel to [num] nt ec [num] a [num] p msg [num] p,1
You have 1 new message. Please call 08718738034.,you have [num] new message please call [num],1
"Shop till u Drop, IS IT YOU, either 10K, 5K, £500 Cash or £100 Travel voucher, Call now, 09064011000. NTT PO Box CR01327BT fixedline Cost 150ppm mobile vary",shop till u drop is it you either [num] k [num] k [num] cash or [num] travel voucher call now [num] ntt po box cr [num] bt fixedline cost [num] ppm mobile vary,1
Just trying to figure out when I'm suppose to see a couple different people this week. We said we'd get together but I didn't set dates,just trying to figure out when i m suppose to see a couple different people this week we said we d get together but i didn t set dates,0
"So check your errors and if you had difficulties, do correction.",so check your errors and if you had difficulties do correction,0
Anything lar then ü not going home 4 dinner?,anything lar then not going home [num] dinner,0
Just buy a pizza. Meat lovers or supreme. U get to pick.,just buy a pizza meat lovers or supreme u get to pick,0
Todays Voda numbers ending 1225 are selected to receive a £50award. If you have a match please call 08712300220 quoting claim code 3100 standard rates app ,todays voda numbers ending [num] are selected to receive a [num] award if you have a match please call [num] quoting claim code [num] standard rates app,1
Are you plans with your family set in stone ?,are you plans with your family set in stone,0
At 4. Let's go to bill millers,at [num] let s go to bill millers,0
No..its ful of song lyrics..,no its ful of song lyrics,0
"By the way, 'rencontre' is to meet again. Mountains dont....",by the way rencontre is to meet again mountains dont,0
"Fun fact: although you would think armand would eventually build up a tolerance or some shit considering how much he smokes, he gets fucked up in like 2 hits",fun fact although you would think armand would eventually build up a tolerance or some shit considering how much he smokes he gets fucked up in like [num] hits,0
1's finish meeting call me.,[num] s finish meeting call me,0
The current leading bid is 151. To pause this auction send OUT. Customer Care: 08718726270,the current leading bid is [num] to pause this auction send out customer care [num],1
Depends on individual lor e hair dresser say pretty but my parents say look gong. U kaypoh.. I also dunno wat she collecting.,depends on individual lor e hair dresser say pretty but my parents say look gong u kaypoh i also dunno wat she collecting,0
Tessy..pls do me a favor. Pls convey my birthday wishes to Nimya..pls dnt forget it. Today is her birthday Shijas,tessy pls do me a favor pls convey my birthday wishes to nimya pls dnt forget it today is her birthday shijas,0
i see. When we finish we have loads of loans to pay,i see when we finish we have loads of loans to pay,0
"Yeah I think my usual guy's still passed out from last night, if you get ahold of anybody let me know and I'll throw down",yeah i think my usual guy s still passed out from last night if you get ahold of anybody let me know and i ll throw down,0
"Jay wants to work out first, how's 4 sound?",jay wants to work out first how s [num] sound,0
You said not now. No problem. When you can. Let me know.,you said not now no problem when you can let me know,0
Omg you can make a wedding chapel in frontierville? Why do they get all the good stuff?,omg you can make a wedding chapel in frontierville why do they get all the good stuff,0
Sitting in mu waiting for everyone to get out of my suite so I can take a shower,sitting in mu waiting for everyone to get out of my suite so i can take a shower,0
Also fuck you and your family for going to rhode island or wherever the fuck and leaving me all alone the week I have a new bong &gt;:(,also fuck you and your family for going to rhode island or wherever the fuck and leaving me all alone the week i have a new bong gt,0
I am literally in bed and have been up for like  &lt;#&gt;  hours,i am literally in bed and have been up for like lt gt hours,0
For my family happiness..,for my family happiness,0
"By march ending, i should be ready. But will call you for sure. The problem is that my capital never complete. How far with you. How's work and the ladies",by march ending i should be ready but will call you for sure the problem is that my capital never complete how far with you how s work and the ladies,0
"Hi. Wk been ok - on hols now! Yes on for a bit of a run. Forgot that i have hairdressers appointment at four so need to get home n shower beforehand. Does that cause prob for u?""",hi wk been ok on hols now yes on for a bit of a run forgot that i have hairdressers appointment at four so need to get home n shower beforehand does that cause prob for u,0
Your gonna be the death if me. I'm gonna leave a note that says its all robs fault. Avenge me.,your gonna be the death if me i m gonna leave a note that says its all robs fault avenge me,0
Alright took the morphine. Back in yo.,alright took the morphine back in yo,0
Hiya. How was last night? I've been naughty and bought myself clothes and very little ... Ready for more shopping tho! What kind of time do you wanna meet?,hiya how was last night i ve been naughty and bought myself clothes and very little ready for more shopping tho what kind of time do you wanna meet,0
Not to worry. I'm sure you'll get it.,not to worry i m sure you ll get it,0
Omg it could snow here tonite!,omg it could snow here tonite,0
Natalja (25/F) is inviting you to be her friend. Reply YES-440 or NO-440 See her: www.SMS.ac/u/nat27081980 STOP? Send STOP FRND to 62468,natalja [num] f is inviting you to be her friend reply yes [num] or no [num] see her [url] stop send stop frnd to [num],1
Understand. his loss is my gain :) so do you work? School?,understand his loss is my gain so do you work school,0
I'm in town now so i'll jus take mrt down later.,i m in town now so i ll jus take mrt down later,0
Ok . . now i am in bus. . If i come soon i will come otherwise tomorrow,ok now i am in bus if i come soon i will come otherwise tomorrow,0
"No! But we found a diff farm shop to buy some cheese. On way back now, can i call in?",no but we found a diff farm shop to buy some cheese on way back now can i call in,0
"I can't right this second, gotta hit people up first",i can t right this second gotta hit people up first,0
Lol ok ill try to send. Be warned Sprint is dead slow. You'll prolly get it tomorrow,lol ok ill try to send be warned sprint is dead slow you ll prolly get it tomorrow,0
"Fuuuuck I need to stop sleepin, sup",fuuuuck i need to stop sleepin sup,0
"Final Chance! Claim ur £150 worth of discount vouchers today! Text YES to 85023 now! SavaMob, member offers mobile! T Cs SavaMob POBOX84, M263UZ. £3.00 Subs 16",final chance claim ur [num] worth of discount vouchers today text yes to [num] now savamob member offers mobile t cs savamob pobox [num] m [num] uz [num] [num] subs [num],1
"Merry Christmas to you too babe, i love ya *kisses*",merry christmas to you too babe i love ya kisses,0
Hey i've booked the pilates and yoga lesson already... Haha,hey i ve booked the pilates and yoga lesson already haha,0
Thanx a lot...,thanx a lot,0
And miss vday the parachute and double coins??? U must not know me very well...,and miss vday the parachute and double coins u must not know me very well,0
"Em, its olowoyey@ usc.edu have a great time in argentina. Not sad about secretary, everything is a blessing",em its olowoyey usc edu have a great time in argentina not sad about secretary everything is a blessing,0
Shuhui has bought ron's present it's a swatch watch...,shuhui has bought ron s present it s a swatch watch,0
ITS A LAPTOP TAKE IT WITH YOU.,its a laptop take it with you,0
Ya:)going for restaurant..,ya going for restaurant,0
Becoz its  &lt;#&gt;  jan whn al the post ofice is in holiday so she cn go fr the post ofice...got it duffer,becoz its lt gt jan whn al the post ofice is in holiday so she cn go fr the post ofice got it duffer,0
"Sir, good morning. Hope you had a good weekend. I called to let you know that i was able to raise  &lt;#&gt;  from my dad. He however said he would make the rest available by mid feb. This amount is still quite short and i was hoping you would help. Do have a good day. Abiola",sir good morning hope you had a good weekend i called to let you know that i was able to raise lt gt from my dad he however said he would make the rest available by mid feb this amount is still quite short and i was hoping you would help do have a good day abiola,0
My tuition is at 330. Hm we go for the 1120 to 1205 one? Do you mind?,my tuition is at [num] hm we go for the [num] to [num] one do you mind,0
"(And my man carlos is definitely coming by mu tonight, no excuses)",and my man carlos is definitely coming by mu tonight no excuses,0
I'm not sure if its still available though,i m not sure if its still available though,0
I had a good time too. Its nice to do something a bit different with my weekends for a change. See ya soon,i had a good time too its nice to do something a bit different with my weekends for a change see ya soon,0
Ok no prob. Take ur time.,ok no prob take ur time,0
"Great. I'm in church now, will holla when i get out",great i m in church now will holla when i get out,0
Where are you ? What are you doing ? Are yuou working on getting the pc to your mom's ? Did you find a spot that it would work ? I need you,where are you what are you doing are yuou working on getting the pc to your mom s did you find a spot that it would work i need you,0
HIYA COMIN 2 BRISTOL 1 ST WEEK IN APRIL. LES GOT OFF + RUDI ON NEW YRS EVE BUT I WAS SNORING.THEY WERE DRUNK! U BAK AT COLLEGE YET? MY WORK SENDS INK 2 BATH.,hiya comin [num] bristol [num] st week in april les got off rudi on new yrs eve but i was snoring they were drunk u bak at college yet my work sends ink [num] bath,0
Valentines Day Special! Win over £1000 in our quiz and take your partner on the trip of a lifetime! Send GO to 83600 now. 150p/msg rcvd. CustCare:08718720201.,valentines day special win over [num] in our quiz and take your partner on the trip of a lifetime send go to [num] now [num] p msg rcvd custcare [num],1
Stop the story. I've told him i've returned it and he's saying i should not re order it.,stop the story i ve told him i ve returned it and he s saying i should not re order it,0
RGENT! This is the 2nd attempt to contact U!U have WON £1250 CALL 09071512433 b4 050703 T&CsBCM4235WC1N3XX. callcost 150ppm mobilesvary. max£7. 50,rgent this is the [num] nd attempt to contact u u have won [num] call [num] b [num] [num] t csbcm [num] wc [num] n [num] xx callcost [num] ppm mobilesvary max [num] [num],1
"0A$NETWORKS allow companies to bill for SMS, so they are responsible for their ""suppliers"", just as a shop has to give a guarantee on what they sell. B. G.",[num] a networks allow companies to bill for sms so they are responsible for their suppliers just as a shop has to give a guarantee on what they sell b g,1
For real tho this sucks. I can't even cook my whole electricity is out. And I'm hungry.,for real tho this sucks i can t even cook my whole electricity is out and i m hungry,0
"Can meh? Thgt some will clash... Really ah, i dun mind... I dun seen to have lost any weight... Gee...",can meh thgt some will clash really ah i dun mind i dun seen to have lost any weight gee,0
"Had your contract mobile 11 Mnths? Latest Motorola, Nokia etc. all FREE! Double Mins & Text on Orange tariffs. TEXT YES for callback, no to remove from records",had your contract mobile [num] mnths latest motorola nokia etc all free double mins text on orange tariffs text yes for callback no to remove from records,1
My battery is low babe,my battery is low babe,0
Any pain on urination any thing else?,any pain on urination any thing else,0
Ok but tell me half an hr b4 u come i need 2 prepare.,ok but tell me half an hr b [num] u come i need [num] prepare,0
Yar i wanted 2 scold u yest but late already... I where got zhong se qing you? If u ask me b4 he ask me then i'll go out w u all lor. N u still can act so real.,yar i wanted [num] scold u yest but late already i where got zhong se qing you if u ask me b [num] he ask me then i ll go out w u all lor n u still can act so real,0
We'll join the  &lt;#&gt;  bus,we ll join the lt gt bus,0
Thats cool. i liked your photos. You are very sexy!,thats cool i liked your photos you are very sexy,0
He's in lag. That's just the sad part but we keep in touch thanks to skype,he s in lag that s just the sad part but we keep in touch thanks to skype,0
I sent you  &lt;#&gt;  bucks,i sent you lt gt bucks,0
Ew are you one of them?,ew are you one of them,0
Hi! You just spoke to MANEESHA V. We'd like to know if you were satisfied with the experience. Reply Toll Free with Yes or No.,hi you just spoke to maneesha v we d like to know if you were satisfied with the experience reply toll free with yes or no,0
Only 2% students solved this CAT question in 'xam... 5+3+2= &lt;#&gt;  9+2+4= &lt;#&gt;  8+6+3= &lt;#&gt;  then 7+2+5=????? Tell me the answer if u r brilliant...1thing.i got d answr.,only [num] students solved this cat question in xam [num] [num] [num] lt gt [num] [num] [num] lt gt [num] [num] [num] lt gt then [num] [num] [num] tell me the answer if u r brilliant [num] thing i got d answr,0
Wishing you a wonderful week.,wishing you a wonderful week,0
And maybe some pressies,and maybe some pressies,0
Ok... Take ur time n enjoy ur dinner...,ok take ur time n enjoy ur dinner,0
Don no da:)whats you plan?,don no da whats you plan,0
Rightio. 11.48 it is then. Well arent we all up bright and early this morning.,rightio [num] [num] it is then well arent we all up bright and early this morning,0
In sch but neva mind u eat 1st lor..,in sch but neva mind u eat [num] st lor,0
Yup...,yup,0
"U can WIN £100 of Music Gift Vouchers every week starting NOW Txt the word DRAW to 87066 TsCs www.ldew.com SkillGame,1Winaweek, age16.150ppermessSubscription",u can win [num] of music gift vouchers every week starting now txt the word draw to [num] tscs [url] skillgame [num] winaweek age [num] [num] ppermesssubscription,1
Ha ha ha good joke. Girls are situation seekers.,ha ha ha good joke girls are situation seekers,0
Purity of friendship between two is not about smiling after reading the forwarded message..Its about smiling just by seeing the name. Gud evng musthu,purity of friendship between two is not about smiling after reading the forwarded message its about smiling just by seeing the name gud evng musthu,0
Are there TA jobs available? Let me know please cos i really need to start working,are there ta jobs available let me know please cos i really need to start working,0
"URGENT! You have won a 1 week FREE membership in our £100,000 Prize Jackpot! Txt the word: CLAIM to No: 81010 T&C www.dbuk.net LCCLTD POBOX 4403LDNW1A7RW18",urgent you have won a [num] week free membership in our [num] [num] prize jackpot txt the word claim to no [num] t c [url] lccltd pobox [num] ldnw [num] a [num] rw [num],1
As per your request 'Melle Melle (Oru Minnaminunginte Nurungu Vettam)' has been set as your callertune for all Callers. Press *9 to copy your friends Callertune,as per your request melle melle oru minnaminunginte nurungu vettam has been set as your callertune for all callers press [num] to copy your friends callertune,0
"* Was really good to see you the other day dudette, been missing you!",was really good to see you the other day dudette been missing you,0
Lol! Nah wasn't too bad thanks. Its good to b home but its been quite a reality check. Hows ur day been? Did u do anything with website?,lol nah wasn t too bad thanks its good to b home but its been quite a reality check hows ur day been did u do anything with website,0
We tried to call you re your reply to our sms for a video mobile 750 mins UNLIMITED TEXT free camcorder Reply or call now 08000930705 Del Thurs,we tried to call you re your reply to our sms for a video mobile [num] mins unlimited text free camcorder reply or call now [num] del thurs,1
You see the requirements please,you see the requirements please,0
I meant middle left or right?,i meant middle left or right,0
"Im cool ta luv but v.tired 2 cause i have been doin loads of planning all wk, we have got our social services inspection at the nursery! Take care & spk sn x.",i m cool ta luv but v tired [num] cause i have been doin loads of planning all wk we have got our social services inspection at the nursery take care spk sn x,0
OK i'm waliking ard now... Do u wan me 2 buy anything go ur house?,ok i m waliking ard now do u wan me [num] buy anything go ur house,0
She doesnt need any test.,she doesnt need any test,0
Hello! Good week? Fancy a drink or something later?,hello good week fancy a drink or something later,0
"Thanx. Yup we coming back on sun. Finish dinner going back 2 hotel now. Time flies, we're tog 4 exactly a mth today. Hope we'll haf many more mths to come...",thanx yup we coming back on sun finish dinner going back [num] hotel now time flies we re tog [num] exactly a mth today hope we ll haf many more mths to come,0
How r ü going to send it to me?,how r going to send it to me,0
Yeah you should. I think you can use your gt atm now to register. Not sure but if there's anyway i can help let me know. But when you do be sure you are ready.,yeah you should i think you can use your gt atm now to register not sure but if there s anyway i can help let me know but when you do be sure you are ready,0
I like to think there's always the possibility of being in a pub later.,i like to think there s always the possibility of being in a pub later,0
"A few people are at the game, I'm at the mall with iouri and kaila",a few people are at the game i m at the mall with iouri and kaila,0
tells u 2 call 09066358152 to claim £5000 prize. U have 2 enter all ur mobile & personal details @ the prompts. Careful!,tells u [num] call [num] to claim [num] prize u have [num] enter all ur mobile personal details the prompts careful,1
Anyway seriously hit me up when you're back because otherwise I have to light up with armand and he always has shit and/or is vomiting,anyway seriously hit me up when you re back because otherwise i have to light up with armand and he always has shit and or is vomiting,0
Did u got that persons story,did u got that persons story,0
FreeMsg Today's the day if you are ready! I'm horny & live in your town. I love sex fun & games! Netcollex Ltd 08700621170150p per msg reply Stop to end,freemsg today s the day if you are ready i m horny live in your town i love sex fun games netcollex ltd [num] p per msg reply stop to end,1
"Aight will do, thanks again for comin out",aight will do thanks again for comin out,0
"Fuck babe ... I miss you already, you know ? Can't you let me send you some money towards your net ? I need you ... I want you ... I crave you ...",fuck babe i miss you already you know can t you let me send you some money towards your net i need you i want you i crave you,0
Dear we are going to our rubber place,dear we are going to our rubber place,0
I'm also came to room.,i m also came to room,0
Aiyo a bit pai seh ü noe... Scared he dun rem who i am then die... Hee... But he become better lookin oredi leh...,aiyo a bit pai seh noe scared he dun rem who i am then die hee but he become better lookin oredi leh,0
Omg I want to scream. I weighed myself and I lost more weight! Woohoo!,omg i want to scream i weighed myself and i lost more weight woohoo,0
3. You have received your mobile content. Enjoy,[num] you have received your mobile content enjoy,1
Thanks  and ! Or bomb and date as my phone wanted to say! ,thanks and or bomb and date as my phone wanted to say,0
Do you know what Mallika Sherawat did yesterday? Find out now @  &lt;URL&gt;,do you know what mallika sherawat did yesterday find out now lt url gt,0
I'm freezing and craving ice. Fml,i m freezing and craving ice fml,0
Yup... Hey then one day on fri we can ask miwa and jiayin take leave go karaoke ,yup hey then one day on fri we can ask miwa and jiayin take leave go karaoke,0
"Are you being good, baby? :)",are you being good baby,0
Y so late but i need to go n get da laptop...,y so late but i need to go n get da laptop,0
Networking job is there.,networking job is there,0
"I wake up long ago already... Dunno, what other thing?",i wake up long ago already dunno what other thing,0
Ok... Sweet dreams...,ok sweet dreams,0
Yo dude guess who just got arrested the other day,yo dude guess who just got arrested the other day,0
Doing my masters. When will you buy a bb cos i have for sale and how's bf,doing my masters when will you buy a bb cos i have for sale and how s bf,0
We're done...,we re done,0
You have 1 new voicemail. Please call 08719181513.,you have [num] new voicemail please call [num],1
Bugis oso near wat... ,bugis oso near wat,0
Gam gone after outstanding innings.,gam gone after outstanding innings,0
Am in gobi arts college,am in gobi arts college,0
The length is e same but e top shorter n i got a fringe now. I thk i'm not going liao. Too lazy. Dun wan 2 distract u also.,the length is e same but e top shorter n i got a fringe now i thk i m not going liao too lazy dun wan [num] distract u also,0
I was wondering if it would be okay for you to call uncle john and let him know that things are not the same in nigeria as they r here. That  &lt;#&gt;  dollars is 2years sent and that you know its a strain but i plan to pay back every dime he gives. Every dime so for me to expect anything from you is not practical. Something like that.,i was wondering if it would be okay for you to call uncle john and let him know that things are not the same in nigeria as they r here that lt gt dollars is [num] years sent and that you know its a strain but i plan to pay back every dime he gives every dime so for me to expect anything from you is not practical something like that,0
Probably earlier than that if the station's where I think it is,probably earlier than that if the station s where i think it is,0
"Alright, I'll head out in a few minutes, text me where to meet you",alright i ll head out in a few minutes text me where to meet you,0
Lol u still feeling sick?,lol u still feeling sick,0
Cos i was out shopping wif darren jus now n i called him 2 ask wat present he wan lor. Then he started guessing who i was wif n he finally guessed darren lor.,cos i was out shopping wif darren jus now n i called him [num] ask wat present he wan lor then he started guessing who i was wif n he finally guessed darren lor,0
No da. I am happy that we sit together na,no da i am happy that we sit together na,0
Lol yep did that yesterday. Already got my fireplace. Now its just another icon sitting there for me.,lol yep did that yesterday already got my fireplace now its just another icon sitting there for me,0
I'm coming back on Thursday. Yay. Is it gonna be ok to get the money. Cheers. Oh yeah and how are you. Everything alright. Hows school. Or do you call it work now,i m coming back on thursday yay is it gonna be ok to get the money cheers oh yeah and how are you everything alright hows school or do you call it work now,0
Only saturday and sunday holiday so its very difficult:),only saturday and sunday holiday so its very difficult,0
Nope wif my sis lor... Aft bathing my dog then i can bathe... Looks like it's going 2 rain soon.,nope wif my sis lor aft bathing my dog then i can bathe looks like it s going [num] rain soon,0
Yup i thk they r e teacher said that will make my face look longer. Darren ask me not 2 cut too short.,yup i thk they r e teacher said that will make my face look longer darren ask me not [num] cut too short,0
Then dun wear jeans lor...,then dun wear jeans lor,0
Then she buying today? Ü no need to c meh...,then she buying today no need to c meh,0
Meet after lunch la...,meet after lunch la,0
"Hey, iouri gave me your number, I'm wylie, ryan's friend",hey iouri gave me your number i m wylie ryan s friend,0
"I have 2 sleeping bags, 1 blanket and paper and  phone details. Anything else?",i have [num] sleeping bags [num] blanket and paper and phone details anything else,0
Please tell me you have some of that special stock you were talking about,please tell me you have some of that special stock you were talking about,0
True dear..i sat to pray evening and felt so.so i sms'd you in some time...,true dear i sat to pray evening and felt so so i sms d you in some time,0
Remember on that day..,remember on that day,0
There are no other charges after transfer charges and you can withdraw anyhow you like,there are no other charges after transfer charges and you can withdraw anyhow you like,0
Summers finally here! Fancy a chat or flirt with sexy singles in yr area? To get MATCHED up just reply SUMMER now. Free 2 Join. OptOut txt STOP Help08714742804,summers finally here fancy a chat or flirt with sexy singles in yr area to get matched up just reply summer now free [num] join optout txt stop help [num],1
It just seems like weird timing that the night that all you and g want is for me to come smoke is the same day as when a shitstorm is attributed to me always coming over and making everyone smoke,it just seems like weird timing that the night that all you and g want is for me to come smoke is the same day as when a shitstorm is attributed to me always coming over and making everyone smoke,0
Roger that. We‘re probably going to rem in about 20,roger that we re probably going to rem in about [num],0
Do you hide anythiing or keeping distance from me,do you hide anythiing or keeping distance from me,0
"Yo carlos, a few friends are already asking me about you, you working at all this weekend?",yo carlos a few friends are already asking me about you you working at all this weekend,0
"Sure thing big man. i have hockey elections at 6, shouldn‘t go on longer than an hour though",sure thing big man i have hockey elections at [num] shouldn t go on longer than an hour though,0
Its a site to simulate the test. It just gives you very tough questions to test your readiness.,its a site to simulate the test it just gives you very tough questions to test your readiness,0
"Thanks for your ringtone order, ref number K718. Your mobile will be charged £4.50. Should your tone not arrive please call customer services on 09065069120",thanks for your ringtone order ref number k [num] your mobile will be charged [num] [num] should your tone not arrive please call customer services on [num],1
WHAT TIME U WRKIN?,what time u wrkin,0
Oh ic. I thought you meant mary jane.,oh ic i thought you meant mary jane,0
I havent lei.. Next mon can?,i havent lei next mon can,0
Mom wants to know where you at,mom wants to know where you at,0
"We know TAJ MAHAL as symbol of love. But the other lesser known facts 1. Mumtaz was Shahjahan's 4th wife, out of his 7 wifes. 2. Shahjahan killed Mumtaz's husband to marry her. 3. Mumtaz died in her  &lt;#&gt; th delivery. 4. He then married Mumtaz's sister. Question arises where the Hell is the LOVE?:-| -The Great Hari-",we know taj mahal as symbol of love but the other lesser known facts [num] mumtaz was shahjahan s [num] th wife out of his [num] wifes [num] shahjahan killed mumtaz s husband to marry her [num] mumtaz died in her lt gt th delivery [num] he then married mumtaz s sister question arises where the hell is the love the great hari,0
Rats. Hey did u ever vote for the next themes?,rats hey did u ever vote for the next themes,0
"Did I forget to tell you ? I want you , I need you, I crave you ... But most of all ... I love you my sweet Arabian steed ... Mmmmmm ... Yummy",did i forget to tell you i want you i need you i crave you but most of all i love you my sweet arabian steed mmmmmm yummy,0
"Hi this is yijue, can i meet u at 11 tmr?",hi this is yijue can i meet u at [num] tmr,0
LOOK AT THE FUCKIN TIME. WHAT THE FUCK YOU THINK IS UP,look at the fuckin time what the fuck you think is up,0
Hey you still want to go for yogasana? Coz if we end at cine then can go bathe and hav the steam bath,hey you still want to go for yogasana coz if we end at cine then can go bathe and hav the steam bath,0
PRIVATE! Your 2003 Account Statement for shows 800 un-redeemed S.I.M. points. Call 08718738001 Identifier Code: 49557 Expires 26/11/04,private your [num] account statement for shows [num] un redeemed s i m points call [num] identifier code [num] expires [num] [num] [num],1
Ok.ok ok..then..whats ur todays plan,ok ok ok then whats ur todays plan,0
Otherwise had part time job na-tuition..,otherwise had part time job na tuition,0
"Rock yr chik. Get 100's of filthy films &XXX pics on yr phone now. rply FILTH to 69669. Saristar Ltd, E14 9YT 08701752560. 450p per 5 days. Stop2 cancel",rock yr chik get [num] s of filthy films xxx pics on yr phone now rply filth to [num] saristar ltd e [num] [num] yt [num] [num] p per [num] days stop [num] cancel,1
Wat ü doing now?,wat doing now,0
Ok i found dis pierre cardin one which looks normal costs 20 its on sale.,ok i found dis pierre cardin one which looks normal costs [num] its on sale,0
For fear of fainting with the of all that housework you just did? Quick have a cuppa,for fear of fainting with the of all that housework you just did quick have a cuppa,0
"He said that he had a right giggle when he saw u again! You would possibly be the first person2die from NVQ, but think how much you could for! ",he said that he had a right giggle when he saw u again you would possibly be the first person [num] die from nvq but think how much you could for,0
"Sorry, I'll call later ok bye",sorry i ll call later ok bye,0
PRIVATE! Your 2003 Account Statement for 078,private your [num] account statement for [num],1
"Yep, by the pretty sculpture",yep by the pretty sculpture,0
I'm on da bus going home...,i m on da bus going home,0
You still around? Looking to pick up later,you still around looking to pick up later,0
When can ü come out?,when can come out,0
GENT! We are trying to contact you. Last weekends draw shows that you won a £1000 prize GUARANTEED. Call 09064012160. Claim Code K52. Valid 12hrs only. 150ppm ,gent we are trying to contact you last weekends draw shows that you won a [num] prize guaranteed call [num] claim code k [num] valid [num] hrs only [num] ppm,1
You are right. Meanwhile how's project twins comin up,you are right meanwhile how s project twins comin up,0
"Hey babe, how's it going ? Did you ever figure out where your going for New Years ?",hey babe how s it going did you ever figure out where your going for new years,0
Then mum's repent how?,then mum s repent how,0
"Carlos is down but I have to pick it up from him, so I'll swing by usf in a little bit",carlos is down but i have to pick it up from him so i ll swing by usf in a little bit,0
Unfortunately i've just found out that we have to pick my sister up from the airport that evening so don't think i'll be going out at all. We should try to go out one of th,unfortunately i ve just found out that we have to pick my sister up from the airport that evening so don t think i ll be going out at all we should try to go out one of th,0
Sorry me going home first... Daddy come fetch ü later...,sorry me going home first daddy come fetch later,0
Yup. Wun believe wat? U really neva c e msg i sent shuhui?,yup wun believe wat u really neva c e msg i sent shuhui,0
All will come alive.better correct any good looking figure there itself..,all will come alive better correct any good looking figure there itself,0
Xy trying smth now. U eat already? We havent...,xy trying smth now u eat already we havent,0
Had your mobile 11mths ? Update for FREE to Oranges latest colour camera mobiles & unlimited weekend calls. Call Mobile Upd8 on freefone 08000839402 or 2StopTx,had your mobile [num] mths update for free to oranges latest colour camera mobiles unlimited weekend calls call mobile upd [num] on freefone [num] or [num] stoptx,1
Dai i downloaded but there is only exe file which i can only run that exe after installing.,dai i downloaded but there is only exe file which i can only run that exe after installing,0
"Sorry sir, i will call you tomorrow.  senthil.hsbc",sorry sir i will call you tomorrow senthil hsbc,0
No need lar i go engin? Cos my sis at arts today...,no need lar i go engin cos my sis at arts today,0
"Neither [in sterm voice] - i'm studying. All fine with me! Not sure the  thing will be resolved, tho. Anyway. Have a fab hols",neither [in sterm voice] i m studying all fine with me not sure the thing will be resolved tho anyway have a fab hols,0
"I'm not coming over, do whatever you want",i m not coming over do whatever you want,0
"Sure, if I get an acknowledgement from you that it's astoundingly tactless and generally faggy to demand a blood oath fo",sure if i get an acknowledgement from you that it s astoundingly tactless and generally faggy to demand a blood oath fo,0
Okey dokey swashbuckling stuff what oh.,okey dokey swashbuckling stuff what oh,0
"K, makes sense, btw carlos is being difficult so you guys are gonna smoke while I go pick up the second batch and get gas",k makes sense btw carlos is being difficult so you guys are gonna smoke while i go pick up the second batch and get gas,0
Oops I was in the shower when u called. Hey a parking garage collapsed at university hospital. See I'm not crazy. Stuff like that DOES happen.,oops i was in the shower when u called hey a parking garage collapsed at university hospital see i m not crazy stuff like that does happen,0
"Hey, can you tell me blake's address? Carlos wanted me to meet him there but I got lost and he's not answering his phone",hey can you tell me blake s address carlos wanted me to meet him there but i got lost and he s not answering his phone,0
Saw Guys and Dolls last night with Patrick Swayze it was great,saw guys and dolls last night with patrick swayze it was great,0
"Beautiful tomorrow never comes.. When it comes, it's already TODAY.. In the hunt of beautiful tomorrow don't waste your wonderful TODAY.. GOODMORNING:)",beautiful tomorrow never comes when it comes it s already today in the hunt of beautiful tomorrow don t waste your wonderful today goodmorning,0
I want kfc its Tuesday. Only buy 2 meals ONLY 2. No gravy. Only 2 Mark. 2!,i want kfc its tuesday only buy [num] meals only [num] no gravy only [num] mark [num],0
"Sorry, I'll call later",sorry i ll call later,0
we tried to contact you re your response to our offer of a new nokia fone and camcorder hit reply or call 08000930705 for delivery,we tried to contact you re your response to our offer of a new nokia fone and camcorder hit reply or call [num] for delivery,1
"Ah, well that confuses things, doesn‘t it?",ah well that confuses things doesn t it,0
I think you should go the honesty road. Call the bank tomorrow. Its the tough decisions that make us great people.,i think you should go the honesty road call the bank tomorrow its the tough decisions that make us great people,0
Sorry I missed your call let's talk when you have the time. I'm on 07090201529,sorry i missed your call let s talk when you have the time i m on [num],1
"Sir, waiting for your letter.",sir waiting for your letter,0
K I'll be there before 4.,k i ll be there before [num],0
Your opinion about me? 1. Over 2. Jada 3. Kusruthi 4. Lovable 5. Silent 6. Spl character 7. Not matured 8. Stylish 9. Simple Pls reply..,your opinion about me [num] over [num] jada [num] kusruthi [num] lovable [num] silent [num] spl character [num] not matured [num] stylish [num] simple pls reply,0
"Cool, want me to go to kappa or should I meet you outside mu",cool want me to go to kappa or should i meet you outside mu,0
I will reach ur home in  &lt;#&gt;  minutes,i will reach ur home in lt gt minutes,0
soon you will have the real thing princess! Do i make you wet? :),soon you will have the real thing princess do i make you wet,0
Those cocksuckers. If it makes you feel better ipads are worthless garbage novelty items and you should feel bad for even wanting one,those cocksuckers if it makes you feel better ipads are worthless garbage novelty items and you should feel bad for even wanting one,0
"Aight, I'll ask a few of my roommates",aight i ll ask a few of my roommates,0
PRIVATE! Your 2003 Account Statement for shows 800 un-redeemed S. I. M. points. Call 08719899230 Identifier Code: 41685 Expires 07/11/04,private your [num] account statement for shows [num] un redeemed s i m points call [num] identifier code [num] expires [num] [num] [num],1
Someonone you know is trying to contact you via our dating service! To find out who it could be call from your mobile or landline 09064015307 BOX334SK38ch ,someonone you know is trying to contact you via our dating service to find out who it could be call from your mobile or landline [num] box [num] sk [num] ch,1
"Sorry, left phone upstairs. OK, might be hectic but would be all my birds with one fell swoop. It's a date.",sorry left phone upstairs ok might be hectic but would be all my birds with one fell swoop it s a date,0
You have won a Nokia 7250i. This is what you get when you win our FREE auction. To take part send Nokia to 86021 now. HG/Suite342/2Lands Row/W1JHL 16+,you have won a nokia [num] i this is what you get when you win our free auction to take part send nokia to [num] now hg suite [num] [num] lands row w [num] jhl [num],1
Left dessert. U wan me 2 go suntec look 4 u?,left dessert u wan me [num] go suntec look [num] u,0
Maybe i could get book out tomo then return it immediately ..? Or something.,maybe i could get book out tomo then return it immediately or something,0
Hows the pain dear?y r u smiling?,hows the pain dear y r u smiling,0
Hi my email address has changed now it is ,hi my email address has changed now it is,0
Are you in castor? You need to see something,are you in castor you need to see something,0
Haven't heard anything and he's not answering my texts so I'm guessing he flaked. That said the jb is fantastic,haven t heard anything and he s not answering my texts so i m guessing he flaked that said the jb is fantastic,0
"Oh, my love, it's soooo good to hear from you. Omg I missed you so much today. I'm sorry your having problems with the provider but thank you for tming me",oh my love it s soooo good to hear from you omg i missed you so much today i m sorry your having problems with the provider but thank you for tming me,0
"Had the money issue weigh me down but thanks to you, I can breathe easier now. I.ll make sure you dont regret it. Thanks.",had the money issue weigh me down but thanks to you i can breathe easier now i ll make sure you dont regret it thanks,0
That sucks. So what do you got planned for your yo valentine? I am your yo valentine aren't I?,that sucks so what do you got planned for your yo valentine i am your yo valentine aren t i,0
Do you know where my lab goggles went,do you know where my lab goggles went,0
He's an adult and would learn from the experience. There's no real danger. I just dont like peeps using drugs they dont need. But no comment,he s an adult and would learn from the experience there s no real danger i just dont like peeps using drugs they dont need but no comment,0
"It doesnt make sense to take it there unless its free. If you need to know more, wikipedia.com",it doesnt make sense to take it there unless its free if you need to know more wikipedia com,0
I'm ok wif it cos i like 2 try new things. But i scared u dun like mah. Cos u said not too loud.,i m ok wif it cos i like [num] try new things but i scared u dun like mah cos u said not too loud,0
URGENT! Your Mobile number has been awarded with a £2000 prize GUARANTEED. Call 09058094454 from land line. Claim 3030. Valid 12hrs only,urgent your mobile number has been awarded with a [num] prize guaranteed call [num] from land line claim [num] valid [num] hrs only,1
We tried to contact you re your reply to our offer of a Video Handset? 750 anytime any networks mins? UNLIMITED TEXT? Camcorder? Reply or call 08000930705 NOW,we tried to contact you re your reply to our offer of a video handset [num] anytime any networks mins unlimited text camcorder reply or call [num] now,1
 what number do u live at? Is it 11?,what number do u live at is it [num],0
Yeah I'll try to scrounge something up,yeah i ll try to scrounge something up,0
Oh :-)only 4 outside players allowed to play know,oh only [num] outside players allowed to play know,0
I'd like to tell you my deepest darkest fantasies. Call me 09094646631 just 60p/min. To stop texts call 08712460324 (nat rate),i d like to tell you my deepest darkest fantasies call me [num] just [num] p min to stop texts call [num] nat rate,1
No objection. My bf not coming.,no objection my bf not coming,0
"Don't worry though, I understand how important it is that I be put in my place with a poorly thought out punishment in the face of the worst thing that has ever happened to me. Brb gonna go kill myself",don t worry though i understand how important it is that i be put in my place with a poorly thought out punishment in the face of the worst thing that has ever happened to me brb gonna go kill myself,0
"The world is running and i am still.maybe all are feeling the same,so be it.or i have to admit,i am mad.then where is the correction?or let me call this is life.and keep running with the world,may be u r also running.lets run.",the world is running and i am still maybe all are feeling the same so be it or i have to admit i am mad then where is the correction or let me call this is life and keep running with the world may be u r also running lets run,0
Sorry. You never hear unless you book it. One was kinda a joke--thet were really looking for skinny white girls. The other was one line--you can only do so much on camera with that. Something like that they're casting on the look.,sorry you never hear unless you book it one was kinda a joke thet were really looking for skinny white girls the other was one line you can only do so much on camera with that something like that they re casting on the look,0
I'm awake oh. What's up.,i m awake oh what s up,0
"Did you hear about the new ""Divorce Barbie""? It comes with all of Ken's stuff!",did you hear about the new divorce barbie it comes with all of ken s stuff,1
"Damn, poor zac doesn't stand a chance",damn poor zac doesn t stand a chance,0
I send the print  outs da.,i send the print outs da,0
Please leave this topic..sorry for telling that..,please leave this topic sorry for telling that,0
What's ur pin?,what s ur pin,0
Where are the garage keys? They aren't on the bookshelf,where are the garage keys they aren t on the bookshelf,0
Which is weird because I know I had it at one point,which is weird because i know i had it at one point,0
Of course ! Don't tease me ... You know I simply must see ! *grins* ... Do keep me posted my prey ... *loving smile* *devouring kiss*,of course don t tease me you know i simply must see grins do keep me posted my prey loving smile devouring kiss,0
Okay but i thought you were the expert,okay but i thought you were the expert,0
Then ur sis how?,then ur sis how,0
Jus came back fr lunch wif my sis only. U leh?,jus came back fr lunch wif my sis only u leh,0
No da..today also i forgot..,no da today also i forgot,0
"No, I decided that only people who care about stuff vote and caring about stuff is for losers",no i decided that only people who care about stuff vote and caring about stuff is for losers,0
Fuck cedar key and fuck her (come over anyway tho),fuck cedar key and fuck her come over anyway tho,0
Oh:)as usual vijay film or its different?,oh as usual vijay film or its different,0
"Come to me right now, Ahmad",come to me right now ahmad,0
Congrats! Nokia 3650 video camera phone is your Call 09066382422 Calls cost 150ppm Ave call 3mins vary from mobiles 16+ Close 300603 post BCM4284 Ldn WC1N3XX,congrats nokia [num] video camera phone is your call [num] calls cost [num] ppm ave call [num] mins vary from mobiles [num] close [num] post bcm [num] ldn wc [num] n [num] xx,1
Fine am simply sitting.,fine am simply sitting,0
"No my blankets are sufficient, thx",no my blankets are sufficient thx,0
Ok then u tell me wat time u coming later lor.,ok then u tell me wat time u coming later lor,0
"Short But Cute : "" Be a good person , but dont try to prove"" ..... Gud mrng...",short but cute be a good person but dont try to prove gud mrng,0
Todays Voda numbers ending 7548 are selected to receive a $350 award. If you have a match please call 08712300220 quoting claim code 4041 standard rates app,todays voda numbers ending [num] are selected to receive a [num] award if you have a match please call [num] quoting claim code [num] standard rates app,1
"K, text me when you're on the way",k text me when you re on the way,0
Nothing but we jus tot u would ask cos u ba gua... But we went mt faber yest... Yest jus went out already mah so today not going out... Jus call lor...,nothing but we jus tot u would ask cos u ba gua but we went mt faber yest yest jus went out already mah so today not going out jus call lor,0
Havent.,havent,0
"Good! No, don‘t need any receipts—well done! (…) Yes, please tell . What‘s her number, i could ring her",good no don t need any receipts well done yes please tell what s her number i could ring her,0
"That's cool he'll be here all night, lemme know when you're around",that s cool he ll be here all night lemme know when you re around,0
Yes watching footie but worried we're going to blow it - Phil Neville?,yes watching footie but worried we re going to blow it phil neville,0
Feel Yourself That You Are Always Happy.. Slowly It Becomes Your Habit &amp; Finally It Becomes Part Of Your Life.. Follow It.. Happy Morning &amp; Have A Happy Day:),feel yourself that you are always happy slowly it becomes your habit amp finally it becomes part of your life follow it happy morning amp have a happy day,0
May i call You later Pls,may i call you later pls,0
I pocked you up there before,i pocked you up there before,0
Yes i have. So that's why u texted. Pshew...missing you so much,yes i have so that s why u texted pshew missing you so much,0
"Hey chief, can you give me a bell when you get this. Need to talk to you about this royal visit on the 1st june. ",hey chief can you give me a bell when you get this need to talk to you about this royal visit on the [num] st june,0
"Bored of speed dating? Try SPEEDCHAT, txt SPEEDCHAT to 80155, if you don't like em txt SWAP and get a new chatter! Chat80155 POBox36504W45WQ 150p/msg rcd 16",bored of speed dating try speedchat txt speedchat to [num] if you don t like em txt swap and get a new chatter chat [num] pobox [num] w [num] wq [num] p msg rcd [num],1
Lol boo I was hoping for a laugh,lol boo i was hoping for a laugh,0
4mths half price Orange line rental & latest camera phones 4 FREE. Had your phone 11mths ? Call MobilesDirect free on 08000938767 to update now! or2stoptxt,[num] mths half price orange line rental latest camera phones [num] free had your phone [num] mths call mobilesdirect free on [num] to update now or [num] stoptxt,1
Camera - You are awarded a SiPix Digital Camera! call 09061221066 fromm landline. Delivery within 28 days.,camera you are awarded a sipix digital camera call [num] fromm landline delivery within [num] days,1
Where are you call me.,where are you call me,0
Dear Dave this is your final notice to collect your 4* Tenerife Holiday or #5000 CASH award! Call 09061743806 from landline. TCs SAE Box326 CW25WX 150ppm,dear dave this is your final notice to collect your [num] tenerife holiday or [num] cash award call [num] from landline tcs sae box [num] cw [num] wx [num] ppm,1
Call to the number which is available in appointment. And ask to connect the call to waheed fathima.,call to the number which is available in appointment and ask to connect the call to waheed fathima,0
Go where n buy? Juz buy when we get there lar.,go where n buy juz buy when we get there lar,0
"St andre, virgil's cream",st andre virgil s cream,0
Lmao!nice 1,lmao nice [num],0
"K, I might come by tonight then if my class lets out early",k i might come by tonight then if my class lets out early,0
Keep my payasam there if rinu brings,keep my payasam there if rinu brings,0
Buzzzz! *grins* Did I buzz your ass? Buzz your chest ? Buzz your cock ? Where do you keep your phone ? Is the vibrator on ? Did you feel it shake ?,buzzzz grins did i buzz your ass buzz your chest buzz your cock where do you keep your phone is the vibrator on did you feel it shake,0
Probably a couple hours tops,probably a couple hours tops,0
Dear i have reache room,dear i have reache room,0
"Bloody hell, cant believe you forgot my surname Mr . Ill give u a clue, its spanish and begins with m... ",bloody hell cant believe you forgot my surname mr ill give u a clue its spanish and begins with m,0
"My life Means a lot to me, Not because I love my life, But because I love the people in my life, The world calls them friends, I call them my World:-).. Ge:-)..",my life means a lot to me not because i love my life but because i love the people in my life the world calls them friends i call them my world ge,0
How come it takes so little time for a child who is afraid of the dark to become a teenager who wants to stay out all night?,how come it takes so little time for a child who is afraid of the dark to become a teenager who wants to stay out all night,1
"Hello my boytoy ... Geeee I miss you already and I just woke up. I wish you were here in bed with me, cuddling me. I love you ...",hello my boytoy geeee i miss you already and i just woke up i wish you were here in bed with me cuddling me i love you,0
Thats cool! I am a gentleman and will treat you with dignity and respect.,thats cool i am a gentleman and will treat you with dignity and respect,0
The monthly amount is not that terrible and you will not pay anything till 6months after finishing school.,the monthly amount is not that terrible and you will not pay anything till [num] months after finishing school,0
No sir. That's why i had an 8-hr trip on the bus last week. Have another audition next wednesday but i think i might drive this time.,no sir that s why i had an [num] hr trip on the bus last week have another audition next wednesday but i think i might drive this time,0
Wishing you a beautiful day. Each moment revealing even more things to keep you smiling. Do enjoy it.,wishing you a beautiful day each moment revealing even more things to keep you smiling do enjoy it,0
Not sure I have the stomach for it ...,not sure i have the stomach for it,0
CHEERS U TEX MECAUSE U WEREBORED! YEAH OKDEN HUNNY R UIN WK SAT?SOUNDS LIKEYOUR HAVIN GR8FUN J! KEEP UPDAT COUNTINLOTS OF LOVEME XXXXX.,cheers u tex mecause u werebored yeah okden hunny r uin wk sat sound s likeyour havin gr [num] fun j keep updat countinlots of loveme xxxxx,0
Are you planning to come chennai?,are you planning to come chennai,0
What about this one then.,what about this one then,0
Congratulations ur awarded 500 of CD vouchers or 125gift guaranteed & Free entry 2 100 wkly draw txt MUSIC to 87066 TnCs www.Ldew.com1win150ppmx3age16,congratulations ur awarded [num] of cd vouchers or [num] gift guaranteed free entry [num] [num] wkly draw txt music to [num] tncs [url],1
Will you be here for food,will you be here for food,0
I'm in school now n i'll be in da lab doing some stuff give me a call when ü r done.,i m in school now n i ll be in da lab doing some stuff give me a call when r done,0
I wish things were different. I wonder when i will be able to show you how much i value you. Pls continue the brisk walks no drugs without askin me please and find things to laugh about. I love you dearly.,i wish things were different i wonder when i will be able to show you how much i value you pls continue the brisk walks no drugs without askin me please and find things to laugh about i love you dearly,0
You're gonna have to be way more specific than that,you re gonna have to be way more specific than that,0
"Goodmorning,my grandfather expired..so am on leave today.",goodmorning my grandfather expired so am on leave today,0
Yup n her fren lor. I'm meeting my fren at 730.,yup n her fren lor i m meeting my fren at [num],0
We tried to contact you re your reply to our offer of a Video Phone 750 anytime any network mins Half Price Line Rental Camcorder Reply or call 08000930705,we tried to contact you re your reply to our offer of a video phone [num] anytime any network mins half price line rental camcorder reply or call [num],1
Hey happy birthday...,hey happy birthday,0
I come n pick ü up... Come out immediately aft ur lesson...,i come n pick up come out immediately aft ur lesson,0
Sunshine Quiz Wkly Q! Win a top Sony DVD player if u know which country the Algarve is in? Txt ansr to 82277. £1.50 SP:Tyrone,sunshine quiz wkly q win a top sony dvd player if u know which country the algarve is in txt ansr to [num] [num] [num] sp tyrone,1
SORRY IM STIL FUCKED AFTER LAST NITE WENT TOBED AT 430 GOT UP 4 WORK AT 630,sorry im stil fucked after last nite went tobed at [num] got up [num] work at [num],0
"Poyyarikatur,kolathupalayam,unjalur post,erode dis, &lt;#&gt; .",poyyarikatur kolathupalayam unjalur post erode dis lt gt,0
"Cool, text me when you head out",cool text me when you head out,0
You tell what happen dont behave like this to me. Ok no need to say,you tell what happen dont behave like this to me ok no need to say,0
Get down in gandhipuram and walk to cross cut road. Right side &lt;#&gt; street road and turn at first right.,get down in gandhipuram and walk to cross cut road right side lt gt street road and turn at first right,0
Lol for real. She told my dad I have cancer,lol for real she told my dad i have cancer,0
"Got what it takes 2 take part in the WRC Rally in Oz? U can with Lucozade Energy! Text RALLY LE to 61200 (25p), see packs or lucozade.co.uk/wrc & itcould be u!",got what it takes [num] take part in the wrc rally in oz u can with lucozade energy text rally le to [num] [num] p see packs or lucozade co uk wrc itcould be u,1
Old Orchard near univ. How about you?,old orchard near univ how about you,0
When did i use soc... I use it only at home... Ü dunno how 2 type it in word ar...,when did i use soc i use it only at home dunno how [num] type it in word ar,0
PRIVATE! Your 2004 Account Statement for 07742676969 shows 786 unredeemed Bonus Points. To claim call 08719180248 Identifier Code: 45239 Expires,private your [num] account statement for [num] shows [num] unredeemed bonus points to claim call [num] identifier code [num] expires,1
"You at mu? You should try to figure out how much money everyone has for gas and alcohol, jay and I are trying to figure out our weed budget",you at mu you should try to figure out how much money everyone has for gas and alcohol jay and i are trying to figure out our weed budget,0
Can u get pic msgs to your phone?,can u get pic msgs to your phone,0
Lil fever:) now fine:),lil fever now fine,0
You are not bothering me but you have to trust my answers. Pls.,you are not bothering me but you have to trust my answers pls,0
So u gonna get deus ex?,so u gonna get deus ex,0
Thanks a lot for your wishes on my birthday. Thanks you for making my birthday truly memorable.,thanks a lot for your wishes on my birthday thanks you for making my birthday truly memorable,0
"Nope. Since ayo travelled, he has forgotten his guy",nope since ayo travelled he has forgotten his guy,0
Sometimes Heart Remembrs someone Very much... Forgets someone soon... Bcoz Heart will not like everyone. But liked ones will be Remembered Everytime... BSLVYL,sometimes heart remembrs someone very much forgets someone soon bcoz heart will not like everyone but liked ones will be remembered everytime bslvyl,0
If i start sending blackberry torch to nigeria will you find buyer for me?like 4a month. And tell dad not to buy bb from anyone oh.,if i start sending blackberry torch to nigeria will you find buyer for me like [num] a month and tell dad not to buy bb from anyone oh,0
Still i have not checked it da. . .,still i have not checked it da,0
FREE for 1st week! No1 Nokia tone 4 ur mob every week just txt NOKIA to 8007 Get txting and tell ur mates www.getzed.co.uk POBox 36504 W45WQ norm150p/tone 16+,free for [num] st week no [num] nokia tone [num] ur mob every week just txt nokia to [num] get txting and tell ur mates [url] pobox [num] w [num] wq norm [num] p tone [num],1
"Hi ya babe x u 4goten bout me?' scammers getting smart..Though this is a regular vodafone no, if you respond you get further prem rate msg/subscription. Other nos used also. Beware!",hi ya babe x u [num] goten bout me scammers getting smart though this is a regular vodafone no if you respond you get further prem rate msg subscription other nos used also beware,1
"Yo, call me when you get the chance, a friend of mine wanted me to ask you about a big order",yo call me when you get the chance a friend of mine wanted me to ask you about a big order,0
"Gr8 Poly tones 4 ALL mobs direct 2u rply with POLY TITLE to 8007 eg POLY BREATHE1 Titles: CRAZYIN, SLEEPINGWITH, FINEST, YMCA :getzed.co.uk POBox365O4W45WQ 300p",gr [num] poly tones [num] all mobs direct [num] u rply with poly title to [num] eg poly breathe [num] titles crazyin sleepingwith finest ymca getzed co uk pobox [num] o [num] w [num] wq [num] p,1
Wot is u up 2 then bitch?,wot is u up [num] then bitch,0
I am great! How are you?,i am great how are you,0
CHEERS FOR CALLIN BABE.SOZI CULDNT TALKBUT I WANNATELL U DETAILS LATER WENWECAN CHAT PROPERLY X,cheers for callin babe sozi culdnt talkbut i wannatell u details later wenwecan chat properly x,0
Ü dun wan to watch infernal affair?,dun wan to watch infernal affair,0
I've sent my wife your text. After we buy them she'll tell you what to do. So just relax. We should go get them this wkend.,i ve sent my wife your text after we buy them she ll tell you what to do so just relax we should go get them this wkend,0
Great. I was getting worried about you. Just know that a wonderful and caring person like you will have only the best in life. Know that u r wonderful and God's love is yours.,great i was getting worried about you just know that a wonderful and caring person like you will have only the best in life know that u r wonderful and god s love is yours,0
Lol yes. Our friendship is hanging on a thread cause u won't buy stuff.,lol yes our friendship is hanging on a thread cause u won t buy stuff,0
How did you find out in a way that didn't include all of these details,how did you find out in a way that didn t include all of these details,0
So wat's da decision?,so wat s da decision,0
Collect your VALENTINE'S weekend to PARIS inc Flight & Hotel + £200 Prize guaranteed! Text: PARIS to No: 69101. www.rtf.sphosting.com,collect your valentine s weekend to paris inc flight hotel [num] prize guaranteed text paris to no [num] [url],1
Cashbin.co.uk (Get lots of cash this weekend!) www.cashbin.co.uk Dear Welcome to the weekend We have got our biggest and best EVER cash give away!! These..,cashbin co uk get lots of cash this weekend [url] dear welcome to the weekend we have got our biggest and best ever cash give away these,1
I will send them to your email. Do you mind  &lt;#&gt;  times per night?,i will send them to your email do you mind lt gt times per night,0
I have no money 4 steve mate! !,i have no money [num] steve mate,0
Dunno leh cant remember mayb lor. So wat time r we meeting tmr?,dunno leh cant remember mayb lor so wat time r we meeting tmr,0
Ü only send me the contents page...,only send me the contents page,0
"Thank you so much. When we skyped wit kz and sura, we didnt get the pleasure of your company. Hope you are good. We've given you ultimatum oh! We are countin down to aburo. Enjoy!",thank you so much when we skyped wit kz and sura we didnt get the pleasure of your company hope you are good we ve given you ultimatum oh we are countin down to aburo enjoy,0
Have you always been saying welp?,have you always been saying welp,0
IMPORTANT INFORMATION 4 ORANGE USER 0796XXXXXX. TODAY IS UR LUCKY DAY!2 FIND OUT WHY LOG ONTO http://www.urawinner.com THERE'S A FANTASTIC PRIZEAWAITING YOU!,important information [num] orange user [num] xxxxxx today is ur lucky day [num] find out why log onto [url] there s a fantastic prizeawaiting you,1
"A cute thought for friendship: ""Its not necessary to share every secret with ur close Frnd, but watever u shared should be true""....",a cute thought for friendship its not necessary to share every secret with ur close frnd but watever u shared should be true,0
You're not sure that I'm not trying to make xavier smoke because I don't want to smoke after being told I smoke too much?,you re not sure that i m not trying to make xavier smoke because i don t want to smoke after being told i smoke too much,0
Mum not going robinson already.,mum not going robinson already,0
"500 New Mobiles from 2004, MUST GO! Txt: NOKIA to No: 89545 & collect yours today!From ONLY £1 www.4-tc.biz 2optout 087187262701.50gbp/mtmsg18 TXTAUCTION",[num] new mobiles from [num] must go txt nokia to no [num] collect yours today from only [num] [url] [num] optout [num] [num] gbp mtmsg [num] txtauction,1
Cancel cheyyamo?and get some money back?,cancel cheyyamo and get some money back,0
I emailed yifeng my part oredi.. Can ü get it fr him..,i emailed yifeng my part oredi can get it fr him,0
Unni thank you dear for the recharge..Rakhesh,unni thank you dear for the recharge rakhesh,0
2p per min to call Germany 08448350055 from your BT line. Just 2p per min. Check PlanetTalkInstant.com for info & T's & C's. Text stop to opt out,[num] p per min to call germany [num] from your bt line just [num] p per min check planettalkinstant com for info t s c s text stop to opt out,1
"Update_Now - Xmas Offer! Latest Motorola, SonyEricsson & Nokia & FREE Bluetooth! Double Mins & 1000 Txt on Orange. Call MobileUpd8 on 08000839402 or call2optout/F4Q=",update now xmas offer latest motorola sonyericsson nokia free bluetooth double mins [num] txt on orange call mobileupd [num] on [num] or call [num] optout f [num] q,1
No 1 POLYPHONIC tone 4 ur mob every week! Just txt PT2 to 87575. 1st Tone FREE ! so get txtin now and tell ur friends. 150p/tone. 16 reply HL 4info,no [num] polyphonic tone [num] ur mob every week just txt pt [num] to [num] [num] st tone free so get txtin now and tell ur friends [num] p tone [num] reply hl [num] info,1
Okay same with me. Well thanks for the clarification,okay same with me well thanks for the clarification,0
Yup i'm still having coffee wif my frens... My fren drove she'll give me a lift...,yup i m still having coffee wif my frens my fren drove she ll give me a lift,0
I wish that I was with you. Holding you tightly. Making you see how important you are. How much you mean to me ... How much I need you ... In my life ...,i wish that i was with you holding you tightly making you see how important you are how much you mean to me how much i need you in my life,0
I know you are. Can you pls open the back?,i know you are can you pls open the back,0
Kind of. Took it to garage. Centre part of exhaust needs replacing. Part ordered n taking it to be fixed tomo morning.,kind of took it to garage centre part of exhaust needs replacing part ordered n taking it to be fixed tomo morning,0
Are you still playing with gautham?,are you still playing with gautham,0
"Dear relieved of westonzoyland, all going to plan this end too!",dear relieved of westonzoyland all going to plan this end too,0
U can call now...,u can call now,0
Pls give her prometazine syrup. 5mls then  &lt;#&gt; mins later feed.,pls give her prometazine syrup [num] mls then lt gt mins later feed,0
A £400 XMAS REWARD IS WAITING FOR YOU! Our computer has randomly picked you from our loyal mobile customers to receive a £400 reward. Just call 09066380611 ,a [num] xmas reward is waiting for you our computer has randomly picked you from our loyal mobile customers to receive a [num] reward just call [num],1
85233 FREE>Ringtone!Reply REAL,[num] free ringtone reply real,1
Good night. Am going to sleep.,good night am going to sleep,0
"The house is on the water with a dock, a boat rolled up with a newscaster who dabbles in jazz flute behind the wheel",the house is on the water with a dock a boat rolled up with a newscaster who dabbles in jazz flute behind the wheel,0
Ok leave no need to ask,ok leave no need to ask,0
I'm in a movie... Collect car oredi...,i m in a movie collect car oredi,0
Ok lor... Or u wan me go look 4 u?,ok lor or u wan me go look [num] u,0
"Haven't seen my facebook, huh? Lol!",haven t seen my facebook huh lol,0
I was just callin to say hi. Take care bruv!,i was just callin to say hi take care bruv,0
I'm in class. Did you get my text.,i m in class did you get my text,0
Baaaaabe! I misss youuuuu ! Where are you ? I have to go and teach my class at 5 ...,baaaaabe i misss youuuuu where are you i have to go and teach my class at [num],0
Howz pain?hope u r fine..,howz pain hope u r fine,0
"It wont b until 2.15 as trying 2 sort house out, is that ok?",it wont b until [num] [num] as trying [num] sort house out is that ok,0
I'm serious. You are in the money base,i m serious you are in the money base,0
Still at west coast... Haiz... Ü'll take forever to come back...,still at west coast haiz ll take forever to come back,0
"&lt;#&gt; %of pple marry with their lovers... becz they hav gud undrstndng dat avoids problems. i sent dis 2 u, u wil get gud news on friday by d person you like. And tomorrow will be the best day of your life. Dont break this chain. If you break you will suffer. send this to  &lt;#&gt;  frnds in &lt;#&gt;  mins whn u read...",lt gt of pple marry with their lovers becz they hav gud undrstndng dat avoids problems i sent dis [num] u u wil get gud news on friday by d person you like and tomorrow will be the best day of your life dont break this chain if you break you will suffer send this to lt gt frnds in lt gt mins whn u read,0
Asking do u knw them or nt? May be ur frnds or classmates?,asking do u knw them or nt may be ur frnds or classmates,0
That sucks. I'll go over so u can do my hair. You'll do it free right?,that sucks i ll go over so u can do my hair you ll do it free right,0
Ok anyway no need to change with what you said,ok anyway no need to change with what you said,0
Moji just informed me that you saved our lives. Thanks.,moji just informed me that you saved our lives thanks,0
I don't want you to leave. But i'm barely doing what i can to stay sane. fighting with you constantly isn't helping.,i don t want you to leave but i m barely doing what i can to stay sane fighting with you constantly isn t helping,0
"No dice, art class 6 thru 9 :( thanks though. Any idea what time I should come tomorrow?",no dice art class [num] thru [num] thanks though any idea what time i should come tomorrow,0
Of cos can lar i'm not so ba dao ok... 1 pm lor... Y u never ask where we go ah... I said u would ask on fri but he said u will ask today...,of cos can lar i m not so ba dao ok [num] pm lor y u never ask where we go ah i said u would ask on fri but he said u will ask today,0
A bloo bloo bloo I'll miss the first bowl,a bloo bloo bloo i ll miss the first bowl,0
I'll let you know when it kicks in,i ll let you know when it kicks in,0
Hello. We need some posh birds and chaps to user trial prods for champneys. Can i put you down? I need your address and dob asap. Ta r,hello we need some posh birds and chaps to user trial prods for champneys can i put you down i need your address and dob asap ta r,1
"Huh... Hyde park not in mel ah, opps, got confused... Anyway, if tt's e best choice den we juz have to take it...",huh hyde park not in mel ah opps got confused anyway if tt s e best choice den we juz have to take it,0
"Ya, i'm referin to mei's ex wat... No ah, waitin 4 u to treat, somebody shld b rich liao...So gd, den u dun have to work frm tmr onwards...",ya i m referin to mei s ex wat no ah waitin [num] u to treat somebody shld b rich liao so gd den u dun have to work frm tmr onwards,0
Where do you need to go to get it?,where do you need to go to get it,0
My stomach has been thru so much trauma I swear I just can't eat. I better lose weight.,my stomach has been thru so much trauma i swear i just can t eat i better lose weight,0
"Sorry that took so long, omw now",sorry that took so long omw now,0
You still around? I could use a half-8th,you still around i could use a half [num] th,0
No. But we'll do medical missions to nigeria,no but we ll do medical missions to nigeria,0
Surly ill give it to you:-) while coming to review.,surly ill give it to you while coming to review,0
"URGENT! Your Mobile No. was awarded £2000 Bonus Caller Prize on 5/9/03 This is our final try to contact U! Call from Landline 09064019788 BOX42WR29C, 150PPM",urgent your mobile no was awarded [num] bonus caller prize on [num] [num] [num] this is our final try to contact u call from landline [num] box [num] wr [num] c [num] ppm,1
I wan but too early lei... Me outside now wun b home so early... Neva mind then...,i wan but too early lei me outside now wun b home so early neva mind then,0
"SMS. ac JSco: Energy is high, but u may not know where 2channel it. 2day ur leadership skills r strong. Psychic? Reply ANS w/question. End? Reply END JSCO",sms ac jsco energy is high but u may not know where [num] channel it [num] day ur leadership skills r strong psychic reply ans w question end reply end jsco,1
Lol. Well quality aint bad at all so i aint complaining,lol well quality aint bad at all so i aint complaining,0
I got your back! Do you have any dislikes in bed?,i got your back do you have any dislikes in bed,0
Only if you promise your getting out as SOON as you can. And you'll text me in the morning to let me know you made it in ok.,only if you promise your getting out as soon as you can and you ll text me in the morning to let me know you made it in ok,0
Fine i miss you very much.,fine i miss you very much,0
And by when you're done I mean now,and by when you re done i mean now,0
happened here while you were adventuring,happened here while you were adventuring,0
Send his number and give reply tomorrow morning for why you said that to him like that ok,send his number and give reply tomorrow morning for why you said that to him like that ok,0
"Sorry,  in meeting I'll call you later",sorry in meeting i ll call you later,0
Shall i ask one thing if you dont mistake me.,shall i ask one thing if you dont mistake me,0
I am in bus on the way to calicut,i am in bus on the way to calicut,0
Lol they don't know about my awesome phone. I could click delete right now if I want.,lol they don t know about my awesome phone i could click delete right now if i want,0
"I think your mentor is , but not 100 percent sure.",i think your mentor is but not [num] percent sure,0
I'm not driving... Raining! Then i'll get caught at e mrt station lor.,i m not driving raining then i ll get caught at e mrt station lor,0
Got it..mail panren paru..,got it mail panren paru,0
Oh god. I'm gonna Google nearby cliffs now.,oh god i m gonna google nearby cliffs now,0
"Ahhhh...just woken up!had a bad dream about u tho,so i dont like u right now :) i didnt know anything about comedy night but i guess im up for it.",ahhhh just woken up had a bad dream about u tho so i dont like u right now i didnt know anything about comedy night but i guess im up for it,0
Congratulations U can claim 2 VIP row A Tickets 2 C Blu in concert in November or Blu gift guaranteed Call 09061104276 to claim TS&Cs www.smsco.net cost£3.75max ,congratulations u can claim [num] vip row a tickets [num] c blu in concert in november or blu gift guaranteed call [num] to claim ts cs [url] cost [num] [num] max,1
2/2 146tf150p,[num] [num] [num] tf [num] p,1
o turns out i had stereo love on mi phone under the unknown album.,o turns out i had stereo love on mi phone under the unknown album,0
if you aren't here in the next  &lt;#&gt;  hours imma flip my shit,if you aren t here in the next lt gt hours imma flip my shit,0
Oh yeah! And my diet just flew out the window,oh yeah and my diet just flew out the window,0
BOO BABE! U ENJOYIN YOURJOB? U SEEMED 2 B GETTIN ON WELL HUNNY!HOPE URE OK?TAKE CARE & ILLSPEAK 2U SOONLOTS OF LOVEME XXXX.,boo babe u enjoyin yourjob u seemed [num] b gettin on well hunny hope ure ok take care i llspeak [num] u soonlots of loveme xxxx,0
Well that must be a pain to catch,well that must be a pain to catch,0
"K, can I pick up another 8th when you're done?",k can i pick up another [num] th when you re done,0
"Ela kano.,il download, come wen ur free..",ela kano il download come wen ur free,0
Does she usually take fifteen fucking minutes to respond to a yes or no question,does she usually take fifteen fucking minutes to respond to a yes or no question,0
Lol enjoy role playing much?,lol enjoy role playing much,0
I'm going 4 lunch now wif my family then aft dat i go str 2 orchard lor.,i m going [num] lunch now wif my family then aft dat i go str [num] orchard lor,0
Good day to You too.Pray for me.Remove the teeth as its painful maintaining other stuff.,good day to you too pray for me remove the teeth as its painful maintaining other stuff,0
I'm always on yahoo messenger now. Just send the message to me and i.ll get it you may have to send it in the mobile mode sha but i.ll get it. And will reply.,i m always on yahoo messenger now just send the message to me and i ll get it you may have to send it in the mobile mode sha but i ll get it and will reply,0
"Almost there, see u in a sec",almost there see u in a sec,0
Are you willing to go for aptitude class.,are you willing to go for aptitude class,0
Are you unique enough? Find out from 30th August. www.areyouunique.co.uk,are you unique enough find out from [num] th august [url],1
26th OF JULY,[num] th of july,0
HI BABE U R MOST LIKELY TO BE IN BED BUT IM SO SORRY ABOUT TONIGHT! I REALLY WANNA SEE U TOMORROW SO CALL ME AT 9. LOVE ME XXX,hi babe u r most likely to be in bed but im so sorry about tonight i really wanna see u tomorrow so call me at [num] love me xxx,0
"&lt;#&gt; , that's all? Guess that's easy enough",lt gt that s all guess that s easy enough,0
I'm home.,i m home,0
My uncles in Atlanta. Wish you guys a great semester.,my uncles in atlanta wish you guys a great semester,0
"Wen ur lovable bcums angry wid u, dnt take it seriously.. Coz being angry is d most childish n true way of showing deep affection, care n luv!.. kettoda manda... Have nice day da.",wen ur lovable bcums angry wid u dnt take it seriously coz being angry is d most childish n true way of showing deep affection care n luv kettoda manda have nice day da,0
Not yet had..ya sapna aunty manege y'day hogidhe..chinnu full weak and swalpa black agidhane..,not yet had ya sapna aunty manege y day hogidhe chinnu full weak and swalpa black agidhane,0
"FREE2DAY sexy St George's Day pic of Jordan!Txt PIC to 89080 dont miss out, then every wk a saucy celeb!4 more pics c PocketBabe.co.uk 0870241182716 £3/wk",free [num] day sexy st george s day pic of jordan txt pic to [num] dont miss out then every wk a saucy celeb [num] more pics c pocketbabe co uk [num] [num] wk,1
I think that tantrum's finished so yeah I'll be by at some point,i think that tantrum s finished so yeah i ll be by at some point,0
HI DARLIN I FINISH AT 3 DO U 1 2 PICK ME UP OR MEET ME? TEXT BACK ON THIS NUMBER LUV KATE XXX,hi darlin i finish at [num] do u [num] [num] pick me up or meet me text back on this number luv kate xxx,0
Missing you too.pray inshah allah,missing you too pray inshah allah,0
R ü going 4 today's meeting?,r going [num] today s meeting,0
Its going good...no problem..but still need little experience to understand american customer voice...,its going good no problem but still need little experience to understand american customer voice,0
Siva is in hostel aha:-.,siva is in hostel aha,0
"G says you never answer your texts, confirm/deny",g says you never answer your texts confirm deny,0
Can you do online transaction?,can you do online transaction,0
"SMS SERVICES. for your inclusive text credits, pls goto www.comuk.net login= ***** unsubscribe with STOP. no extra charge. help:08700469649. PO BOX420. IP4 5WE",sms services for your inclusive text credits pls goto [url] login unsubscribe with stop no extra charge help [num] po box [num] ip [num] [num] we,1
"Haha... Sounds crazy, dunno can tahan anot...",haha sounds crazy dunno can tahan anot,0
"500 New Mobiles from 2004, MUST GO! Txt: NOKIA to No: 89545 & collect yours today!From ONLY £1 www.4-tc.biz 2optout 087187262701.50gbp/mtmsg18",[num] new mobiles from [num] must go txt nokia to no [num] collect yours today from only [num] [url] [num] optout [num] [num] gbp mtmsg [num],1
Really good:)dhanush rocks once again:),really good dhanush rocks once again,0
"As in missionary hook up, doggy hook up, standing...|",as in missionary hook up doggy hook up standing,0
Give me a sec to think think about it,give me a sec to think think about it,0
No drama Pls.i have had enough from you and family while i am struggling in the hot sun in a strange place.No reason why there should be an ego of not going 'IF NOT INVITED' when actually its necessity to go.wait for very serious reppurcussions.,no drama pls i have had enough from you and family while i am struggling in the hot sun in a strange place no reason why there should be an ego of not going if not invited when actually its necessity to go wait for very serious reppurcussions,0
Any way where are you and what doing.,any way where are you and what doing,0
Yay! You better not have told that to 5 other girls either.,yay you better not have told that to [num] other girls either,0
 gonna let me know cos comes bak from holiday that day.  is coming. Don't4get2text me  number. ,gonna let me know cos comes bak from holiday that day is coming don t [num] get [num] text me number,0
hope things went well at 'doctors' ;) reminds me i still need 2go.did u c d little thing i left in the lounge?,hope things went well at doctors reminds me i still need [num] go did u c d little thing i left in the lounge,0
Did you get any gift? This year i didnt get anything. So bad,did you get any gift this year i didnt get anything so bad,0
You call him now ok i said call him,you call him now ok i said call him,0
K.i did't see you.:)k:)where are you now?,k i did t see you k where are you now,0
No prob. I will send to your email.,no prob i will send to your email,0
Babe? You said 2 hours and it's been almost 4 ... Is your internet down ?,babe you said [num] hours and it s been almost [num] is your internet down,0
Am watching house – very entertaining – am getting the whole hugh laurie thing – even with the stick – indeed especially with the stick.,am watching house very entertaining am getting the whole hugh laurie thing even with the stick indeed especially with the stick,0
"I'm taking derek &amp; taylor to walmart, if I'm not back by the time you're done just leave the mouse on my desk and I'll text you when priscilla's ready",i m taking derek amp taylor to walmart if i m not back by the time you re done just leave the mouse on my desk and i ll text you when priscilla s ready,0
Oh that was a forwarded message. I thought you send that to me,oh that was a forwarded message i thought you send that to me,0
Not heard from U4 a while. Call 4 rude chat private line 01223585334 to cum. Wan 2C pics of me gettin shagged then text PIX to 8552. 2End send STOP 8552 SAM xxx,not heard from u [num] a while call [num] rude chat private line [num] to cum wan [num] c pics of me gettin shagged then text pix to [num] [num] end send stop [num] sam xxx,1
Thought praps you meant another one. Goodo! I'll look tomorrow ,thought praps you meant another one goodo i ll look tomorrow,0
"Yeah I am, so I'll leave maybe 7ish?",yeah i am so i ll leave maybe [num] ish,0
Then we gotta do it after that,then we gotta do it after that,0
Ill call you evening ill some ideas.,ill call you evening ill some ideas,0
Are your freezing ? Are you home yet ? Will you remember to kiss your mom in the morning? Do you love me ? Do you think of me ? Are you missing me yet ?,are your freezing are you home yet will you remember to kiss your mom in the morning do you love me do you think of me are you missing me yet,0
Let Ur Heart Be Ur Compass Ur Mind Ur Map Ur Soul Ur Guide And U Will Never loose in world....gnun - Sent via WAY2SMS.COM,let ur heart be ur compass ur mind ur map ur soul ur guide and u will never loose in world gnun sent via way [num] sms com,0
Try neva mate!!,try neva mate,0
Lara said she can loan me  &lt;#&gt; .,lara said she can loan me lt gt,0
I am in a marriage function,i am in a marriage function,0
There is no sense in my foot and penis.,there is no sense in my foot and penis,0
Nvm... I'm going to wear my sport shoes anyway... I'm going to be late leh.,nvm i m going to wear my sport shoes anyway i m going to be late leh,0
"Forgot you were working today! Wanna chat, but things are ok so drop me a text when you're free / bored etc and i'll ring. Hope all is well, nose essay and all xx",forgot you were working today wanna chat but things are ok so drop me a text when you re free bored etc and i ll ring hope all is well nose essay and all xx,0
* Am on a train back from northampton so i'm afraid not!,am on a train back from northampton so i m afraid not,0
"It‘s £6 to get in, is that ok?",it s [num] to get in is that ok,0
I‘m going to try for 2 months ha ha only joking,i m going to try for [num] months ha ha only joking,0
Reason is if the team budget is available at last they buy the unsold players for at base rate..,reason is if the team budget is available at last they buy the unsold players for at base rate,0
K.:)you are the only girl waiting in reception ah?,k you are the only girl waiting in reception ah,0
Dunno lei shd b driving lor cos i go sch 1 hr oni.,dunno lei shd b driving lor cos i go sch [num] hr oni,0
Hi 07734396839 IBH Customer Loyalty Offer: The NEW NOKIA6600 Mobile from ONLY £10 at TXTAUCTION!Txt word:START to No:81151 & get Yours Now!4T&,hi [num] ibh customer loyalty offer the new nokia [num] mobile from only [num] at txtauction txt word start to no [num] get yours now [num] t,1
"I guess you could be as good an excuse as any, lol.",i guess you could be as good an excuse as any lol,0
"Perhaps * is much easy give your account identification, so i will tomorrow at UNI",perhaps is much easy give your account identification so i will tomorrow at uni,0
Congratulations ur awarded 500 of CD vouchers or 125gift guaranteed & Free entry 2 100 wkly draw txt MUSIC to 87066,congratulations ur awarded [num] of cd vouchers or [num] gift guaranteed free entry [num] [num] wkly draw txt music to [num],1
Thats cool princess! I will cover your face in hot sticky cum :),thats cool princess i will cover your face in hot sticky cum,0
Hi its me you are probably having too much fun to get this message but i thought id txt u cos im bored! and james has been farting at me all night,hi its me you are probably having too much fun to get this message but i thought id txt u cos im bored and james has been farting at me all night,0
S:)but he had some luck.2 catches put down:),s but he had some luck [num] catches put down,0
Am new 2 club & dont fink we met yet Will B gr8 2 C U Please leave msg 2day wiv ur area 09099726553 reply promised CARLIE x Calls£1/minMobsmore LKPOBOX177HP51FL,am new [num] club dont fink we met yet will b gr [num] [num] c u please leave msg [num] day wiv ur area [num] reply promised carlie x calls [num] minmobsmore lkpobox [num] hp [num] fl,1
"FREE RING TONE just text ""POLYS"" to 87131. Then every week get a new tone. 0870737910216yrs only £1.50/wk.",free ring tone just text polys to [num] then every week get a new tone [num] yrs only [num] [num] wk,1
Do you think i can move  &lt;#&gt;  in a week,do you think i can move lt gt in a week,0
"Hi Shanil,Rakhesh here.thanks,i have exchanged the uncut diamond stuff.leaving back. Excellent service by Dino and Prem.",hi shanil rakhesh here thanks i have exchanged the uncut diamond stuff leaving back excellent service by dino and prem,0
So ü'll be submitting da project tmr rite?,so ll be submitting da project tmr rite,0
Booked ticket for pongal?,booked ticket for pongal,0
"K so am I, how much for an 8th? Fifty?",k so am i how much for an [num] th fifty,0
Can not use foreign stamps in this country.,can not use foreign stamps in this country,0
Super da:)good replacement for murali,super da good replacement for murali,0
I'm in a movie. Call me 4 wat?,i m in a movie call me [num] wat,0
Really dun bluff me leh... U sleep early too. Nite...,really dun bluff me leh u sleep early too nite,0
"FreeMsg Why haven't you replied to my text? I'm Randy, sexy, female and live local. Luv to hear from u. Netcollex Ltd 08700621170150p per msg reply Stop to end",freemsg why haven t you replied to my text i m randy sexy female and live local luv to hear from u netcollex ltd [num] p per msg reply stop to end,1
U dun say so early hor... U c already then say...,u dun say so early hor u c already then say,0
"Go until jurong point, crazy.. Available only in bugis n great world la e buffet... Cine there got amore wat...",go until jurong point crazy available only in bugis n great world la e buffet cine there got amore wat,0
"Arms fine, how's Cardiff and uni? ",arms fine how s cardiff and uni,0
Excellent! Are you ready to moan and scream in ecstasy?,excellent are you ready to moan and scream in ecstasy,0
Cps is causing the outages to conserve energy.,cps is causing the outages to conserve energy,0
"I thought i'd get him a watch, just cos thats the kind of thing u get4an18th. And he loves so much!",i thought i d get him a watch just cos thats the kind of thing u get [num] an [num] th and he loves so much,0
She.s find. I sent you an offline message to know how anjola's now.,she s find i sent you an offline message to know how anjola s now,0
"I'm there and I can see you, but you can't see me ? Maybe you should reboot ym ? I seen the buzz",i m there and i can see you but you can t see me maybe you should reboot ym i seen the buzz,0
Fine. Do you remember me.,fine do you remember me,0
Well i know Z will take care of me. So no worries.,well i know z will take care of me so no worries,0
We are okay. Going to sleep now. Later,we are okay going to sleep now later,0
In meeting da. I will call you,in meeting da i will call you,0
I'm gonna say no. Sorry. I would but as normal am starting to panic about time. Sorry again! Are you seeing on Tuesday?,i m gonna say no sorry i would but as normal am starting to panic about time sorry again are you seeing on tuesday,0
Cant think of anyone with * spare room off * top of my head,cant think of anyone with spare room off top of my head,0
Money i have won wining number 946 wot do i do next,money i have won wining number [num] wot do i do next,1
Hey check it da. I have listed da.,hey check it da i have listed da,0
"Funny fact Nobody teaches volcanoes 2 erupt, tsunamis 2 arise, hurricanes 2 sway aroundn no 1 teaches hw 2 choose a wife Natural disasters just happens",funny fact nobody teaches volcanoes [num] erupt tsunamis [num] arise hurricanes [num] sway aroundn no [num] teaches hw [num] choose a wife natural disasters just happens,0
Already am squatting is the new way of walking,already am squatting is the new way of walking,0
"Aight fuck it, I'll get it later",aight fuck it i ll get it later,0
K.k:)i'm going to tirunelvali this week to see my uncle ..i already spend the amount by taking dress .so only i want money.i will give it on feb 1,k k i m going to tirunelvali this week to see my uncle i already spend the amount by taking dress so only i want money i will give it on feb [num],0
I wont. So wat's wit the guys,i wont so wat s wit the guys,0
S but mostly not like that.,s but mostly not like that,0
No problem. Talk to you later,no problem talk to you later,0
Babe !!!! I LOVE YOU !!!! *covers your face in kisses*,babe i love you covers your face in kisses,0
I'm sick !! I'm needy !! I want you !! *pouts* *stomps feet* Where are you ?! *pouts* *stomps feet* I want my slave !! I want him now !!,i m sick i m needy i want you pouts stomps feet where are you pouts stomps feet i want my slave i want him now,0
What's the significance?,what s the significance,0
Me n him so funny...,me n him so funny,0
"Do you realize that in about 40 years, we'll have thousands of old ladies running around with tattoos?",do you realize that in about [num] years we ll have thousands of old ladies running around with tattoos,1
Can you say what happen,can you say what happen,0
Beerage?,beerage,0
Dnt worry...use ice pieces in a cloth pack.also take 2 tablets.,dnt worry use ice pieces in a cloth pack also take [num] tablets,0
Ok i will tell her to stay out. Yeah its been tough but we are optimistic things will improve this month.,ok i will tell her to stay out yeah its been tough but we are optimistic things will improve this month,0
No problem. How are you doing?,no problem how are you doing,0
"If you can make it any time tonight or whenever you can it's cool, just text me whenever you're around",if you can make it any time tonight or whenever you can it s cool just text me whenever you re around,0
Do you still have the grinder?,do you still have the grinder,0
I only haf msn. It's yijue@hotmail.com,i only haf msn it s [email],0
it's really getting me down just hanging around.,it s really getting me down just hanging around,0
Water logging in desert. Geoenvironmental implications.,water logging in desert geoenvironmental implications,0
Ok then i'll let him noe later n ask him call u tmr...,ok then i ll let him noe later n ask him call u tmr,0
"URGENT! Your mobile number *************** WON a £2000 Bonus Caller prize on 10/06/03! This is the 2nd attempt to reach you! Call 09066368753 ASAP! Box 97N7QP, 150ppm",urgent your mobile number won a [num] bonus caller prize on [num] [num] [num] this is the [num] nd attempt to reach you call [num] asap box [num] n [num] qp [num] ppm,1
Aiyah ok wat as long as got improve can already wat...,aiyah ok wat as long as got improve can already wat,0
Well. You know what i mean. Texting,well you know what i mean texting,0
Yup,yup,0
We can go 4 e normal pilates after our intro...  ,we can go [num] e normal pilates after our intro,0
"Cant believe i said so many things to you this morning when all i really wanted to say was good morning, i love you! Have a beautiful morning. See you in the library later.",cant believe i said so many things to you this morning when all i really wanted to say was good morning i love you have a beautiful morning see you in the library later,0
Hmmm.but you should give it on one day..,hmmm but you should give it on one day,0
Send me yetty's number pls.,send me yetty s number pls,0
"The guy at the car shop who was flirting with me got my phone number from the paperwork and called and texted me. I'm nervous because of course now he may have my address. Should i call his boss and tell him, knowing this may get him fired?",the guy at the car shop who was flirting with me got my phone number from the paperwork and called and texted me i m nervous because of course now he may have my address should i call his boss and tell him knowing this may get him fired,0
"Hi Chikku, send some nice msgs",hi chikku send some nice msgs,0
"I want some cock! My hubby's away, I need a real man 2 satisfy me. Txt WIFE to 89938 for no strings action. (Txt STOP 2 end, txt rec £1.50ea. OTBox 731 LA1 7WS. )",i want some cock my hubby s away i need a real man [num] satisfy me txt wife to [num] for no strings action txt stop [num] end txt rec [num] [num] ea otbox [num] la [num] [num] ws,1
If I was I wasn't paying attention,if i was i wasn t paying attention,0
Hey no I ad a crap nite was borin without ya 2 boggy with me u boring biatch! Thanx but u wait til nxt time il ave ya ,hey no i ad a crap nite was borin without ya [num] boggy with me u boring biatch thanx but u wait til nxt time il ave ya,0
Adult 18 Content Your video will be with you shortly,adult [num] content your video will be with you shortly,1
"Height of ""Oh shit....!!"" situation: A guy throws a luv letter on a gal but falls on her brothers head whos a gay,.;-):-D",height of oh shit situation a guy throws a luv letter on a gal but falls on her brothers head whos a gay d,0
Goodnight da thangam I really miss u dear.,goodnight da thangam i really miss u dear,0
Are you there in room.,are you there in room,0
"Oh... I was thkin of goin yogasana at 10 den no nd to go at 3 den can rush to parco 4 nb... Okie lor, u call me when ready...",oh i was thkin of goin yogasana at [num] den no nd to go at [num] den can rush to parco [num] nb okie lor u call me when ready,0
... Are you in the pub?,are you in the pub,0
"Ok, be careful ! Don't text and drive !",ok be careful don t text and drive,0
Good. do you think you could send me some pix? I would love to see your top and bottom...,good do you think you could send me some pix i would love to see your top and bottom,0
S s..first time..dhoni rocks...,s s first time dhoni rocks,0
I think steyn surely get one wicket:),i think steyn surely get one wicket,0
Oh dang! I didn't mean o send that to you! Lol!,oh dang i didn t mean o send that to you lol,0
"Good morning, im suffering from fever and dysentry ..will not be able to come to office today.",good morning im suffering from fever and dysentry will not be able to come to office today,0
Imagine Life WITHOUT ME... see.. How fast u are searching me?Don't worry.. l'm always there To disturb U.. Goodnoon..:),imagine life without me see how fast u are searching me don t worry l m always there to disturb u goodnoon,0
Do u noe how 2 send files between 2 computers?,do u noe how [num] send files between [num] computers,0
URGENT! We are trying to contact you. Last weekends draw shows that you have won a £900 prize GUARANTEED. Call 09061701851. Claim code K61. Valid 12hours only,urgent we are trying to contact you last weekends draw shows that you have won a [num] prize guaranteed call [num] claim code k [num] valid [num] hours only,1
Normally i use to drink more water daily:),normally i use to drink more water daily,0
Hey what are you doing. Y no reply pa..,hey what are you doing y no reply pa,0
Sorry dude. Dont know how i forgot. Even after Dan reminded me. Sorry. Hope you guys had fun.,sorry dude dont know how i forgot even after dan reminded me sorry hope you guys had fun,0
What u talking bout early morning? It's almost noon where your at!,what u talking bout early morning it s almost noon where your at,0
I hope your pee burns tonite.,i hope your pee burns tonite,0
ARE YOU IN TOWN? THIS IS V. IMPORTANT,are you in town this is v important,0
Lol no. U can trust me.,lol no u can trust me,0
I have to take exam with march 3,i have to take exam with march [num],0
"Y cant u try new invention to fly..i'm not joking.,",y cant u try new invention to fly i m not joking,0
Fyi I'm gonna call you sporadically starting at like  &lt;#&gt;  bc we are not not doin this shit,fyi i m gonna call you sporadically starting at like lt gt bc we are not not doin this shit,0
I sent lanre fakeye's Eckankar details to the mail box,i sent lanre fakeye s eckankar details to the mail box,0
"Doing nothing, then u not having dinner w us?",doing nothing then u not having dinner w us,0
Gettin rdy to ship comp,gettin rdy to ship comp,0
So i could kiss and feel you next to me...,so i could kiss and feel you next to me,0
Ok darlin i supose it was ok i just worry too much.i have to do some film stuff my mate and then have to babysit again! But you can call me there.xx,ok darlin i supose it was ok i just worry too much i have to do some film stuff my mate and then have to babysit again but you can call me there xx,0
"Hi frnd, which is best way to avoid missunderstding wit our beloved one's?",hi frnd which is best way to avoid missunderstding wit our beloved one s,0
You'll not rcv any more msgs from the chat svc. For FREE Hardcore services text GO to: 69988 If u get nothing u must Age Verify with yr network & try again,you ll not rcv any more msgs from the chat svc for free hardcore services text go to [num] if u get nothing u must age verify with yr network try again,1
Nope watching tv at home... Not going out. V bored...,nope watching tv at home not going out v bored,0
Ya it came a while ago,ya it came a while ago,0
K and you're sure I don't have to have consent forms to do it :V,k and you re sure i don t have to have consent forms to do it v,0
I'll pick you up at about 5.15pm to go to taunton if you still want to come.,i ll pick you up at about [num] [num] pm to go to taunton if you still want to come,0
"Not yet chikku..going to room nw, i'm in bus..",not yet chikku going to room nw i m in bus,0
HI DARLIN HOW WAS WORK DID U GET INTO TROUBLE? IJUST TALKED TO YOUR MUM ALL MORNING! I HAD A REALLY GOOD TIME LAST NIGHT IM GOIN OUT SOON BUT CALL ME IF U CAN,hi darlin how was work did u get into trouble ijust talked to your mum all morning i had a really good time last night im goin out soon but call me if u can,0
"For ur chance to win a £250 wkly shopping spree TXT: SHOP to 80878. T's&C's www.txt-2-shop.com custcare 08715705022, 1x150p/wk",for ur chance to win a [num] wkly shopping spree txt shop to [num] t s c s [url] custcare [num] [num] x [num] p wk,1
Leave it wif me lar... Ü wan to carry meh so heavy... Is da num 98321561 familiar to ü?,leave it wif me lar wan to carry meh so heavy is da num [num] familiar to,0
Great escape. I fancy the bridge but needs her lager. See you tomo ,great escape i fancy the bridge but needs her lager see you tomo,0
"Brainless Baby Doll..:-D;-), vehicle sariyag drive madoke barolla..",brainless baby doll d vehicle sariyag drive madoke barolla,0
either way works for me. I am  &lt;#&gt;  years old. Hope that doesnt bother you.,either way works for me i am lt gt years old hope that doesnt bother you,0
Ok lor. I ned 2 go toa payoh 4 a while 2 return smth u wan 2 send me there or wat?,ok lor i ned [num] go toa payoh [num] a while [num] return smth u wan [num] send me there or wat,0
Anytime...,anytime,0
WIN URGENT! Your mobile number has been awarded with a £2000 prize GUARANTEED call 09061790121 from land line. claim 3030 valid 12hrs only 150ppm ,win urgent your mobile number has been awarded with a [num] prize guaranteed call [num] from land line claim [num] valid [num] hrs only [num] ppm,1
Oh baby of the house. How come you dont have any new pictures on facebook,oh baby of the house how come you dont have any new pictures on facebook,0
Men like shorter ladies. Gaze up into his eyes.,men like shorter ladies gaze up into his eyes,0
"I didnt get ur full msg..sometext is missing, send it again",i didnt get ur full msg sometext is missing send it again,0
Haven't eaten all day. I'm sitting here staring at this juicy pizza and I can't eat it. These meds are ruining my life.,haven t eaten all day i m sitting here staring at this juicy pizza and i can t eat it these meds are ruining my life,0
"There'll be a minor shindig at my place later tonight, you interested?",there ll be a minor shindig at my place later tonight you interested,0
Gud ni8.swt drms.take care,gud ni [num] swt drms take care,0
"I'm outside islands, head towards hard rock and you'll run into me",i m outside islands head towards hard rock and you ll run into me,0
"Thanks for your ringtone order, ref number R836. Your mobile will be charged £4.50. Should your tone not arrive please call customer services on 09065069154",thanks for your ringtone order ref number r [num] your mobile will be charged [num] [num] should your tone not arrive please call customer services on [num],1
My supervisor find 4 me one lor i thk his students. I havent ask her yet. Tell u aft i ask her.,my supervisor find [num] me one lor i thk his students i havent ask her yet tell u aft i ask her,0
4 oclock at mine. Just to bash out a flat plan.,[num] oclock at mine just to bash out a flat plan,0
Ya but it cant display internal subs so i gotta extract them,ya but it cant display internal subs so i gotta extract them,0
Haf u found him? I feel so stupid da v cam was working.,haf u found him i feel so stupid da v cam was working,0
I think it's all still in my car,i think it s all still in my car,0
Me too! Have a lovely night xxx,me too have a lovely night xxx,0
Eh u remember how 2 spell his name... Yes i did. He v naughty make until i v wet.,eh u remember how [num] spell his name yes i did he v naughty make until i v wet,0
Sure but since my parents will be working on Tuesday I don't really need a cover story,sure but since my parents will be working on tuesday i don t really need a cover story,0
"Mmmmm ... I loved waking to your words this morning ! I miss you too, my Love. I hope your day goes well and you are happy. I wait for us to be together again",mmmmm i loved waking to your words this morning i miss you too my love i hope your day goes well and you are happy i wait for us to be together again,0
"Awesome, that gonna be soon or later tonight?",awesome that gonna be soon or later tonight,0
No. Thank you. You've been wonderful,no thank you you ve been wonderful,0
Yeah I can still give you a ride,yeah i can still give you a ride,0
Want to send me a virtual hug?... I need one,want to send me a virtual hug i need one,0
You can jot down things you want to remember later.,you can jot down things you want to remember later,0
I got to video tape pple type in message lor. U so free wan 2 help me? Hee... Cos i noe u wan 2 watch infernal affairs so ask u along. Asking shuhui oso.,i got to video tape pple type in message lor u so free wan [num] help me hee cos i noe u wan [num] watch infernal affairs so ask u along asking shuhui oso,0
"Alright omw, gotta change my order to a half8th",alright omw gotta change my order to a half [num] th,0
Promotion Number: 8714714 - UR awarded a City Break and could WIN a £200 Summer Shopping spree every WK. Txt STORE to 88039 . SkilGme. TsCs087147403231Winawk!Age16 £1.50perWKsub,promotion number [num] ur awarded a city break and could win a [num] summer shopping spree every wk txt store to [num] skilgme tscs [num] winawk age [num] [num] [num] perwksub,1
"awesome, how do I deal with the gate? Charles told me last night but, uh, yeah",awesome how do i deal with the gate charles told me last night but uh yeah,0
Yar he quite clever but aft many guesses lor. He got ask me 2 bring but i thk darren not so willing 2 go. Aiya they thk leona still not attach wat.,yar he quite clever but aft many guesses lor he got ask me [num] bring but i thk darren not so willing [num] go aiya they thk leona still not attach wat,0
FreeMsg>FAV XMAS TONES!Reply REAL,freemsg fav xmas tones reply real,1
Hi:)did you asked to waheeda fathima about leave?,hi did you asked to waheeda fathima about leave,0
Hey... Why dont we just go watch x men and have lunch... Haha ,hey why dont we just go watch x men and have lunch haha,0
Sac will score big hundred.he is set batsman:-),sac will score big hundred he is set batsman,0
"Hello from Orange. For 1 month's free access to games, news and sport, plus 10 free texts and 20 photo messages, reply YES. Terms apply: www.orange.co.uk/ow",hello from orange for [num] month s free access to games news and sport plus [num] free texts and [num] photo messages reply yes terms apply [url],1
important information 4 orange user 0789xxxxxxx. today is your lucky day!2find out why log onto http://www.urawinner.com THERE'S A FANTASTIC SURPRISE AWAITING YOU!,important information [num] orange user [num] xxxxxxx today is your lucky day [num] find out why log onto [url] there s a fantastic surprise awaiting you,1
Yun buying... But school got offer 2000 plus only...,yun buying but school got offer [num] plus only,0
K I'll call you when I'm close,k i ll call you when i m close,0
No. I meant the calculation is the same. That  &lt;#&gt; units at  &lt;#&gt; . This school is really expensive. Have you started practicing your accent. Because its important. And have you decided if you are doing 4years of dental school or if you'll just do the nmde exam.,no i meant the calculation is the same that lt gt units at lt gt this school is really expensive have you started practicing your accent because its important and have you decided if you are doing [num] years of dental school or if you ll just do the nmde exam,0
FREE MSG:We billed your mobile number by mistake from shortcode 83332.Please call 08081263000 to have charges refunded.This call will be free from a BT landline,free msg we billed your mobile number by mistake from shortcode [num] please call [num] to have charges refunded this call will be free from a bt landline,1
Hey are you angry with me. Reply me dr.,hey are you angry with me reply me dr,0
"Hello, hello, hi lou sorry it took so long 2 reply- I left mobile at friends in Lancaster, just got it bak Neway im sorry I couldnt make ur bday 2 hun!",hello hello hi lou sorry it took so long [num] reply i left mobile at friends in lancaster just got it bak neway im sorry i couldn t make ur b day [num] hun,0
Can ü all decide faster cos my sis going home liao..,can all decide faster cos my sis going home liao,0
Don know:)this week i'm going to tirunelvai da.,don know this week i m going to tirunelvai da,0
I know I'm lacking on most of this particular dramastorm's details but for the most part I'm not worried about that,i know i m lacking on most of this particular dramastorm s details but for the most part i m not worried about that,0
Die... Now i have e toot fringe again...,die now i have e toot fringe again,0
"I hav almost reached. Call, i m unable to connect u.",i hav almost reached call i m unable to connect u,0
Lol where do u come up with these ideas?,lol where do u come up with these ideas,0
Ok set let u noe e details later...,ok set let u noe e details later,0
Aiyah u did ok already lar. E nydc at wheellock?,aiyah u did ok already lar e nydc at wheellock,0
PRIVATE! Your 2003 Account Statement for <fone no> shows 800 un-redeemed S. I. M. points. Call 08715203656 Identifier Code: 42049 Expires 26/10/04,private your [num] account statement for fone no shows [num] un redeemed s i m points call [num] identifier code [num] expires [num] [num] [num],1
"Dear all, as we know  &lt;#&gt; th is the  &lt;#&gt; th birthday of our loving Gopalettan. We are planning to give a small gift on that day. Those who like to participate in that you are welcome. Please contact our admin team for more details",dear all as we know lt gt th is the lt gt th birthday of our loving gopalettan we are planning to give a small gift on that day those who like to participate in that you are welcome please contact our admin team for more details,0
"REMINDER FROM O2: To get 2.50 pounds free call credit and details of great offers pls reply 2 this text with your valid name, house no and postcode",reminder from o [num] to get [num] [num] pounds free call credit and details of great offers pls reply [num] this text with your valid name house no and postcode,1
Why tired what special there you had,why tired what special there you had,0
My darling sister. How are you doing. When's school resuming. Is there a minimum wait period before you reapply? Do take care,my darling sister how are you doing when s school resuming is there a minimum wait period before you reapply do take care,0
Merry christmas to u too annie!,merry christmas to u too annie,0
Poor girl can't go one day lmao,poor girl can t go one day lmao,0
Nope... C ü then...,nope c then,0
hi my darlin im on my way to London and we have just been smashed into by another driver! and have a big dent! im really missing u what have u been up to? xxx,hi my darlin im on my way to london and we have just been smashed into by another driver and have a big dent im really missing u what have u been up to xxx,0
Is she replying. Has boye changed his phone number,is she replying has boye changed his phone number,0
FreeMsg Hi baby wow just got a new cam moby. Wanna C a hot pic? or Fancy a chat?Im w8in 4uTxt / rply CHAT to 82242 Hlp 08712317606 Msg150p 2rcv,freemsg hi baby wow just got a new cam moby wanna c a hot pic or fancy a chat im w [num] in [num] utxt rply chat to [num] hlp [num] msg [num] p [num] rcv,1
"Wow. I never realized that you were so embarassed by your accomodations. I thought you liked it, since i was doing the best i could and you always seemed so happy about ""the cave"". I'm sorry I didn't and don't have more to give. I'm sorry i offered. I'm sorry your room was so embarassing.",wow i never realized that you were so embarassed by your accomodations i thought you liked it since i was doing the best i could and you always seemed so happy about the cave i m sorry i didn t and don t have more to give i m sorry i offered i m sorry your room was so embarassing,0
Hey gals...U all wanna meet 4 dinner at nìte? ,hey gals u all wanna meet [num] dinner at n te,0
Y de asking like this.,y de asking like this,0
That's significant but dont worry.,that s significant but dont worry,0
No it was cancelled yeah baby! Well that sounds important so i understand my darlin give me a ring later on this fone love Kate x,no it was cancelled yeah baby well that sounds important so i understand my darlin give me a ring later on this fone love kate x,0
Ugh I don't wanna get out of bed. It's so warm.,ugh i don t wanna get out of bed it s so warm,0
Sorry i din lock my keypad.,sorry i din lock my keypad,0
Lol alright i was thinkin that too haha,lol alright i was thinkin that too haha,0
I have printed it oh. So  &lt;#&gt;  come upstairs,i have printed it oh so lt gt come upstairs,0
Gokila is talking with you aha:),gokila is talking with you aha,0
Message from . I am at Truro Hospital on ext. You can phone me here. as I have a phone by my side,message from i am at truro hospital on ext you can phone me here as i have a phone by my side,0
You won't believe it but it's true. It's Incredible Txts! Reply G now to learn truly amazing things that will blow your mind. From O2FWD only 18p/txt,you won t believe it but it s true it s incredible txts reply g now to learn truly amazing things that will blow your mind from o [num] fwd only [num] p txt,1
Yup but not studying surfing lor. I'm in e lazy mode today.,yup but not studying surfing lor i m in e lazy mode today,0
R we still meeting 4 dinner tonight?,r we still meeting [num] dinner tonight,0
Apart from the one i told you about yesterday?,apart from the one i told you about yesterday,0
"Actually fuck that, just do whatever, do find an excuse to be in tampa at some point before january though",actually fuck that just do whatever do find an excuse to be in tampa at some point before january though,0
I'm doing da intro covers energy trends n pros n cons... Brief description of nuclear fusion n oso brief history of iter n jet got abt 7 n half pages..,i m doing da intro covers energy trends n pros n cons brief description of nuclear fusion n oso brief history of iter n jet got abt [num] n half pages,0
I am in tirupur.  call you da.,i am in tirupur call you da,0
Hey whats up? U sleeping all morning?,hey whats up u sleeping all morning,0
He remains a bro amongst bros,he remains a bro amongst bros,0
Sorry da:)i was thought of calling you lot of times:)lil busy.i will call you at noon..,sorry da i was thought of calling you lot of times lil busy i will call you at noon,0
I was slept that time.you there?,i was slept that time you there,0
"Nimbomsons. Yep phone knows that one. Obviously, cos thats a real word",nimbomsons yep phone knows that one obviously cos thats a real word,0
K.then any other special?,k then any other special,0
"OH RITE. WELL IM WITH MY BEST MATE PETE, WHO I WENT OUT WITH 4 A WEEK+ NOW WERE 2GEVA AGAIN. ITS BEEN LONGER THAN A WEEK.",oh rite well im with my best mate pete who i went out with [num] a week now were [num] geva again its been longer than a week,0
Save money on wedding lingerie at www.bridal.petticoatdreams.co.uk Choose from a superb selection with national delivery. Brought to you by WeddingFriend,save money on wedding lingerie at [url] choose from a superb selection with national delivery brought to you by weddingfriend,1
Quite late lar... Ard 12 anyway i wun b drivin...,quite late lar ard [num] anyway i wun b drivin,0
New TEXTBUDDY Chat 2 horny guys in ur area 4 just 25p Free 2 receive Search postcode or at gaytextbuddy.com. TXT ONE name to 89693. 08715500022 rpl Stop 2 cnl,new textbuddy chat [num] horny guys in ur area [num] just [num] p free [num] receive search postcode or at gaytextbuddy com txt one name to [num] [num] rpl stop [num] cnl,1
"Call 09094100151 to use ur mins! Calls cast 10p/min (mob vary). Service provided by AOM, just GBP5/month. AOM Box61,M60 1ER until u stop. Ages 18+ only!",call [num] to use ur mins calls cast [num] p min mob vary service provided by aom just gbp [num] month aom box [num] m [num] [num] er until u stop ages [num] only,1
U come n search tat vid..not finishd..,u come n search tat vid not finishd,0
"Mmmmmm ... I love you,so much, Ahmad ... I can't wait for this year to begin as every second takes me closer to being at your side. Happy New Year, my love!!",mmmmmm i love you so much ahmad i can t wait for this year to begin as every second takes me closer to being at your side happy new year my love,0
Thnx dude. u guys out 2nite?,thnx dude u guys out [num] nite,0
"Ok da, i already planned. I wil pick you.",ok da i already planned i wil pick you,0
Yeah. I got a list with only u and Joanna if I'm feeling really anti social,yeah i got a list with only u and joanna if i m feeling really anti social,0
You give us back my id proof and  &lt;#&gt;  rs. We wont allow you to work. We will come to your home within days,you give us back my id proof and lt gt rs we wont allow you to work we will come to your home within days,0
Glad it went well :) come over at 11 then we'll have plenty of time before claire goes to work.,glad it went well come over at [num] then we ll have plenty of time before claire goes to work,0
Now got tv 2 watch meh? U no work today?,now got tv [num] watch meh u no work today,0
Ok.. Ü finishing soon?,ok finishing soon,0
Good Luck! Draw takes place 28th Feb 06. Good Luck! For removal send STOP to 87239 customer services 08708034412,good luck draw takes place [num] th feb [num] good luck for removal send stop to [num] customer services [num],1
Can't take any major roles in community outreach. You rock mel,can t take any major roles in community outreach you rock mel,0
PRIVATE! Your 2003 Account Statement for 07808247860 shows 800 un-redeemed S. I. M. points. Call 08719899229 Identifier Code: 40411 Expires 06/11/04,private your [num] account statement for [num] shows [num] un redeemed s i m points call [num] identifier code [num] expires [num] [num] [num],1
"(I should add that I don't really care and if you can't I can at least get this dude to fuck off but hey, your money if you want it)",i should add that i don t really care and if you can t i can at least get this dude to fuck off but hey your money if you want it,0
Oh shut it. Omg yesterday I had a dream that I had 2 kids both boys. I was so pissed. Not only about the kids but them being boys. I even told mark in my dream that he was changing diapers cause I'm not getting owed in the face.,oh shut it omg yesterday i had a dream that i had [num] kids both boys i was so pissed not only about the kids but them being boys i even told mark in my dream that he was changing diapers cause i m not getting owed in the face,0
Call from 08702490080 - tells u 2 call 09066358152 to claim £5000 prize. U have 2 enter all ur mobile & personal details @ the prompts. Careful!,call from [num] tells u [num] call [num] to claim [num] prize u have [num] enter all ur mobile personal details the prompts careful,1
Nope but i'll b going 2 sch on fri quite early lor cos mys sis got paper in da morn :-),nope but i ll b going [num] sch on fri quite early lor cos mys sis got paper in da morn,0
That is wondarfull song,that is wondarfull song,0
You please give us connection today itself before  &lt;DECIMAL&gt;  or refund the bill,you please give us connection today itself before lt decimal gt or refund the bill,0
Sounds like you have many talents! would you like to go on a dinner date next week?,sounds like you have many talents would you like to go on a dinner date next week,0
Valentines Day Special! Win over £1000 in our quiz and take your partner on the trip of a lifetime! Send GO to 83600 now. 150p/msg rcvd. CustCare:08718720201,valentines day special win over [num] in our quiz and take your partner on the trip of a lifetime send go to [num] now [num] p msg rcvd custcare [num],1
Jokin only lar... :-) depends on which phone my father can get lor...,jokin only lar depends on which phone my father can get lor,0
WOT U WANNA DO THEN MISSY?,wot u wanna do then missy,0
Just sleeping..and surfing,just sleeping and surfing,0
Havent shopping now lor i juz arrive only,havent shopping now lor i juz arrive only,0
"Isn't frnd a necesity in life? imagine urself witout a frnd.. hw'd u feel at ur colleg? wat'll u do wth ur cell? wat abt functions? thnk abt events espe'll cared, missed &amp; irritated u? 4wrd it to all those dear-loving frnds wthout whom u cant live.. I jst did it.. Takecare..:) GOODMORNING",isn t frnd a necesity in life imagine urself witout a frnd hw d u feel at ur colleg wat ll u do wth ur cell wat abt functions thnk abt events espe ll cared missed amp irritated u [num] wrd it to all those dear loving frnds wthout whom u cant live i jst did it takecare goodmorning,0
See? I thought it all through,see i thought it all through,0
Ummma.will call after check in.our life will begin from qatar so pls pray very hard.,ummma will call after check in our life will begin from qatar so pls pray very hard,0
I came hostel. I m going to sleep. Plz call me up before class. Hrishi.,i came hostel i m going to sleep plz call me up before class hrishi,0
Mm yes dear look how i am hugging you both. :-P,mm yes dear look how i am hugging you both p,0
Wat time u finish ur lect today?,wat time u finish ur lect today,0
Ur TONEXS subscription has been renewed and you have been charged £4.50. You can choose 10 more polys this month. www.clubzed.co.uk *BILLING MSG*,ur tonexs subscription has been renewed and you have been charged [num] [num] you can choose [num] more polys this month [url] billing msg,1
Boo what time u get out? U were supposed to take me shopping today. :(,boo what time u get out u were supposed to take me shopping today,0
Was the farm open?,was the farm open,0
"Sorry to trouble u again. Can buy 4d for my dad again? 1405, 1680, 1843. All 2 big 1 small, sat n sun. Thanx.",sorry to trouble u again can buy [num] d for my dad again [num] [num] [num] all [num] big [num] small sat n sun thanx,0
Ard 6 like dat lor.,ard [num] like dat lor,0
Ok lar... Joking wif u oni...,ok lar joking wif u oni,0
I'm at bruce &amp; fowler now but I'm in my mom's car so I can't park (long story),i m at bruce amp fowler now but i m in my mom s car so i can t park long story,0
"Yo, any way we could pick something up tonight?",yo any way we could pick something up tonight,0
Your dad is back in ph?,your dad is back in ph,0
Sorry. || mail? || ,sorry mail,0
Never y lei... I v lazy... Got wat? Dat day ü send me da url cant work one...,never y lei i v lazy got wat dat day send me da url cant work one,0
"And very importantly, all we discuss is between u and i only.",and very importantly all we discuss is between u and i only,0
I know you are serving. I mean what are you doing now.,i know you are serving i mean what are you doing now,0
I think chennai well settled?,i think chennai well settled,0
"Somewhr someone is surely made 4 u. And God has decided a perfect time to make u meet dat person. . . . till den, . . . . . Enjoy ur crushes..!!!;-)",somewhr someone is surely made [num] u and god has decided a perfect time to make u meet dat person till den enjoy ur crushes,0
Nope thats fine. I might have a nap tho! ,nope thats fine i might have a nap tho,0
:-) yeah! Lol. Luckily i didn't have a starring role like you!,yeah lol luckily i didn t have a starring role like you,0
"Do you know why god created gap between your fingers..? So that, One who is made for you comes &amp; fills those gaps by holding your hand with LOVE..!",do you know why god created gap between your fingers so that one who is made for you comes amp fills those gaps by holding your hand with love,0
As per your request 'Maangalyam (Alaipayuthe)' has been set as your callertune for all Callers. Press *9 to copy your friends Callertune,as per your request maangalyam alaipayuthe has been set as your callertune for all callers press [num] to copy your friends callertune,0
Missed your call cause I was yelling at scrappy. Miss u. Can't wait for u to come home. I'm so lonely today.,missed your call cause i was yelling at scrappy miss u can t wait for u to come home i m so lonely today,0
"Welcome to Select, an O2 service with added benefits. You can now call our specially trained advisors FREE from your mobile by dialling 402.",welcome to select an o [num] service with added benefits you can now call our specially trained advisors free from your mobile by dialling [num],1
HI DARLIN IM MISSIN U HOPE YOU ARE HAVING A GOOD TIME. WHEN ARE U BACK AND WHAT TIME IF U CAN GIVE ME A CALL AT HOME. JESS XX,hi darlin im missin u hope you are having a good time when are u back and what time if u can give me a call at home jess xx,0
Bloomberg -Message center +447797706009 Why wait? Apply for your future http://careers. bloomberg.com,bloomberg message center [num] why wait apply for your future [url] bloomberg com,1
Esplanade lor. Where else...,esplanade lor where else,0
"I met you as a stranger and choose you as my friend. As long as the world stands, our friendship never ends. Lets be Friends forever!!! Gud nitz...",i met you as a stranger and choose you as my friend as long as the world stands our friendship never ends lets be friends forever gud nitz,0
Ur cash-balance is currently 500 pounds - to maximize ur cash-in now send CASH to 86688 only 150p/msg. CC: 08718720201 PO BOX 114/14 TCR/W1,ur cash balance is currently [num] pounds to maximize ur cash in now send cash to [num] only [num] p msg cc [num] po box [num] [num] tcr w [num],1
"K, if u bored up just come to my home..",k if u bored up just come to my home,0
"Probably, want to pick up more?",probably want to pick up more,0
"Oops - am at my mum's in somerset... Bit far! Back tomo, see you soon x",oops am at my mum s in somerset bit far back tomo see you soon x,0
Haven't left yet so probably gonna be here til dinner,haven t left yet so probably gonna be here til dinner,0
Don't make life too stressfull.. Always find time to Laugh.. It may not add years to your Life! But surely adds more life to ur years!! Gud ni8..swt dreams..,don t make life too stressfull always find time to laugh it may not add years to your life but surely adds more life to ur years gud ni [num] swt dreams,0
Thanks for this hope you had a good day today,thanks for this hope you had a good day today,0
FreeMsg: Hey - I'm Buffy. 25 and love to satisfy men. Home alone feeling randy. Reply 2 C my PIX! QlynnBV Help08700621170150p a msg Send stop to stop txts,freemsg hey i m buffy [num] and love to satisfy men home alone feeling randy reply [num] c my pix qlynnbv help [num] p a msg send stop to stop txts,1
"Whenevr ur sad, Whenevr ur gray, Remembr im here 2 listn 2 watevr u wanna say, Jus walk wid me a little while,&amp; I promise I'll bring back ur smile.:-)",whenevr ur sad whenevr ur gray remembr im here [num] listn [num] watevr u wanna say jus walk wid me a little while amp i promise i ll bring back ur smile,0
Wait . I will msg after  &lt;#&gt;  min.,wait i will msg after lt gt min,0
"09066362231 URGENT! Your mobile No 07xxxxxxxxx won a £2,000 bonus caller prize on 02/06/03! this is the 2nd attempt to reach YOU! call 09066362231 ASAP!",[num] urgent your mobile no [num] xxxxxxxxx won a [num] [num] bonus caller prize on [num] [num] [num] this is the [num] nd attempt to reach you call [num] asap,1
Tension ah?what machi?any problem?,tension ah what machi any problem,0
"Sorry vikky, i'm Watching olave mandara movie kano in trishul theatre wit my frnds..",sorry vikky i m watching olave mandara movie kano in trishul theatre wit my frnds,0
"cmon babe, make me horny, *turn* me on! Txt me your fantasy now babe -) Im hot, sticky and need you now. All replies cost £1.50. 2 cancel send STOP",cmon babe make me horny turn me on txt me your fantasy now babe im hot sticky and need you now all replies cost [num] [num] [num] cancel send stop,1
Your weekly Cool-Mob tones are ready to download !This weeks new Tones include: 1) Crazy Frog-AXEL F>>> 2) Akon-Lonely>>> 3) Black Eyed-Dont P >>>More info in n,your weekly cool mob tones are ready to download this weeks new tones include [num] crazy frog axel f [num] akon lonely [num] black eyed dont p more info in n,1
Er mw im filled tuth is aight,er mw im filled tuth is aight,0
Just curious because my cuz asked what I was up to,just curious because my cuz asked what i was up to,0
So that takes away some money worries,so that takes away some money worries,0
How are you doing. How's the queen. Are you going for the royal wedding,how are you doing how s the queen are you going for the royal wedding,0
U ned to convince him tht its not possible witot hurting his feeling its the main,u ned to convince him tht its not possible witot hurting his feeling its the main,0
Great! I shoot big loads so get ready!,great i shoot big loads so get ready,0
You only hate me. You can call any but you didnt accept even a single call of mine. Or even you messaged,you only hate me you can call any but you didnt accept even a single call of mine or even you messaged,0
"For ur chance to win £250 cash every wk TXT: PLAY to 83370. T's&C's www.music-trivia.net custcare 08715705022, 1x150p/wk.",for ur chance to win [num] cash every wk txt play to [num] t s c s [url] custcare [num] [num] x [num] p wk,1
Ok... C ya...,ok c ya,0
Please tell me not all of my car keys are in your purse,please tell me not all of my car keys are in your purse,0
"Under the sea, there lays a rock. In the rock, there is an envelope. In the envelope, there is a paper. On the paper, there are 3 words... '",under the sea there lays a rock in the rock there is an envelope in the envelope there is a paper on the paper there are [num] words,0
Moby Pub Quiz.Win a £100 High Street prize if u know who the new Duchess of Cornwall will be? Txt her first name to 82277.unsub STOP £1.50 008704050406 SP Arrow,moby pub quiz win a [num] high street prize if u know who the new duchess of cornwall will be txt her first name to [num] unsub stop [num] [num] [num] sp arrow,1
In work now. Going have in few min.,in work now going have in few min,0
HI DARLIN ITS KATE ARE U UP FOR DOIN SOMETHIN TONIGHT? IM GOING TO A PUB CALLED THE SWAN OR SOMETHING WITH MY PARENTS FOR ONE DRINK SO PHONE ME IF U CAN,hi darlin its kate are u up for doin somethin tonight im going to a pub called the swan or something with my parents for one drink so phone me if u can,0
Guess who spent all last night phasing in and out of the fourth dimension,guess who spent all last night phasing in and out of the fourth dimension,0
"8 at the latest, g's still there if you can scrounge up some ammo and want to give the new ak a try",[num] at the latest g s still there if you can scrounge up some ammo and want to give the new ak a try,0
Jason says it's cool if we pick some up from his place in like an hour,jason says it s cool if we pick some up from his place in like an hour,0
Sorry da. I gone mad so many pending works what to do.,sorry da i gone mad so many pending works what to do,0
Our records indicate u maybe entitled to 5000 pounds in compensation for the Accident you had. To claim 4 free reply with CLAIM to this msg. 2 stop txt STOP,our records indicate u maybe entitled to [num] pounds in compensation for the accident you had to claim [num] free reply with claim to this msg [num] stop txt stop,1
Even if he my friend he is a priest call him now,even if he my friend he is a priest call him now,0
Is xy in ur car when u picking me up?,is xy in ur car when u picking me up,0
Sunshine Quiz! Win a super Sony DVD recorder if you canname the capital of Australia? Text MQUIZ to 82277. B,sunshine quiz win a super sony dvd recorder if you canname the capital of australia text mquiz to [num] b,1
You could have seen me..i did't recognise you Face.:),you could have seen me i did t recognise you face,0
Hi darlin i cantdo anythingtomorrow as myparents aretaking me outfor a meal. when are u free? Katexxx,hi darlin i cantdo anythingtomorrow as myparents aretaking me outfor a meal when are u free katexxx,0
Pls send me your address sir.,pls send me your address sir,0
Sir send to group mail check it.,sir send to group mail check it,0
We r outside already.,we r outside already,0
Still otside le..u come 2morrow maga..,still otside le u come [num] morrow maga,0
You've always been the brainy one.,you ve always been the brainy one,0
My sort code is  and acc no is . The bank is natwest. Can you reply to confirm i've sent this to the right person!,my sort code is and acc no is the bank is natwest can you reply to confirm i ve sent this to the right person,0
"This is the 2nd time we have tried 2 contact u. U have won the 750 Pound prize. 2 claim is easy, call 08712101358 NOW! Only 10p per min. BT-national-rate",this is the [num] nd time we have tried [num] contact u u have won the [num] pound prize [num] claim is easy call [num] now only [num] p per min bt national rate,1
"I am late,so call you tomorrow morning.take care sweet dreams....u and me...ummifying...bye.",i am late so call you tomorrow morning take care sweet dreams u and me ummifying bye,0
Tell them u have a headache and just want to use 1 hour of sick time.,tell them u have a headache and just want to use [num] hour of sick time,0
"Its so common hearin How r u? Wat r u doing? How was ur day? So let me ask u something different. Did u smile today? If not, do it now.... Gud evng.",its so common hearin how r u wat r u doing how was ur day so let me ask u something different did u smile today if not do it now gud evng,0
En chikku nange bakra msg kalstiya..then had tea/coffee?,en chikku nange bakra msg kalstiya then had tea coffee,0
Friendship poem: Dear O Dear U R Not Near But I Can Hear Dont Get Fear Live With Cheer No More Tear U R Always my Dear. Gud ni8,friendship poem dear o dear u r not near but i can hear dont get fear live with cheer no more tear u r always my dear gud ni [num],0
Lol ... I knew that .... I saw him in the dollar store,lol i knew that i saw him in the dollar store,0
EY! CALM DOWNON THEACUSATIONS.. ITXT U COS IWANA KNOW WOTU R DOIN AT THEW/END... HAVENTCN U IN AGES..RING ME IF UR UP4 NETHING SAT.LOVE J XXX.,ey calm downon theacusations itxt u cos iwana know wotu r doin at thew end haventcn u in ages ring me if ur up [num] nething sat love j xxx,0
"Congratulations! Thanks to a good friend U have WON the £2,000 Xmas prize. 2 claim is easy, just call 08718726971 NOW! Only 10p per minute. BT-national-rate.",congratulations thanks to a good friend u have won the [num] [num] xmas prize [num] claim is easy just call [num] now only [num] p per minute bt national rate,1
Ya srsly better than yi tho,ya srsly better than yi tho,0
"I don't know, same thing that's wrong everyso often, he panicks starts goin on bout not bein good enough …",i don t know same thing that s wrong everyso often he panicks starts goin on bout not bein good enough,0
"Now u sound like manky scouse boy steve,like! I is travelling on da bus home.wot has u inmind 4 recreation dis eve?",now u sound like manky scouse boy steve like i is travelling on da bus home wot has u inmind [num] recreation dis eve,0
Where @,where,0
on a Tuesday night r u 4 real,on a tuesday night r u [num] real,0
There r many model..sony ericson also der.. &lt;#&gt; ..it luks good bt i forgot modl no,there r many model sony ericson also der lt gt it luks good bt i forgot modl no,0
"Got hella gas money, want to go on a grand nature adventure with galileo in a little bit?",got hella gas money want to go on a grand nature adventure with galileo in a little bit,0
Hi good mornin.. Thanku wish u d same..,hi good mornin thanku wish u d same,0
"Jus chillaxin, what up",jus chillaxin what up,0
"Hi, my love! How goes that day? Fuck, this morning I woke and dropped my cell on the way down the stairs but it seems alright ... *phews* I miss you !",hi my love how goes that day fuck this morning i woke and dropped my cell on the way down the stairs but it seems alright phews i miss you,0
FREE>Ringtone! Reply REAL or POLY eg REAL1 1. PushButton 2. DontCha 3. BabyGoodbye 4. GoldDigger 5. WeBeBurnin 1st tone FREE and 6 more when u join for £3/wk,free ringtone reply real or poly eg real [num] [num] pushbutton [num] dontcha [num] babygoodbye [num] golddigger [num] webeburnin [num] st tone free and [num] more when u join for [num] wk,1
Just send a text. We'll skype later.,just send a text we ll skype later,0
Cuz ibored. And don wanna study,cuz ibored and don wanna study,0
Haha... Yup hopefully  we will lose a few kg by mon. after hip hop can go orchard and weigh again,haha yup hopefully we will lose a few kg by mon after hip hop can go orchard and weigh again,0
"SIX chances to win CASH! From 100 to 20,000 pounds txt> CSH11 and send to 87575. Cost 150p/day, 6days, 16+ TsandCs apply Reply HL 4 info",six chances to win cash from [num] to [num] [num] pounds txt csh [num] and send to [num] cost [num] p day [num] days [num] tsandcs apply reply hl [num] info,1
1 in cbe. 2 in chennai.,[num] in cbe [num] in chennai,0
Did you catch the bus ? Are you frying an egg ? Did you make a tea? Are you eating your mom's left over dinner ? Do you feel my Love ?,did you catch the bus are you frying an egg did you make a tea are you eating your mom s left over dinner do you feel my love,0
This is my number by vivek..,this is my number by vivek,0
jay says he'll put in  &lt;#&gt;,jay says he ll put in lt gt,0
U r too much close to my heart. If u go away i will be shattered. Plz stay with me.,u r too much close to my heart if u go away i will be shattered plz stay with me,0
Daddy will take good care of you :),daddy will take good care of you,0
Y she dun believe leh? I tot i told her it's true already. I thk she muz c us tog then she believe.,y she dun believe leh i tot i told her it s true already i thk she muz c us tog then she believe,0
"Sorry man my account's dry or I would, if you want we could trade back half or I could buy some shit with my credit card",sorry man my account s dry or i would if you want we could trade back half or i could buy some shit with my credit card,0
As in different styles?,as in different styles,0
"As a valued customer, I am pleased to advise you that following recent review of your Mob No. you are awarded with a £1500 Bonus Prize, call 09066364589",as a valued customer i am pleased to advise you that following recent review of your mob no you are awarded with a [num] bonus prize call [num],1
Those were my exact intentions,those were my exact intentions,0
K actually can you guys meet me at the sunoco on howard? It should be right on the way,k actually can you guys meet me at the sunoco on howard it should be right on the way,0
Lol your right. What diet? Everyday I cheat anyway. I'm meant to be a fatty :(,lol your right what diet everyday i cheat anyway i m meant to be a fatty,0
Hhahhaahahah rofl wtf nig was leonardo in your room or something,hhahhaahahah rofl wtf nig was leonardo in your room or something,0
From 5 to 2 only my work timing.,from [num] to [num] only my work timing,0
Does daddy have a bb now.,does daddy have a bb now,0
Sorry i cant take your call right now. It so happens that there r 2waxsto do wat you want. She can come and ill get her medical insurance. And she'll be able to deliver and have basic care. I'm currently shopping for the right medical insurance for her. So just give me til friday morning. Thats when i.ll see the major person that can guide me to the right insurance.,sorry i cant take your call right now it so happens that there r [num] waxsto do wat you want she can come and ill get her medical insurance and she ll be able to deliver and have basic care i m currently shopping for the right medical insurance for her so just give me til friday morning thats when i ll see the major person that can guide me to the right insurance,0
Same as kallis dismissial in 2nd test:-).,same as kallis dismissial in [num] nd test,0
What year. And how many miles.,what year and how many miles,0
"Hi , where are you? We're at  and they're not keen to go out i kind of am but feel i shouldn't so can we go out tomo, don't mind do you?",hi where are you we re at and they re not keen to go out i kind of am but feel i shouldn t so can we go out tomo don t mind do you,0
Blank is Blank. But wat is blank? Lol,blank is blank but wat is blank lol,0
I went to ur hon lab but no one is there.,i went to ur hon lab but no one is there,0
I'm hungry buy smth home...,i m hungry buy smth home,0
Do we have any spare power supplies,do we have any spare power supplies,0
Smith waste da.i wanna gayle.,smith waste da i wanna gayle,0
I can take you at like noon,i can take you at like noon,0
Yup ok...,yup ok,0
Its a valentine game. . . send dis msg to all ur friends. . If 5 answers r d same then someone really loves u. . Ques- which colour suits me the best?,its a valentine game send dis msg to all ur friends if [num] answers r d same then someone really loves u ques which colour suits me the best,0
Mine here like all fr china then so noisy.,mine here like all fr china then so noisy,0
"Dear Voucher Holder, To claim this weeks offer, at your PC please go to http://www.wtlp.co.uk/text. Ts&Cs apply.",dear voucher holder to claim this weeks offer at your pc please go to [url] ts cs apply,1
YO YO YO BYATCH WHASSUP?,yo yo yo byatch whassup,0
We tried to contact you re your reply to our offer of a Video Handset? 750 anytime networks mins? UNLIMITED TEXT? Camcorder? Reply or call 08000930705 NOW,we tried to contact you re your reply to our offer of a video handset [num] anytime networks mins unlimited text camcorder reply or call [num] now,1
Hey mate. Spoke to the mag people. We‘re on.  the is deliver by the end of the month. Deliver on the 24th sept. Talk later. ,hey mate spoke to the mag people we re on the is deliver by the end of the month deliver on the [num] th sept talk later,0
Free entry in 2 a weekly comp for a chance to win an ipod. Txt POD to 80182 to get entry (std txt rate) T&C's apply 08452810073 for details 18+,free entry in [num] a weekly comp for a chance to win an ipod txt pod to [num] to get entry std txt rate t c s apply [num] for details [num],1
"Every King Was Once A Crying Baby And Every Great Building Was Once A Map.. Not Imprtant Where U r TODAY, BUT Where U Wil Reach TOMORW. Gud ni8",every king was once a crying baby and every great building was once a map not imprtant where u r today but where u wil reach tomorw gud ni [num],0
Dont forget you can place as many FREE Requests with 1stchoice.co.uk as you wish. For more Information call 08707808226.,dont forget you can place as many free requests with [num] stchoice co uk as you wish for more information call [num],1
Customer place i will call you.,customer place i will call you,0
I also thk too fast... Xy suggest one not me. U dun wan it's ok. Going 2 rain leh where got gd.,i also thk too fast xy suggest one not me u dun wan it s ok going [num] rain leh where got gd,0
"To review and KEEP the fantastic Nokia N-Gage game deck with Club Nokia, go 2 www.cnupdates.com/newsletter. unsubscribe from alerts reply with the word OUT",to review and keep the fantastic nokia n gage game deck with club nokia go [num] [url] unsubscribe from alerts reply with the word out,1
You are a winner U have been specially selected 2 receive £1000 cash or a 4* holiday (flights inc) speak to a live operator 2 claim 0871277810810,you are a winner u have been specially selected [num] receive [num] cash or a [num] holiday flights inc speak to a live operator [num] claim [num],1
"Aight, lemme know what's up",aight lemme know what s up,0
K..k:)where are you?how did you performed?,k k where are you how did you performed,0
Nothing spl..wat abt u and whr ru?,nothing spl wat abt u and whr ru,0
Joy's father is John. Then John is the ____ of Joy's father. If u ans ths you hav  &lt;#&gt;  IQ. Tis s IAS question try to answer.,joy s father is john then john is the of joy s father if u ans ths you hav lt gt iq tis s ias question try to answer,0
I REALLY NEED 2 KISS U I MISS U MY BABY FROM UR BABY 4EVA,i really need [num] kiss u i miss u my baby from ur baby [num] eva,0
Wait  &lt;#&gt;  min..,wait lt gt min,0
I've sent ü my part..,i ve sent my part,0
I've told him that i've returned it. That should i re order it.,i ve told him that i ve returned it that should i re order it,0
network operator. The service is free. For T & C's visit 80488.biz,network operator the service is free for t c s visit [num] biz,1
Ofcourse I also upload some songs,ofcourse i also upload some songs,0
Shant disturb u anymore... Jia you...,shant disturb u anymore jia you,0
"Hmm ok, i'll stay for like an hour cos my eye is really sore!",hmm ok i ll stay for like an hour cos my eye is really sore,0
I'm home. Ard wat time will u reach?,i m home ard wat time will u reach,0
How i noe... She's in da car now... Later then c lar... I'm wearing shorts...,how i noe she s in da car now later then c lar i m wearing shorts,0
"You are always putting your business out there. You put pictures of your ass on facebook. You are one of the most open people i've ever met. Why would i think a picture of your room would hurt you, make you feel violated.",you are always putting your business out there you put pictures of your ass on facebook you are one of the most open people i ve ever met why would i think a picture of your room would hurt you make you feel violated,0
Mmm thats better now i got a roast down me! id b better if i had a few drinks down me 2! Good indian?,mmm thats better now i got a roast down me i d b better if i had a few drinks down me [num] good indian,0
Tell me something. Thats okay.,tell me something thats okay,0
U have a Secret Admirer who is looking 2 make contact with U-find out who they R*reveal who thinks UR so special-call on 09065171142-stopsms-08,u have a secret admirer who is looking [num] make contact with u find out who they r reveal who thinks ur so special call on [num] stopsms [num],1
25p 4 alfie Moon's Children in need song on ur mob. Tell ur m8s. Txt Tone charity to 8007 for Nokias or Poly charity for polys: zed 08701417012 profit 2 charity.,[num] p [num] alfie moon s children in need song on ur mob tell ur m [num] s txt tone charity to [num] for nokias or poly charity for polys zed [num] profit [num] charity,1
Theyre doing it to lots of places. Only hospitals and medical places are safe.,theyre doing it to lots of places only hospitals and medical places are safe,0
Now get step 2 outta the way. Congrats again.,now get step [num] outta the way congrats again,0
"As usual..iam fine, happy &amp; doing well..:)",as usual iam fine happy amp doing well,0
"Just wondering, the others just took off",just wondering the others just took off,0
U can call me now...,u can call me now,0
Surely result will offer:),surely result will offer,0
Ok not a problem will get them a taxi. C ing  tomorrow and tuesday. On tuesday think we r all going to the cinema. ,ok not a problem will get them a taxi c ing tomorrow and tuesday on tuesday think we r all going to the cinema,0
"I hope your alright babe? I worry that you might have felt a bit desparate when you learned the job was a fake ? I am here waiting when you come back, my love",i hope your alright babe i worry that you might have felt a bit desparate when you learned the job was a fake i am here waiting when you come back my love,0
"Haha, my legs and neck are killing me and my amigos are hoping to end the night with a burn, think I could swing by in like an hour?",haha my legs and neck are killing me and my amigos are hoping to end the night with a burn think i could swing by in like an hour,0
Sounds great! Are you home now?,sounds great are you home now,0
It has everything to do with the weather. Keep extra warm. Its a cold but nothing serious. Pls lots of vitamin c,it has everything to do with the weather keep extra warm its a cold but nothing serious pls lots of vitamin c,0
* You gonna ring this weekend or wot?,you gonna ring this weekend or wot,0
HI BABE IM AT HOME NOW WANNA DO SOMETHING? XX,hi babe im at home now wanna do something xx,0
Goodmorning today i am late for  &lt;DECIMAL&gt; min.,goodmorning today i am late for lt decimal gt min,0
Just finished. Missing you plenty,just finished missing you plenty,0
Ya very nice. . .be ready on thursday,ya very nice be ready on thursday,0
HMV BONUS SPECIAL 500 pounds of genuine HMV vouchers to be won. Just answer 4 easy questions. Play Now! Send HMV to 86688 More info:www.100percent-real.com,hmv bonus special [num] pounds of genuine hmv vouchers to be won just answer [num] easy questions play now send hmv to [num] more info [url],1
"CAN I PLEASE COME UP NOW IMIN TOWN.DONTMATTER IF URGOIN OUTL8R,JUST REALLYNEED 2DOCD.PLEASE DONTPLEASE DONTIGNORE MYCALLS,U NO THECD ISV.IMPORTANT TOME 4 2MORO",can i please come up now imin town dontmatter if urgoin outl [num] r just reallyneed [num] docd please dontplease dontignore mycalls u no thecd isv important tome [num] [num] moro,0
FreeMsg:Feelin kinda lnly hope u like 2 keep me company! Jst got a cam moby wanna c my pic?Txt or reply DATE to 82242 Msg150p 2rcv Hlp 08712317606 stop to 82242,freemsg feelin kinda lnly hope u like [num] keep me company jst got a cam moby wanna c my pic txt or reply date to [num] msg [num] p [num] rcv hlp [num] stop to [num],1
U definitely need a module from e humanities dis sem izzit? U wan 2 take other modules 1st?,u definitely need a module from e humanities dis sem izzit u wan [num] take other modules [num] st,0
Pls dont forget to study,pls dont forget to study,0
"not that I know of, most people up here are still out of town",not that i know of most people up here are still out of town,0
Well if I'm that desperate I'll just call armand again,well if i m that desperate i ll just call armand again,0
Not planned yet :)going to join company on jan 5 only.don know what will happen after that.,not planned yet going to join company on jan [num] only don know what will happen after that,0
Oh you got many responsibilities.,oh you got many responsibilities,0
Thts god's gift for birds as humans hav some natural gift frm god..,thts god s gift for birds as humans hav some natural gift frm god,0
"No, but you told me you were going, before you got drunk!",no but you told me you were going before you got drunk,0
What's your room number again? Wanna make sure I'm knocking on the right door,what s your room number again wanna make sure i m knocking on the right door,0
For real when u getting on yo? I only need 2 more tickets and one more jacket and I'm done. I already used all my multis.,for real when u getting on yo i only need [num] more tickets and one more jacket and i m done i already used all my multis,0
And smile for me right now as you go and the world will wonder what you are smiling about and think your crazy and keep away from you ... *grins*,and smile for me right now as you go and the world will wonder what you are smiling about and think your crazy and keep away from you grins,0
Y lei?,y lei,0
Anything is valuable in only 2 situations: First- Before getting it... Second- After loosing it...,anything is valuable in only [num] situations first before getting it second after loosing it,0
"Customer place, i wil cal u sir.",customer place i wil cal u sir,0
"Its ok, called mom instead have fun",its ok called mom instead have fun,0
Both :) i shoot big loads so get ready!,both i shoot big loads so get ready,0
ME 2 BABE I FEEL THE SAME LETS JUST 4GET ABOUT IT+BOTH TRY +CHEER UP+NOT FIT SOO MUCHXXLOVE U LOCAXX,me [num] babe i feel the same lets just [num] get about it both try cheer up not fit soo muchxxlove u locaxx,0
Want explicit SEX in 30 secs? Ring 02073162414 now! Costs 20p/min Gsex POBOX 2667 WC1N 3XX,want explicit sex in [num] secs ring [num] now costs [num] p min gsex pobox [num] wc [num] n [num] xx,1
"URGENT!! Your 4* Costa Del Sol Holiday or £5000 await collection. Call 09050090044 Now toClaim. SAE, TC s, POBox334, Stockport, SK38xh, Cost£1.50/pm, Max10mins",urgent your [num] costa del sol holiday or [num] await collection call [num] now toclaim sae tc s pobox [num] stockport sk [num] xh cost [num] [num] pm max [num] mins,1
Am i that much bad to avoid like this?,am i that much bad to avoid like this,0
"Turns out my friends are staying for the whole show and won't be back til ~ &lt;#&gt; , so feel free to go ahead and smoke that $ &lt;#&gt;  worth",turns out my friends are staying for the whole show and won t be back til lt gt so feel free to go ahead and smoke that lt gt worth,0
"Awesome, lemme know whenever you're around",awesome lemme know whenever you re around,0
"It's wylie, you in tampa or sarasota?",it s wylie you in tampa or sarasota,0
Thanx...,thanx,0
As one of our registered subscribers u can enter the draw 4 a 100 G.B. gift voucher by replying with ENTER. To unsubscribe text STOP,as one of our registered subscribers u can enter the draw [num] a [num] g b gift voucher by replying with enter to unsubscribe text stop,1
Same as u... Dun wan... Y u dun like me already ah... Wat u doing now? Still eating?,same as u dun wan y u dun like me already ah wat u doing now still eating,0
"Tick, tick, tick ... Babe",tick tick tick babe,0
The hair cream has not been shipped.,the hair cream has not been shipped,0
I can't believe how attached I am to seeing you every day. I know you will do the best you can to get to me babe. I will go to teach my class at your midnight,i can t believe how attached i am to seeing you every day i know you will do the best you can to get to me babe i will go to teach my class at your midnight,0
Tell me pa. How is pain de.,tell me pa how is pain de,0
"No we put party 7 days a week and study lightly, I think we need to draw in some custom checkboxes so they know we're hardcore",no we put party [num] days a week and study lightly i think we need to draw in some custom checkboxes so they know we re hardcore,0
Thank god they are in bed!,thank god they are in bed,0
I'm working technical support :)voice process.,i m working technical support voice process,0
HARD BUT TRUE: How much you show &amp;  express your love to someone....that much it will hurt when they leave you or you get seperated...!鈥┾??〨ud evening...,hard but true how much you show amp express your love to someone that much it will hurt when they leave you or you get seperated ud evening,0
I dont know oh. Hopefully this month.,i dont know oh hopefully this month,0
"The table's occupied, I'm waiting by the tree",the table s occupied i m waiting by the tree,0
Hi. Happy New Year. I dont mean to intrude but can you pls let me know how much tuition you paid last semester and how much this semester is. Thanks,hi happy new year i dont mean to intrude but can you pls let me know how much tuition you paid last semester and how much this semester is thanks,0
Thankyou so much for the call. I appreciate your care.,thankyou so much for the call i appreciate your care,0
Then cant get da laptop? My matric card wif ü lei... ,then cant get da laptop my matric card wif lei,0
Can help u swoop by picking u up from wherever ur other birds r meeting if u want.,can help u swoop by picking u up from wherever ur other birds r meeting if u want,0
Am surfing online store. For offers do you want to buy any thing.,am surfing online store for offers do you want to buy any thing,0
Nope i'll come online now..,nope i ll come online now,0
watever reLation u built up in dis world only thing which remains atlast iz lonlines with lotz n lot memories! feeling..,watever relation u built up in dis world only thing which remains atlast iz lonlines with lotz n lot memories feeling,0
Yar but they say got some error.,yar but they say got some error,0
Your credits have been topped up for http://www.bubbletext.com Your renewal Pin is tgxxrz,your credits have been topped up for [url] your renewal pin is tgxxrz,1
Ujhhhhhhh computer shipped out with address to sandiago and parantella lane. Wtf. Poop.,ujhhhhhhh computer shipped out with address to sandiago and parantella lane wtf poop,0
Hey cutie. How goes it? Here in WALES its kinda ok. There is like hills and shit but i still avent killed myself. ,hey cutie how goes it here in wales its kinda ok there is like hills and shit but i still avent killed myself,0
Wait.i will come out.. &lt;#&gt;  min:),wait i will come out lt gt min,0
Pls confirm the time to collect the cheque.,pls confirm the time to collect the cheque,0
This message is brought to you by GMW Ltd. and is not connected to the,this message is brought to you by gmw ltd and is not connected to the,1
"you are sweet as well, princess. Please tell me your likes and dislikes in bed...",you are sweet as well princess please tell me your likes and dislikes in bed,0
"If you don't, your prize will go to another customer. T&C at www.t-c.biz 18+ 150p/min Polo Ltd Suite 373 London W1J 6HL Please call back if busy ",if you don t your prize will go to another customer t c at [url] [num] [num] p min polo ltd suite [num] london w [num] j [num] hl please call back if busy,1
"Hottest pics straight to your phone!! See me getting Wet and Wanting, just for you xx Text PICS to 89555 now! txt costs 150p textoperator g696ga 18 XxX",hottest pics straight to your phone see me getting wet and wanting just for you xx text pics to [num] now txt costs [num] p textoperator g [num] ga [num] xxx,1
"You have been selected to stay in 1 of 250 top British hotels - FOR NOTHING! Holiday Worth £350! To Claim, Call London 02072069400. Bx 526, SW73SS",you have been selected to stay in [num] of [num] top british hotels for nothing holiday worth [num] to claim call london [num] bx [num] sw [num] ss,1
That's cause your old. I live to be high.,that s cause your old i live to be high,0
Hey what how about your project. Started aha da.,hey what how about your project started aha da,0
How do you plan to manage that,how do you plan to manage that,0
Pls help me tell sura that i'm expecting a battery from hont. And that if should pls send me a message about how to download movies. Thanks,pls help me tell sura that i m expecting a battery from hont and that if should pls send me a message about how to download movies thanks,0
Im at arestaurant eating squid! i will be out about 10:30 wanna dosomething or is that to late?,im at arestaurant eating squid i will be out about [num] [num] wanna dosomething or is that to late,0
U havent lost me ill always b here 4u.i didnt intend 2 hurt u but I never knew how u felt about me when Iwas+marine&thats what itried2tell urmom.i careabout u,u haven t lost me ill always b here [num] u i didn t intend [num] hurt u but i never knew how u felt about me when iwas marine that s what itried [num] tell urmom i careabout u,0
No no:)this is kallis home ground.amla home town is durban:),no no this is kallis home ground amla home town is durban,0
"Cool, text me when you're ready",cool text me when you re ready,0
I'm reaching home in 5 min.,i m reaching home in [num] min,0
And stop being an old man. You get to build snowman snow angels and snowball fights.,and stop being an old man you get to build snowman snow angels and snowball fights,0
No that just means you have a fat head,no that just means you have a fat head,0
Were somewhere on Fredericksburg,were somewhere on fredericksburg,0
"Wn u r hurt by d prsn who s close 2 u, do fight wit dem. Coz somtimes dis fight saves a relation bt being quiet leaves nothin in a relation.. Gud eveB-)",wn u r hurt by d prsn who s close [num] u do fight wit dem coz somtimes dis fight saves a relation bt being quiet leaves nothin in a relation gud eveb,0
Why didn't u call on your lunch?,why didn t u call on your lunch,0
"Aight I've been set free, think you could text me blake's address? It occurs to me I'm not quite as sure what I'm doing as I thought I was",aight i ve been set free think you could text me blake s address it occurs to me i m not quite as sure what i m doing as i thought i was,0
URGENT! We are trying to contact U. Todays draw shows that you have won a £800 prize GUARANTEED. Call 09050003091 from land line. Claim C52. Valid12hrs only,urgent we are trying to contact u todays draw shows that you have won a [num] prize guaranteed call [num] from land line claim c [num] valid [num] hrs only,1
Probably money worries. Things are coming due and i have several outstanding invoices for work i did two and three months ago.,probably money worries things are coming due and i have several outstanding invoices for work i did two and three months ago,0
Ü got wat to buy tell us then ü no need to come in again.,got wat to buy tell us then no need to come in again,0
How have your little darlings been so far this week? Need a coffee run tomo?Can't believe it's that time of week already …,how have your little darlings been so far this week need a coffee run tomo can t believe it s that time of week already,0
Do you know when the result.,do you know when the result,0
When you guys planning on coming over?,when you guys planning on coming over,0
PRIVATE! Your 2003 Account Statement for shows 800 un-redeemed S. I. M. points. Call 08715203694 Identifier Code: 40533 Expires 31/10/04,private your [num] account statement for shows [num] un redeemed s i m points call [num] identifier code [num] expires [num] [num] [num],1
"Night has ended for another day, morning has come in a special way. May you smile like the sunny rays and leaves your worries at the blue blue bay.",night has ended for another day morning has come in a special way may you smile like the sunny rays and leaves your worries at the blue blue bay,0
He needs to stop going to bed and make with the fucking dealing,he needs to stop going to bed and make with the fucking dealing,0
Please don't text me anymore. I have nothing else to say.,please don t text me anymore i have nothing else to say,0
"Nothing, smsing u n xy lor. Sorry lor da guys neva c u in person but they sort of know u lor. So u wan 2 meet them xy ask me 2 bring u along 4 our next meeting.",nothing smsing u n xy lor sorry lor da guys neva c u in person but they sort of know u lor so u wan [num] meet them xy ask me [num] bring u along [num] our next meeting,0
All boys made fun of me today. Ok i have no problem. I just sent one message just for fun,all boys made fun of me today ok i have no problem i just sent one message just for fun,0
"yeah, that's what I was thinking",yeah that s what i was thinking,0
"After my work ah... Den 6 plus lor... U workin oso rite... Den go orchard lor, no other place to go liao...",after my work ah den [num] plus lor u workin oso rite den go orchard lor no other place to go liao,0
Nite nite pocay wocay luv u more than n e thing 4eva I promise ring u 2morrowxxxx,nite nite pocay wocay luv u more than n e thing [num] eva i promise ring u [num] morrowxxxx,0
That means get the door,that means get the door,0
She ran off with a younger man. we will make pretty babies together :),she ran off with a younger man we will make pretty babies together,0
"Er yeah, i will b there at 15:26, sorry! Just tell me which pub/cafe to sit in and come wen u can",er yeah i will b there at [num] [num] sorry just tell me which pub cafe to sit in and come wen u can,0
This pen thing is beyond a joke. Wont a Biro do? Don't do a masters as can't do this ever again! ,this pen thing is beyond a joke wont a biro do don t do a masters as can t do this ever again,0
I am in hospital da. . I will return home in evening,i am in hospital da i will return home in evening,0
Aight sorry I take ten years to shower. What's the plan?,aight sorry i take ten years to shower what s the plan,0
WIN a £200 Shopping spree every WEEK Starting NOW. 2 play text STORE to 88039. SkilGme. TsCs08714740323 1Winawk! age16 £1.50perweeksub.,win a [num] shopping spree every week starting now [num] play text store to [num] skilgme tscs [num] [num] winawk age [num] [num] [num] perweeksub,1
I HAVE A DATE ON SUNDAY WITH WILL!!,i have a date on sunday with will,0
U still havent got urself a jacket ah?,u still havent got urself a jacket ah,0
"I got arrested for possession at, I shit you not,  &lt;TIME&gt;  pm",i got arrested for possession at i shit you not lt time gt pm,0
Ok thanx...,ok thanx,0
"K, my roommate also wants a dubsack and another friend may also want some so plan on bringing extra, I'll tell you when they know for sure",k my roommate also wants a dubsack and another friend may also want some so plan on bringing extra i ll tell you when they know for sure,0
You have registered Sinco as Payee. Log in at icicibank.com and enter URN  &lt;#&gt;  to confirm. Beware of frauds. Do NOT share or disclose URN to anyone.,you have registered sinco as payee log in at icicibank com and enter urn lt gt to confirm beware of frauds do not share or disclose urn to anyone,0
Yoyyooo u know how to change permissions for a drive in mac. My usb flash drive,yoyyooo u know how to change permissions for a drive in mac my usb flash drive,0
R u here yet? I'm wearing blue shirt n black pants.,r u here yet i m wearing blue shirt n black pants,0
With my sis lor... We juz watched italian job.,with my sis lor we juz watched italian job,0
"My sister in law, hope you are having a great month. Just saying hey. Abiola",my sister in law hope you are having a great month just saying hey abiola,0
"I av a new number,  . Wil u only use this one,ta.",i av a new number wil u only use this one ta,0
ASKED 3MOBILE IF 0870 CHATLINES INCLU IN FREE MINS. INDIA CUST SERVs SED YES. L8ER GOT MEGA BILL. 3 DONT GIV A SHIT. BAILIFF DUE IN DAYS. I O £250 3 WANT £800,asked [num] mobile if [num] chatlines inclu in free mins india cust servs sed yes l [num] er got mega bill [num] dont giv a shit bailiff due in days i o [num] [num] want [num],1
Dont talk to him ever ok its my word.,dont talk to him ever ok its my word,0
Ok no prob,ok no prob,0
Reply to win £100 weekly! Where will the 2006 FIFA World Cup be held? Send STOP to 87239 to end service,reply to win [num] weekly where will the [num] fifa world cup be held send stop to [num] to end service,1
Customer place i will call you,customer place i will call you,0
Yo you guys ever figure out how much we need for alcohol? Jay and I are trying to figure out how much we can safely spend on weed,yo you guys ever figure out how much we need for alcohol jay and i are trying to figure out how much we can safely spend on weed,0
U really pig leh sleep so much. My dad wake me up at 10 smth 2 eat lunch today.,u really pig leh sleep so much my dad wake me up at [num] smth [num] eat lunch today,0
No other Valentines huh? The proof is on your fb page. Ugh I'm so glad I really DIDN'T watch your rupaul show you TOOL!,no other valentines huh the proof is on your fb page ugh i m so glad i really didn t watch your rupaul show you tool,0
Well then you have a great weekend!,well then you have a great weekend,0
"Lets use it next week, princess :)",lets use it next week princess,0
U're welcome... Caught u using broken english again...,u re welcome caught u using broken english again,0
I could ask carlos if we could get more if anybody else can chip in,i could ask carlos if we could get more if anybody else can chip in,0
I'm in inside office..still filling forms.don know when they leave me.,i m in inside office still filling forms don know when they leave me,0
U don't know how stubborn I am. I didn't even want to go to the hospital. I kept telling Mark I'm not a weak sucker. Hospitals are for weak suckers.,u don t know how stubborn i am i didn t even want to go to the hospital i kept telling mark i m not a weak sucker hospitals are for weak suckers,0
Thanks for ve lovely wisheds. You rock,thanks for ve lovely wisheds you rock,0
Hi. Hope you had a good day. Have a better night.,hi hope you had a good day have a better night,0
So do you have samus shoulders yet,so do you have samus shoulders yet,0
"New Tones This week include: 1)McFly-All Ab.., 2) Sara Jorge-Shock.. 3) Will Smith-Switch.. To order follow instructions on next message",new tones this week include [num] mcfly all ab [num] sara jorge shock [num] will smith switch to order follow instructions on next message,1
"U can WIN £100 of Music Gift Vouchers every week starting NOW Txt the word DRAW to 87066 TsCs www.Idew.com SkillGame, 1Winaweek, age16. 150ppermessSubscription",u can win [num] of music gift vouchers every week starting now txt the word draw to [num] tscs [url] skillgame [num] winaweek age [num] [num] ppermesssubscription,1
Happy birthday to you....dear.with lots of love.rakhesh NRI,happy birthday to you dear with lots of love rakhesh nri,0
"Dear Matthew please call 09063440451 from a landline, your complimentary 4*Lux Tenerife holiday or £1000 CASH await collection. ppm150 SAE T&Cs Box334 SK38XH.",dear matthew please call [num] from a landline your complimentary [num] lux tenerife holiday or [num] cash await collection ppm [num] sae t cs box [num] sk [num] xh,1
I thk 530 lor. But dunno can get tickets a not. Wat u doing now?,i thk [num] lor but dunno can get tickets a not wat u doing now,0
Ok i go change also...,ok i go change also,0
* Thought I didn't see you.,thought i didn t see you,0
"Call me, i am senthil from hsbc.",call me i am senthil from hsbc,0
The bus leaves at  &lt;#&gt; ,the bus leaves at lt gt,0
Its worse if if uses half way then stops. Its better for him to complete it.,its worse if if uses half way then stops its better for him to complete it,0
A lot of this sickness thing going round. Take it easy. Hope u feel better soon. Lol,a lot of this sickness thing going round take it easy hope u feel better soon lol,0
Then u ask darren go n pick u lor... But i oso sian tmr haf 2 meet lect...,then u ask darren go n pick u lor but i oso sian tmr haf [num] meet lect,0
You can donate £2.50 to UNICEF's Asian Tsunami disaster support fund by texting DONATE to 864233. £2.50 will be added to your next bill,you can donate [num] [num] to unicef s asian tsunami disaster support fund by texting donate to [num] [num] [num] will be added to your next bill,1
I like dis sweater fr mango but no more my size already so irritating.,i like dis sweater fr mango but no more my size already so irritating,0
Or ü go buy wif him then i meet ü later can?,or go buy wif him then i meet later can,0
No management puzzeles.,no management puzzeles,0
Oi when you gonna ring,oi when you gonna ring,0
K...k...when will you give treat?,k k when will you give treat,0
Getting tickets 4 walsall tue 6 th march. My mate is getting me them on sat. ill pay my treat. Want 2 go. Txt bak .Terry,getting tickets [num] walsall tue [num] th march my mate is getting me them on sat ill pay my treat want [num] go txt bak terry,0
How much is torch in 9ja.,how much is torch in [num] ja,0
"Its ok chikku, and its my 1 of favourite song..:-)",its ok chikku and its my [num] of favourite song,0
I lost 4 pounds since my doc visit last week woot woot! Now I'm gonna celebrate by stuffing my face!,i lost [num] pounds since my doc visit last week woot woot now i m gonna celebrate by stuffing my face,0
Tell me again what your address is,tell me again what your address is,0
At what time are you coming.,at what time are you coming,0
Every day i use to sleep after  &lt;#&gt;  so only.,every day i use to sleep after lt gt so only,0
Lol! Oops sorry! Have fun. ,lol oops sorry have fun,0
Can you talk with me..,can you talk with me,0
"What do u reckon as need 2 arrange transport if u can't do it, thanks",what do u reckon as need [num] arrange transport if u can t do it thanks,0
Infact happy new year. How are you where are you when are we seeing,infact happy new year how are you where are you when are we seeing,0
Come aftr  &lt;DECIMAL&gt; ..now i m cleaning the house,come aftr lt decimal gt now i m cleaning the house,0
"That‘s the thing with apes, u can fight to the death to keep something, but the minute they have it when u let go, thats it!",that s the thing with apes u can fight to the death to keep something but the minute they have it when u let go thats it,0
Yup he msg me: is tat yijue? Then i tot it's my group mate cos we meeting today mah... I'm askin if ü leaving earlier or wat mah cos mayb ü haf to walk v far...,yup he msg me is tat yijue then i tot it s my group mate cos we meeting today mah i m askin if leaving earlier or wat mah cos mayb haf to walk v far,0
"Want to funk up ur fone with a weekly new tone reply TONES2U 2 this text. www.ringtones.co.uk, the original n best. Tones 3GBP network operator rates apply",want to funk up ur fone with a weekly new tone reply tones [num] u [num] this text [url] the original n best tones [num] gbp network operator rates apply,1
Well. Balls. Time to make calls,well balls time to make calls,0
X2  &lt;#&gt; . Are you going to get that,x [num] lt gt are you going to get that,0
Hello beautiful r u ok? I've kinda ad a row wiv and he walked out the pub?? I wanted a night wiv u Miss u ,hello beautiful r u ok i ve kinda ad a row wiv and he walked out the pub i wanted a night wiv u miss u,0
Good. No swimsuit allowed :),good no swimsuit allowed,0
Uhhhhrmm isnt having tb test bad when youre sick,uhhhhrmm isnt having tb test bad when youre sick,0
"Hmmm ... I thought we said 2 hours slave, not 3 ... You are late ... How should I punish you ?",hmmm i thought we said [num] hours slave not [num] you are late how should i punish you,0
"Yeah we wouldn't leave for an hour at least, how's 4 sound?",yeah we wouldn t leave for an hour at least how s [num] sound,0
I see the letter B on my car,i see the letter b on my car,0
"Easy mate, * guess the quick drink was bit ambitious.",easy mate guess the quick drink was bit ambitious,0
If I die I want u to have all my stuffs.,if i die i want u to have all my stuffs,0
We have pizza if u want,we have pizza if u want,0
Happy birthday... May all ur dreams come true...,happy birthday may all ur dreams come true,0
Ummmmmaah Many many happy returns of d day my dear sweet heart.. HAPPY BIRTHDAY dear,ummmmmaah many many happy returns of d day my dear sweet heart happy birthday dear,0
"Living is very simple.. Loving is also simple.. Laughing is too simple.. Winning is tooo simple.. But, Being 'SIMPLE' is very difficult...;-) :-)",living is very simple loving is also simple laughing is too simple winning is tooo simple but being simple is very difficult,0
I think just yourself …Thanks and see you tomo,i think just yourself thanks and see you tomo,0
Oh yeah clearly it's my fault,oh yeah clearly it s my fault,0
Yes I started to send requests to make it but pain came back so I'm back in bed. Double coins at the factory too. I gotta cash in all my nitros.,yes i started to send requests to make it but pain came back so i m back in bed double coins at the factory too i gotta cash in all my nitros,0
"Pity, * was in mood for that. So...any other suggestions?",pity was in mood for that so any other suggestions,0
Are you the cutest girl in the world or what,are you the cutest girl in the world or what,0
Black shirt n blue jeans... I thk i c ü...,black shirt n blue jeans i thk i c,0
Eh ur laptop got no stock lei... He say mon muz come again to take a look c got a not...,eh ur laptop got no stock lei he say mon muz come again to take a look c got a not,0
In life when you face choices Just toss a coin not becoz its settle the question But while the coin in the air U will know what your heart is hoping for. Gudni8,in life when you face choices just toss a coin not becoz its settle the question but while the coin in the air u will know what your heart is hoping for gudni [num],0
Lol grr my mom is taking forever with my prescription. Pharmacy is like 2 minutes away. Ugh.,lol grr my mom is taking forever with my prescription pharmacy is like [num] minutes away ugh,0
I doubt you could handle 5 times per night in any case...,i doubt you could handle [num] times per night in any case,0
I want to be inside you every night...,i want to be inside you every night,0
Hiya do u like the hlday pics looked horrible in them so took mo out! Hows the camp Amrca thing? Speak soon Serena:),hiya do u like the hlday pics looked horrible in them so took mo out hows the camp amrca thing speak soon serena,0
Might ax well im there.,might ax well im there,0
Ah poop. Looks like ill prob have to send in my laptop to get fixed cuz it has a gpu problem,ah poop looks like ill prob have to send in my laptop to get fixed cuz it has a gpu problem,0
Wat time ü wan today?,wat time wan today,0
ELLO BABE U OK?,ello babe u ok,0
I went to project centre,i went to project centre,0
I bought the test yesterday. Its something that lets you know the exact day u ovulate.when will get 2u in about 2 to 3wks. But pls pls dont fret. I know u r worried. Pls relax. Also is there anything in ur past history u need to tell me?,i bought the test yesterday its something that lets you know the exact day u ovulate when will get [num] u in about [num] to [num] wks but pls pls dont fret i know u r worried pls relax also is there anything in ur past history u need to tell me,0
OH FUCK. JUSWOKE UP IN A BED ON A BOATIN THE DOCKS. SLEPT WID 25 YEAR OLD. SPINOUT! GIV U DA GOSSIP L8R. XXX,oh fuck juswoke up in a bed on a boatin the docks slept wid [num] year old spinout giv u da gossip l [num] r xxx,0
Badrith is only for chennai:)i will surely pick for us:)no competition for him.,badrith is only for chennai i will surely pick for us no competition for him,0
Some are lasting as much as 2 hours. You might get lucky.,some are lasting as much as [num] hours you might get lucky,0
Huh so slow i tot u reach long ago liao... U 2 more days only i 4 more leh...,huh so slow i tot u reach long ago liao u [num] more days only i [num] more leh,0
I had it already..sabarish asked me to go..,i had it already sabarish asked me to go,0
URGENT! We are trying to contact U. Todays draw shows that you have won a £800 prize GUARANTEED. Call 09050001295 from land line. Claim A21. Valid 12hrs only,urgent we are trying to contact u todays draw shows that you have won a [num] prize guaranteed call [num] from land line claim a [num] valid [num] hrs only,1
* Was thinking about chuckin ur red green n black trainners 2 save carryin them bac on train,was thinking about chuckin ur red green n black trainners [num] save carryin them bac on train,0
I'm still looking for a car to buy. And have not gone 4the driving test yet.,i m still looking for a car to buy and have not gone [num] the driving test yet,0
Please give it 2  or i will pick it up on Tuesday evening about 8 if that is ok.,please give it [num] or i will pick it up on tuesday evening about [num] if that is ok,0
Speak only when you feel your words are better than the silence... Gud mrng:-),speak only when you feel your words are better than the silence gud mrng,0
You call him and tell now infront of them. Call him now.,you call him and tell now infront of them call him now,0
Yeah I don't see why not,yeah i don t see why not,0
"The last thing i ever wanted to do was hurt you. And i didn't think it would have. You'd laugh, be embarassed, delete the tag and keep going. But as far as i knew, it wasn't even up. The fact that you even felt like i would do it to hurt you shows you really don't know me at all. It was messy wednesday, but it wasn't bad. The problem i have with it is you HAVE the time to clean it, but you choose not to. You skype, you take pictures, you sleep, you want to go out. I don't mind a few things here and there, but when you don't make the bed, when you throw laundry on top of it, when i can't have a friend in the house because i'm embarassed that there's underwear and bras strewn on the bed, pillows on the floor, that's something else. You used to be good about at least making the bed.",the last thing i ever wanted to do was hurt you and i didn t think it would have you d laugh be embarassed delete the tag and keep going but as far as i knew it wasn t even up the fact that you even felt like i would do it to hurt you shows you really don t know me at all it was messy wednesday but it wasn t bad the problem i have with it is you have the time to clean it but you choose not to you skype you take pictures you sleep you want to go out i don t mind a few things here and there but when you don t make the bed when you throw laundry on top of it when i can t have a friend in the house because i m embarassed that there s underwear and bras strewn on the bed pillows on the floor that s something else you used to be good about at least making the bed,0
"SMS. ac Blind Date 4U!: Rodds1 is 21/m from Aberdeen, United Kingdom. Check Him out http://img. sms. ac/W/icmb3cktz8r7!-4 no Blind Dates send HIDE",sms ac blind date [num] u rodds [num] is [num] m from aberdeen united kingdom check him out [url] sms ac w icmb [num] cktz [num] r [num] [num] no blind dates send hide,1
Waaaat?? Lololo ok next time then!,waaaat lololo ok next time then,0
"Good morning, my boytoy! How's those yummy lips ? Where's my sexy buns now ? What do you do ? Do you think of me ? Do you crave me ? Do you need me ?",good morning my boytoy how s those yummy lips where s my sexy buns now what do you do do you think of me do you crave me do you need me,0
Happy valentines day I know its early but i have hundreds of handsomes and beauties to wish. So i thought to finish off aunties and uncles 1st...,happy valentines day i know its early but i have hundreds of handsomes and beauties to wish so i thought to finish off aunties and uncles [num] st,0
U have won a nokia 6230 plus a free digital camera. This is what u get when u win our FREE auction. To take part send NOKIA to 83383 now. POBOX114/14TCR/W1 16,u have won a nokia [num] plus a free digital camera this is what u get when u win our free auction to take part send nokia to [num] now pobox [num] [num] tcr w [num] [num],1
K:)k..its good:)when are you going?,k k its good when are you going,0
Now project pa. After that only i can come.,now project pa after that only i can come,0
Cool. Do you like swimming? I have a pool and jacuzzi at my house.,cool do you like swimming i have a pool and jacuzzi at my house,0
"How about clothes, jewelry, and trips?",how about clothes jewelry and trips,0
You are a big chic. Common. Declare,you are a big chic common declare,0
There bold 2  &lt;#&gt; . Is that yours,there bold [num] lt gt is that yours,0
Many more happy returns of the day. I wish you happy birthday.,many more happy returns of the day i wish you happy birthday,0
Or u ask they all if next sat can a not. If all of them can make it then i'm ok lor.,or u ask they all if next sat can a not if all of them can make it then i m ok lor,0
"Anyway I don't think I can secure anything up here, lemme know if you want me to drive down south and chill",anyway i don t think i can secure anything up here lemme know if you want me to drive down south and chill,0
Mum say we wan to go then go... Then she can shun bian watch da glass exhibition... ,mum say we wan to go then go then she can shun bian watch da glass exhibition,0
"Oh yes, why is it like torture watching england?",oh yes why is it like torture watching england,0
"The guy (kadeem) hasn't been selling since the break, I know one other guy but he's paranoid as fuck and doesn't like selling without me there and I can't be up there til late tonight",the guy kadeem hasn t been selling since the break i know one other guy but he s paranoid as fuck and doesn t like selling without me there and i can t be up there til late tonight,0
Apo all other are mokka players only,apo all other are mokka players only,0
"Urgent -call 09066649731from Landline. Your complimentary 4* Ibiza Holiday or £10,000 cash await collection SAE T&Cs PO BOX 434 SK3 8WP 150ppm 18+",urgent call [num] from landline your complimentary [num] ibiza holiday or [num] [num] cash await collection sae t cs po box [num] sk [num] [num] wp [num] ppm [num],1
"Madam,regret disturbance.might receive a reference check from DLF Premarica.kindly be informed.Rgds,Rakhesh,Kerala.",madam regret disturbance might receive a reference check from dlf premarica kindly be informed rgds rakhesh kerala,0
So what do you guys do.,so what do you guys do,0
Will purchase d stuff today and mail to you. Do you have a po box number?,will purchase d stuff today and mail to you do you have a po box number,0
Simply sitting and watching match in office..,simply sitting and watching match in office,0
Two teams waiting for some players,two teams waiting for some players,0
"Princess, i like to make love  &lt;#&gt;  times per night. Hope thats not a problem!",princess i like to make love lt gt times per night hope thats not a problem,0
K..k:)how much does it cost?,k k how much does it cost,0
"Spoke with uncle john today. He strongly feels that you need to sacrifice to keep me here. He's going to call you. When he does, i beg you to just listen. Dont make any promises or make it clear things are not easy. And i need you to please let us work things out. As long as i keep expecting help, my creativity will be stifled so pls just keep him happy, no promises on your part.",spoke with uncle john today he strongly feels that you need to sacrifice to keep me here he s going to call you when he does i beg you to just listen dont make any promises or make it clear things are not easy and i need you to please let us work things out as long as i keep expecting help my creativity will be stifled so pls just keep him happy no promises on your part,0
Ü neva tell me how i noe... I'm not at home in da aft wat... ,neva tell me how i noe i m not at home in da aft wat,0
Pls go ahead with watts. I just wanted to be sure. Do have a great weekend. Abiola,pls go ahead with watts i just wanted to be sure do have a great weekend abiola,0
All e best 4 ur exam later.,all e best [num] ur exam later,0
Aight ill get on fb in a couple minutes,aight ill get on fb in a couple minutes,0
Hey i will be late... i'm at amk. Need to drink tea or coffee,hey i will be late i m at amk need to drink tea or coffee,0
"Hey, I missed you tm of last night as my phone was on the charge ... *smiles* ... I am meeting a friend shortly",hey i missed you tm of last night as my phone was on the charge smiles i am meeting a friend shortly,0
" says that he's quitting at least5times a day so i wudn't take much notice of that. Nah, she didn't mind. Are you gonna see him again? Do you want to come to taunton tonight? U can tell me all about !",says that he s quitting at least [num] times a day so i wudn t take much notice of that nah she didn t mind are you gonna see him again do you want to come to taunton tonight u can tell me all about,0
Is ur paper today in e morn or aft?,is ur paper today in e morn or aft,0
500 free text msgs. Just text ok to 80488 and we'll credit your account,[num] free text msgs just text ok to [num] and we ll credit your account,1
U’ve Bin Awarded £50 to Play 4 Instant Cash. Call 08715203028 To Claim. EVERY 9th Player Wins Min £50-£500. OptOut 08718727870,u ve bin awarded [num] to play [num] instant cash call [num] to claim every [num] th player wins min [num] [num] optout [num],1
"aight we can pick some up, you open before tonight?",aight we can pick some up you open before tonight,0
Cold. Dont be sad dear,cold dont be sad dear,0
Did u find out what time the bus is at coz i need to sort some stuff out.,did u find out what time the bus is at coz i need to sort some stuff out,0
TheMob>Yo yo yo-Here comes a new selection of hot downloads for our members to get for FREE! Just click & open the next link sent to ur fone...,themob yo yo yo here comes a new selection of hot downloads for our members to get for free just click open the next link sent to ur fone,1
Dude how do you like the buff wind.,dude how do you like the buff wind,0
I want to sent  &lt;#&gt; mesages today. Thats y. Sorry if i hurts,i want to sent lt gt mesages today thats y sorry if i hurts,0
Just haven't decided where yet eh ?,just haven t decided where yet eh,0
"Sometimes we put walls around our hearts,not just to be safe from getting hurt.. But to find out who cares enough to break the walls &amp; get closer.. GOODNOON:)",sometimes we put walls around our hearts not just to be safe from getting hurt but to find out who cares enough to break the walls amp get closer goodnoon,0
Thank u!,thank u,0
You'll never believe this but i have actually got off at taunton. Wow,you ll never believe this but i have actually got off at taunton wow,0
Love you aathi..love u lot..,love you aathi love u lot,0
Sday only joined.so training we started today:),sday only joined so training we started today,0
"Good stuff, will do.",good stuff will do,0
Rofl. Its true to its name,rofl its true to its name,0
"Just looked it up and addie goes back Monday, sucks to be her",just looked it up and addie goes back monday sucks to be her,0
Oh ok wait 4 me there... My lect havent finish,oh ok wait [num] me there my lect havent finish,0
My trip was ok but quite tiring lor. Uni starts today but it's ok 4 me cos i'm not taking any modules but jus concentrating on my final yr project.,my trip was ok but quite tiring lor uni starts today but it s ok [num] me cos i m not taking any modules but jus concentrating on my final yr project,0
"A swt thought: ""Nver get tired of doing little things 4 lovable persons.."" Coz..somtimes those little things occupy d biggest part in their Hearts.. Gud ni8",a swt thought nver get tired of doing little things [num] lovable persons coz somtimes those little things occupy d biggest part in their hearts gud ni [num],0
Yo sorry was in the shower sup,yo sorry was in the shower sup,0
WIN a year supply of CDs 4 a store of ur choice worth £500 & enter our £100 Weekly draw txt MUSIC to 87066 Ts&Cs www.Ldew.com.subs16+1win150ppmx3,win a year supply of cds [num] a store of ur choice worth [num] enter our [num] weekly draw txt music to [num] ts cs [url],1
"Painful words- ""I thought being Happy was the most toughest thing on Earth... But, the toughest is acting Happy with all unspoken pain inside..""",painful words i thought being happy was the most toughest thing on earth but the toughest is acting happy with all unspoken pain inside,0
So lets make it saturday or monday as per convenience.,so lets make it saturday or monday as per convenience,0
Cbe is really good nowadays:)lot of shop and showrooms:)city is shaping good.,cbe is really good nowadays lot of shop and showrooms city is shaping good,0
No break time one... How... I come out n get my stuff fr ü?,no break time one how i come out n get my stuff fr,0
Ding me on ya break fassyole! Blacko from londn,ding me on ya break fassyole blacko from londn,0
Who's there say hi to our drugdealer,who s there say hi to our drugdealer,0
"Latest News! Police station toilet stolen, cops have nothing to go on!",latest news police station toilet stolen cops have nothing to go on,1
Holy living christ what is taking you so long,holy living christ what is taking you so long,0
"Sorry,in meeting I'll call later",sorry in meeting i ll call later,0
Yup ü not comin :-(,yup not comin,0
Its on in engalnd! But telly has decided it won't let me watch it and mia and elliot were kissing! Damn it!,its on in engalnd but telly has decided it won t let me watch it and mia and elliot were kissing damn it,0
1Apple/Day=No Doctor. 1Tulsi Leaf/Day=No Cancer. 1Lemon/Day=No Fat. 1Cup Milk/day=No Bone Problms 3 Litres Watr/Day=No Diseases Snd ths 2 Whom U Care..:-),[num] apple day no doctor [num] tulsi leaf day no cancer [num] lemon day no fat [num] cup milk day no bone problms [num] litres watr day no diseases snd ths [num] whom u care,0
You are a very very very very bad girl. Or lady.,you are a very very very very bad girl or lady,0
Oh k.i think most of wi and nz players unsold.,oh k i think most of wi and nz players unsold,0
4mths half price Orange line rental & latest camera phones 4 FREE. Had your phone 11mths+? Call MobilesDirect free on 08000938767 to update now! or2stoptxt T&Cs,[num] mths half price orange line rental latest camera phones [num] free had your phone [num] mths call mobilesdirect free on [num] to update now or [num] stoptxt t cs,1
How dare you stupid. I wont tell anything to you. Hear after i wont talk to you:-.,how dare you stupid i wont tell anything to you hear after i wont talk to you,0
Do you like Italian food?,do you like italian food,0
"Romantic Paris. 2 nights, 2 flights from £79 Book now 4 next year. Call 08704439680Ts&Cs apply.",romantic paris [num] nights [num] flights from [num] book now [num] next year call [num] ts cs apply,1
Loans for any purpose even if you have Bad Credit! Tenants Welcome. Call NoWorriesLoans.com on 08717111821,loans for any purpose even if you have bad credit tenants welcome call noworriesloans com on [num],1
"Sounds good, keep me posted",sounds good keep me posted,0
Ho ho - big belly laugh! See ya tomo,ho ho big belly laugh see ya tomo,0
URGENT! Your Mobile number has been awarded with a £2000 prize GUARANTEED. Call 09061790126 from land line. Claim 3030. Valid 12hrs only 150ppm,urgent your mobile number has been awarded with a [num] prize guaranteed call [num] from land line claim [num] valid [num] hrs only [num] ppm,1
Jay's getting really impatient and belligerent,jay s getting really impatient and belligerent,0
Good evening! this is roger. How are you?,good evening this is roger how are you,0
Lol ok. I'll snatch her purse too.,lol ok i ll snatch her purse too,0
22 days to kick off! For Euro2004 U will be kept up to date with the latest news and results daily. To be removed send GET TXT STOP to 83222,[num] days to kick off for euro [num] u will be kept up to date with the latest news and results daily to be removed send get txt stop to [num],1
God's love has no limit. God's grace has no measure. God's power has no boundaries. May u have God's endless blessings always in ur life...!! Gud ni8,god s love has no limit god s grace has no measure god s power has no boundaries may u have god s endless blessings always in ur life gud ni [num],0
Dude got a haircut. Now its breezy up there,dude got a haircut now its breezy up there,0
Lol or I could just starve and lose a pound by the end of the day.,lol or i could just starve and lose a pound by the end of the day,0
"Thank you. And by the way, I just lost.",thank you and by the way i just lost,0
Hey morning what you come to ask:-) pa...,hey morning what you come to ask pa,0
Are you coming to day for class.,are you coming to day for class,0
Be happy there. I will come after noon,be happy there i will come after noon,0
Alright. I'm out--have a good night!,alright i m out have a good night,0
"Hey. What happened? U switch off ur cell d whole day. This isnt good. Now if u do care, give me a call tomorrow.",hey what happened u switch off ur cell d whole day this isnt good now if u do care give me a call tomorrow,0
Loosu go to hospital. De dont let it careless.,loosu go to hospital de dont let it careless,0
I sent them. Do you like?,i sent them do you like,0
:-( sad puppy noise,sad puppy noise,0
Cab is available.they pick up and drop at door steps.,cab is available they pick up and drop at door steps,0
"Dad wanted to talk about the apartment so I got a late start, omw now",dad wanted to talk about the apartment so i got a late start omw now,0
Staff of placement training in Amrita college.,staff of placement training in amrita college,0
So li hai... Me bored now da lecturer repeating last weeks stuff waste time... ,so li hai me bored now da lecturer repeating last weeks stuff waste time,0
will you like to be spoiled? :),will you like to be spoiled,0
Hey you around? I've got enough for a half + the ten I owe you,hey you around i ve got enough for a half the ten i owe you,0
"Just dropped em off, omw back now",just dropped em off omw back now,0
Just wait till end of march when el nino gets himself. Oh.,just wait till end of march when el nino gets himself oh,0
Ok lor. I'm in town now lei.,ok lor i m in town now lei,0
The message sent is askin for  &lt;#&gt; dollars. Shoul i pay  &lt;#&gt;  or  &lt;#&gt; ?,the message sent is askin for lt gt dollars shoul i pay lt gt or lt gt,0
Just got outta class gonna go gym.,just got outta class gonna go gym,0
Nice line said by a broken heart- Plz don't cum 1 more times infront of me... Other wise once again I ll trust U... Good 9t:),nice line said by a broken heart plz don t cum [num] more times infront of me other wise once again i ll trust u good [num] t,0
"Urgent! call 09061749602 from Landline. Your complimentary 4* Tenerife Holiday or £10,000 cash await collection SAE T&Cs BOX 528 HP20 1YF 150ppm 18+",urgent call [num] from landline your complimentary [num] tenerife holiday or [num] [num] cash await collection sae t cs box [num] hp [num] [num] yf [num] ppm [num],1
Am not interested to do like that.,am not interested to do like that,0
God created gap btwn ur fingers so dat sum1 vry special will fill those gaps by holding ur hands.. Now plz dont ask y he created so much gap between legs !!!,god created gap btwn ur fingers so dat sum [num] vry special will fill those gaps by holding ur hands now plz dont ask y he created so much gap between legs,0
Uncle boye. I need movies oh. Guide me. Plus you know torrents are not particularly legal here. And the system is slowing down. What should i do. Have a gr8 day. Plus have you started cos i dont meet you online. How was the honey moon.,uncle boye i need movies oh guide me plus you know torrents are not particularly legal here and the system is slowing down what should i do have a gr [num] day plus have you started cos i dont meet you online how was the honey moon,0
All done? All handed in? Celebrations in full swing yet?,all done all handed in celebrations in full swing yet,0
Do you want a new Video phone? 600 anytime any network mins 400 Inclusive Video calls AND downloads 5 per week Free delTOMORROW call 08002888812 or reply NOW,do you want a new video phone [num] anytime any network mins [num] inclusive video calls and downloads [num] per week free deltomorrow call [num] or reply now,1
I'm leaving my house now...,i m leaving my house now,0
"You aren't coming home between class, right? I need to work out and shower!",you aren t coming home between class right i need to work out and shower,0
"Al he does is moan at me if n e thin goes wrong its my fault&al de arguments r my fault&fed up of him of himso y bother? Hav 2go, thanx.xx",al he does is moan at me if n e thin goes wrong its my fault al de arguments r my fault fed up of him of himso y bother hav [num] go thanx xx,0
"I'll see if I can swing by in a bit, got some things to take care of here firsg",i ll see if i can swing by in a bit got some things to take care of here firsg,0
How is your schedule next week? I am out of town this weekend.,how is your schedule next week i am out of town this weekend,0
MY NO. IN LUTON 0125698789 RING ME IF UR AROUND! H*,my no in luton [num] ring me if ur around h,0
"New Theory: Argument wins d SITUATION, but loses the PERSON. So dont argue with ur friends just.. . . . kick them &amp; say, I'm always correct.!",new theory argument wins d situation but loses the person so dont argue with ur friends just kick them amp say i m always correct,0
Hello! How r u? Im bored. Inever thought id get bored with the tv but I am. Tell me something exciting has happened there? Anything! =/,hello how r u im bored inever thought id get bored with the tv but i am tell me something exciting has happened there anything,0
"I can't, I don't have her number!",i can t i don t have her number,0
"Only just got this message, not ignoring you. Yes, i was. Shopping that is",only just got this message not ignoring you yes i was shopping that is,0
"It's cool, we can last a little while. Getting more any time soon?",it s cool we can last a little while getting more any time soon,0
I'm gonna rip out my uterus.,i m gonna rip out my uterus,0
Wot about on wed nite I am 3 then but only til 9!,wot about on wed nite i am [num] then but only til [num],0
R ü comin back for dinner?,r comin back for dinner,0
"Yes, princess. Toledo.",yes princess toledo,0
No problem with the renewal. I.ll do it right away but i dont know his details.,no problem with the renewal i ll do it right away but i dont know his details,0
Ultimately tor motive tui achieve korli.,ultimately tor motive tui achieve korli,0
Aiya we discuss later lar... Pick ü up at 4 is it?,aiya we discuss later lar pick up at [num] is it,0
Printer is cool. I mean groovy. Wine is groovying,printer is cool i mean groovy wine is groovying,0
I was at bugis juz now wat... But now i'm walking home oredi... Ü so late then reply... I oso saw a top dat i like but din buy... Where r ü now? ,i was at bugis juz now wat but now i m walking home oredi so late then reply i oso saw a top dat i like but din buy where r now,0
I tagged MY friends that you seemed to count as YOUR friends.,i tagged my friends that you seemed to count as your friends,0
No screaming means shouting..,no screaming means shouting,0
"Until 545 lor... Ya, can go 4 dinner together...",until [num] lor ya can go [num] dinner together,0
"naughty little thought: 'its better to flirt, flirt n flirt, rather than loving someone n gettin hurt, hurt n hurt...:-) Gud nyt",naughty little thought its better to flirt flirt n flirt rather than loving someone n gettin hurt hurt n hurt gud nyt,0
Jus finished avatar nigro,jus finished avatar nigro,0
&lt;#&gt;  am I think? Should say on syllabus,lt gt am i think should say on syllabus,0
"Okay, good, no problem, and thanx!",okay good no problem and thanx,0
"URGENT, IMPORTANT INFORMATION FOR O2 USER. TODAY IS YOUR LUCKY DAY! 2 FIND OUT WHY LOG ONTO HTTP://WWW.URAWINNER.COM THERE IS A FANTASTIC SURPRISE AWAITING FOR YOU",urgent important information for o [num] user today is your lucky day [num] find out why log onto [url] there is a fantastic surprise awaiting for you,1
K...k:)why cant you come here and search job:),k k why cant you come here and search job,0
Yeah like if it goes like it did with my friends imma flip my shit in like half an hour,yeah like if it goes like it did with my friends imma flip my shit in like half an hour,0
What he said is not the matter. My mind saying some other matter is there.,what he said is not the matter my mind saying some other matter is there,0
"Babe, have you got enough money to pick up bread and milk ? And I'll give you it back when you get home ?",babe have you got enough money to pick up bread and milk and i ll give you it back when you get home,0
Ringtone Club: Gr8 new polys direct to your mobile every week !,ringtone club gr [num] new polys direct to your mobile every week,1
No plm i will come da. On the way.,no plm i will come da on the way,0
R u in this continent?,r u in this continent,0
URGENT! We are trying to contact U Todays draw shows that you have won a £800 prize GUARANTEED. Call 09050000460 from land line. Claim J89. po box245c2150pm,urgent we are trying to contact u todays draw shows that you have won a [num] prize guaranteed call [num] from land line claim j [num] po box [num] c [num] pm,1
Pathaya enketa maraikara pa',pathaya enketa maraikara pa,0
I love u 2 my little pocy bell I am sorry but I love u,i love u [num] my little pocy bell i am sorry but i love u,0
"Vikky, come around  &lt;TIME&gt; ..",vikky come around lt time gt,0
I will see in half an hour,i will see in half an hour,0
"Didn't try, g and I decided not to head out",didn t try g and i decided not to head out,0
"Cool breeze... Bright sun... Fresh flower... Twittering birds... All these waiting to wish u: ""GOODMORNING &amp; HAVE A NICE DAY"" :)",cool breeze bright sun fresh flower twittering birds all these waiting to wish u goodmorning amp have a nice day,0
We not leaving yet. Ok lor then we go elsewhere n eat. U thk...,we not leaving yet ok lor then we go elsewhere n eat u thk,0
Yes i thought so. Thanks.,yes i thought so thanks,0
"Win the newest Harry Potter and the Order of the Phoenix (Book 5) reply HARRY, answer 5 questions - chance to be the first among readers!",win the newest harry potter and the order of the phoenix book [num] reply harry answer [num] questions chance to be the first among readers,1
"It's that time of the week again, ryan",it s that time of the week again ryan,0
SMS AUCTION - A BRAND NEW Nokia 7250 is up 4 auction today! Auction is FREE 2 join & take part! Txt NOKIA to 86021 now!,sms auction a brand new nokia [num] is up [num] auction today auction is free [num] join take part txt nokia to [num] now,1
Wake me up at  &lt;#&gt;  am morning:),wake me up at lt gt am morning,0
But i dint slept in afternoon.,but i dint slept in afternoon,0
Onum ela pa. Normal than.,onum ela pa normal than,0
If you're not in my car in an hour and a half I'm going apeshit,if you re not in my car in an hour and a half i m going apeshit,0
S...i will take mokka players only:),s i will take mokka players only,0
"Haha yeah I see that now, be there in a sec",haha yeah i see that now be there in a sec,0
"Alright we'll bring it to you, see you in like  &lt;#&gt;  mins",alright we ll bring it to you see you in like lt gt mins,0
I liked your new house,i liked your new house,0
I'll text you when I drop x off,i ll text you when i drop x off,0
I was gonna ask you lol but i think its at 7,i was gonna ask you lol but i think its at [num],0
"Awesome, plan to get here any time after like  &lt;#&gt; , I'll text you details in a wee bit",awesome plan to get here any time after like lt gt i ll text you details in a wee bit,0
Have a nice day my dear.,have a nice day my dear,0
I fetch yun or u fetch?,i fetch yun or u fetch,0
Alright i have a new goal now,alright i have a new goal now,0
I dont want to hear philosophy. Just say what happen,i dont want to hear philosophy just say what happen,0
Realy sorry-i don't recognise this number and am now confused :) who r u please?! ,realy sorry i don t recognise this number and am now confused who r u please,0
Then ü ask dad to pick ü up lar... Ü wan 2 stay until 6 meh...,then ask dad to pick up lar wan [num] stay until [num] meh,0
"5 Free Top Polyphonic Tones call 087018728737, National Rate. Get a toppoly tune sent every week, just text SUBPOLY to 81618, £3 per pole. UnSub 08718727870.",[num] free top polyphonic tones call [num] national rate get a toppoly tune sent every week just text subpoly to [num] [num] per pole unsub [num],1
U meet other fren dun wan meet me ah... Muz b a guy rite...,u meet other fren dun wan meet me ah muz b a guy rite,0
"Well, i'm gonna finish my bath now. Have a good...fine night.",well i m gonna finish my bath now have a good fine night,0
"Hey babe, sorry i didn't get sooner. Gary can come and fix it cause he thinks he knows what it is but he doesn't go as far a Ptbo and he says it will cost  &lt;#&gt;  bucks. I don't know if it might be cheaper to find someone there ? We don't have any second hand machines at all right now, let me know what you want to do babe",hey babe sorry i didn t get sooner gary can come and fix it cause he thinks he knows what it is but he doesn t go as far a ptbo and he says it will cost lt gt bucks i don t know if it might be cheaper to find someone there we don t have any second hand machines at all right now let me know what you want to do babe,0
MY NEW YEARS EVE WAS OK. I WENT TO A PARTY WITH MY BOYFRIEND. WHO IS THIS SI THEN HEY,my new years eve was ok i went to a party with my boyfriend who is this si then hey,0
Exactly. Anyways how far. Is jide her to study or just visiting,exactly anyways how far is jide her to study or just visiting,0
Now i'm going for lunch.,now i m going for lunch,0
<Forwarded from 21870000>Hi - this is your Mailbox Messaging SMS alert. You have 4 messages. You have 21 matches. Please call back on 09056242159 to retrieve your messages and matches,forwarded from [num] hi this is your mailbox messaging sms alert you have [num] messages you have [num] matches please call back on [num] to retrieve your messages and matches,1
Guessin you ain't gonna be here before 9?,guessin you ain t gonna be here before [num],0
Sindu got job in birla soft ..,sindu got job in birla soft,0
Wow so healthy. Old airport rd lor. Cant thk of anything else. But i'll b bathing my dog later.,wow so healthy old airport rd lor cant thk of anything else but i ll b bathing my dog later,0
Think you sent the text to the home phone. That cant display texts. If you still want to send it his number is,think you sent the text to the home phone that cant display texts if you still want to send it his number is,0
"Cool, I'll text you in a few",cool i ll text you in a few,0
"Dont search love, let love find U. Thats why its called falling in love, bcoz U dont force yourself, U just fall and U know there is smeone to hold U... BSLVYL",dont search love let love find u thats why its called falling in love bcoz u dont force yourself u just fall and u know there is smeone to hold u bslvyl,0
"its cool but tyler had to take off so we're gonna buy for him and drop it off at his place later tonight. Our total order is a quarter, you got enough?",its cool but tyler had to take off so we re gonna buy for him and drop it off at his place later tonight our total order is a quarter you got enough,0
2 and half years i missed your friendship:-),[num] and half years i missed your friendship,0
"pdate_Now - Double mins and 1000 txts on Orange tariffs. Latest Motorola, SonyEricsson & Nokia & Bluetooth FREE! Call MobileUpd8 on 08000839402 or call2optout/!YHL",pdate now double mins and [num] txts on orange tariffs latest motorola sonyericsson nokia bluetooth free call mobileupd [num] on [num] or call [num] optout yhl,1
ok....take care.umma to you too...,ok take care umma to you too,0
Aiyar hard 2 type. U later free then tell me then i call n scold n tell u.,aiyar hard [num] type u later free then tell me then i call n scold n tell u,0
"This is the 2nd time we have tried 2 contact u. U have won the 750 Pound prize. 2 claim is easy, call 08718726970 NOW! Only 10p per min. BT-national-rate ",this is the [num] nd time we have tried [num] contact u u have won the [num] pound prize [num] claim is easy call [num] now only [num] p per min bt national rate,1
"Will do, you gonna be at blake's all night? I might be able to get out of here a little early",will do you gonna be at blake s all night i might be able to get out of here a little early,0
Da is good good player.why he is unsold.,da is good good player why he is unsold,0
Good Morning my Dear Shijutta........... Have a great &amp; successful day.,good morning my dear shijutta have a great amp successful day,0
I'll reach in ard 20 mins ok...,i ll reach in ard [num] mins ok,0
"England v Macedonia - dont miss the goals/team news. Txt ur national team to 87077 eg ENGLAND to 87077 Try:WALES, SCOTLAND 4txt/ú1.20 POBOXox36504W45WQ 16+",england v macedonia dont miss the goals team news txt ur national team to [num] eg england to [num] try wales scotland [num] txt [num] [num] poboxox [num] w [num] wq [num],1
I.ll post her out l8r. In class,i ll post her out l [num] r in class,0
Did u download the fring app?,did u download the fring app,0
I love to wine and dine my lady!,i love to wine and dine my lady,0
Oh. U must have taken your REAL Valentine out shopping first.,oh u must have taken your real valentine out shopping first,0
I didn't get the second half of that message,i didn t get the second half of that message,0
Sorry for the delay. Yes masters,sorry for the delay yes masters,0
Had your mobile 11 months or more? U R entitled to Update to the latest colour mobiles with camera for Free! Call The Mobile Update Co FREE on 08002986030,had your mobile [num] months or more u r entitled to update to the latest colour mobiles with camera for free call the mobile update co free on [num],1
It's ok lar. U sleep early too... Nite...,it s ok lar u sleep early too nite,0
"What part of ""don't initiate"" don't you understand",what part of don t initiate don t you understand,0
Aah bless! How's your arm?,aah bless how s your arm,0
Y?WHERE U AT DOGBREATH? ITS JUST SOUNDING LIKE JAN C THATS AL!!!!!!!!!,y where u at dogbreath its just sounding like jan c that s al,0
